germplasmName	CROP	CROSS/ENTRY	PLT_SOURCE	SELECTION_HISTORY	SN	Sample BC
X00194dbececa	Durum wheat	GRS011-0240	21140306	GRS011-0240 1T-2A-0A-2M-2M	2100980	GWP2100980
X0024b87123a1	Durum wheat	GRS011-0240	21140306	GRS011-0240 1T-2A-0A-2M-1M	2100979	GWP2100979
X008a9d3b37ef	Durum wheat	MMVT21-06	Repl-79	Boniduro	2101875	GWP2101875
X00a9ca1f2f7c	Bread wheat	GRSW170041	21120065	GRSW170041-M0-M0-M3-M1	2100307	GWP2100307
X01072efbdd55	Durum wheat	GRS011-0276	21260404	GRS011-0276-1M-1SEA	2101741	GWP2101741
X010f2f358855	Durum wheat	GRS011-0146	21140144	GRS011-0146 1T-2A-0A-2M-1M	2100742	GWP2100742
X013f192a236c	Durum wheat	GRS011-458	21260563	GRS011-458-2M-1SEA	2101825	GWP2101825
X015e837ea24a	Durum wheat	GRS011-0150	21140150	GRS011-0150 1T-2A-0A-2M-2M	2100759	GWP2100759
X01aa0602623d	Durum wheat	GRS011-0253	21140332	GRS011-0253-3M-1M	2101018	GWP2101018
X01bf0a1184c3	Durum wheat	GRS011-034	21140047	GRS011-034 1T-1A-0A-2M-3M	2100653	GWP2100653
X01e228c75b83	Durum wheat	GRS011-0272	21140545	GRS011-0272 1T-2A-0A-1M-2M	2101324	GWP2101324
X01eb66bdddbc	Durum wheat	GRS011-0240	21140307	GRS011-0240 1T-2A-0A-3M-2M	2100982	GWP2100982
X024a9e98bb20	Durum wheat	GRSW170019	21120052	GRSW170019-M0-M0-M3-M6	2100283	GWP2100283
X02bb00848d7d	Durum wheat	GRS011-0190	21140227	GRS011-0190 1T-3A-0A-4M-2M	2100860	GWP2100860
X02f738a6276a	Bread wheat	GRSW170054	Repl-20	GRS18-7001-9SB-M1-AN1	2100356	GWP2100356
X034f3505f552	Bread wheat	TCI19-7003	2111010	TCI19-7003-M1-M10	2100092	GWP2100092
X0362a8fca615	Durum wheat	GRS011-0258	21140365	GRS011-0258 1T-2A-0A-2M-1M	2101075	GWP2101075
X0396a3f1a71e	Durum wheat	GRS011-0253	21140330	GRS011-0253-1M-3M	2101014	GWP2101014
X03eaf7da3eb3	Durum wheat	GRSW170021	21120053	GRSW170021-M0-M0-M1-M2	2100287	GWP2100287
X044c6bc53cc4	Durum wheat	GRS011-0250	21140321	GRS011-0250 1T-1A-0A-1M-3M	2100989	GWP2100989
X0462428852fc	Bread wheat	TCI19-7006	2111019	TCI19-7006-M1-M6	2100145	GWP2100145
X04f94d5f7feb	Durum wheat	GRS011-0257	21140355	GRS011-0257 1T-2A-0A-1M-1M	2101058	GWP2101058
X050136f929a7	Durum wheat	GRS011-0253	21140330	GRS011-0253-1M-1M	2101012	GWP2101012
X05088993c1cd	Bread wheat	GRSW170056	21120097	GRSW170056-M0-M0-M2-M1	2100391	GWP2100391
X05240c34f71d	Bread wheat	-	2113031	1504023-M0-1603069-M3-18070104-M0-20130018-M1-M3	2100583	GWP2100583
X0525c7577185	Bread wheat	TCI19-7002	2111006	TCI19-7002-M3-M4	2100040	GWP2100040
X055dc56c6483	Durum wheat	GRS011-0216	21140519	GRS011-0216-1M-1M	2101280	GWP2101280
X0569aa5e1f32	Durum wheat	GRSW170019	21120051	GRSW170019-M0-M0-M2-M5	2100275	GWP2100275
X057184f4183a	Bread wheat	GRS18-7001	21120015	GRS18-7001-5SB-M3-M2	2100203	GWP2100203
X057b969771e2	Durum wheat	GRS011-0256	21140350	GRS011-0256-1M-1M	2101050	GWP2101050
X058212aef363	Durum wheat	GRS011-0209	21260274	GRS011-0209 1T-2A-0A-3M-2SEA	2101605	GWP2101605
X0584ac6b0fe5	Durum wheat	GRS011-0272	21140546	GRS011-0272 1T-1A-0A-1M-2M	2101326	GWP2101326
X05929a350b4b	Durum wheat	GRS011-0174	21140187	GRS011-0174 1T-1A-0A-1M-2M	2100780	GWP2100780
X05985f7210a2	Bread wheat	TCI19-7002	2111008	TCI19-7002-M1-M11	2100069	GWP2100069
X059985abe976	Bread wheat	GRSW170083	21120133	GRSW170083-M0-M0-M2-M6	2100511	GWP2100511
X05b83418cac0	Bread wheat	GRS18-7001	21120028	GRS18-7001-10SB-M1-M1	2100222	GWP2100222
X05d84a1620e1	Durum wheat	GRS011-0262	21140373	GRS011-0262 1T-1A-0A-1M-1M	2101089	GWP2101089
X05e64c40c6d9	Durum wheat	GRS011-0263	21140542	GRS011-0263 1T-2A-0A-2M-1M	2101312	GWP2101312
X06166cb0840b	Bread wheat	-	2113004	1504066-M0-1603047-M0-18070022-M0-20130002-M1-M1	2100536	GWP2100536
X06290c9f872d	Bread wheat	GRS011-0276	21140409	GRS011-0276 1T-1A-0A-2M-1M	2101153	GWP2101153
X062a02423ee8	Bread wheat	GRS011-0276	21140401	GRS011-0276 1T-3A-0A-2M-4M	2101142	GWP2101142
X066670b81616	Durum wheat	GRS011-085	21140492	GRS011-085-1M-1M	2101236	GWP2101236
X068af6492575	Bread wheat	GRS011-0277	21140416	GRS011-0277 1T-1A-0A-2M-4M	2101174	GWP2101174
X06b89c1ef4f5	Durum wheat	GRS011-0271	21140392	GRS011-0271-1M-2M	2101120	GWP2101120
X06f2f1f4faf1	Durum wheat	GRS011-0256	21140351	GRS011-0256-2M-3M	2101055	GWP2101055
X06fe5ab5fc26	Bread wheat	-	2113017	1504059-M0-1603094-M0-18070073-M0-20130012-M1-M4	2100555	GWP2100555
X07430e963512	Durum wheat	GRS011-0217	21140521	GRS011-0217 1T-3A-0A-1M-2M	2101285	GWP2101285
X07c289dde348	Bread wheat	GRSW170057	21120101	GRSW170057-M0-M0-M3-M6	2100414	GWP2100414
X07ce5d45e74c	Durum wheat	GRS011-462	21140564	GRS011-462 1T-1A-0A-1M-3M	2101393	GWP2101393
X07d9e43cf6ae	Durum wheat	GRS011-321	21140550	GRS011-321 1T-3A-0A-1M-4M	2101339	GWP2101339
X085ea3442954	Durum wheat	GRSW170019	21120052	GRSW170019-M0-M0-M3-M1	2100276	GWP2100276
X08af6e94bbda	Durum wheat	GRS011-462	21140564	GRS011-462 1T-1A-0A-1M-2M	2101392	GWP2101392
X08d48807ac26	Durum wheat	GRS011-462	21140568	GRS011-462-1M-1M	2101406	GWP2101406
X08dc14cbf2f2	Bread wheat	GRSW170050	21120078	GRSW170050-M0-M0-M2-M2	2100334	GWP2100334
X08ed7949006b	Durum wheat	GRS011-0194	21140238	GRS011-0194 1T-3A-0A-1M-3M	2100889	GWP2100889
X08f03d2927ea	Durum wheat	GRS011-078	21260065	GRS011-078-2M-1SEA	2101514	GWP2101514
X08fe52bca9cc	Durum wheat	GRS011-0191	21140230	GRS011-0191 1T-2A-0A-3M-5M	2100869	GWP2100869
X092ba7e8cb8e	Durum wheat	GRS011-024	21140030	GRS011-024-1M-2M	2100643	GWP2100643
X09496c53815e	Durum wheat	GRS011-0104	21260104	GRS011-0104 1T-2A-0A-2M-3SEA	2101521	GWP2101521
X09583d774da6	Durum wheat	GRS011-022	21140022	GRS011-022-2M-2M	2100639	GWP2100639
X095af5c4288a	Durum wheat	GRS011-0253	21260325	GRS011-0253 1T-1A-0A-2M-1SEA	2101634	GWP2101634
X095b05f58dac	Durum wheat	GRS011-458	21140562	GRS011-458-1M-2M	2101383	GWP2101383
X097f95e43c71	Bread wheat	TCI19-7002	2111007	TCI19-7002-M1-M6	2100053	GWP2100053
X09838bd4c9c2	Bread wheat	GRS18-7001	21120024	GRS18-7001-8SB-M3-M2	2100215	GWP2100215
X09a15a287680	Durum wheat	GRS011-0234	21140298	GRS011-0234 1T-2A-0A-2M-1M	2100968	GWP2100968
X09b5b9d7a016	Durum wheat	GRS011-0258	21260368	GRS011-0258 1T-1A-0A-2M-5SEA	2101694	GWP2101694
X09c9d44c1c0f	Durum wheat	GRSW170019	21120050	GRSW170019-M0-M0-M1-M4	2100266	GWP2100266
X09ec687bb4a8	Durum wheat	GRS011-0276	21260405	GRS011-0276-2M-4SEA	2101747	GWP2101747
X0a205d7b9c7b	Durum wheat	GRS011-0250	21140321	GRS011-0250 1T-1A-0A-1M-2M	2100988	GWP2100988
X0a21905cf9b9	Durum wheat	GRS011-0189	21140223	GRS011-0189 1T-2A-0A-3M-4M	2100939	GWP2100939
X0a3886858061	Durum wheat	GRS011-0253	21260328	GRS011-0253-2M-2SEA	2101641	GWP2101641
X0a402275e4de	Bread wheat	-	2113036	1504060-M0-1603041-M0-18070107-M0-20130020-M3-M3	2100599	GWP2100599
X0a815de4fc8d	Durum wheat	GRS011-032	21140159	GRS011-032 1T-2A-0A-1M-1M	2100770	GWP2100770
X0aace151bfe4	Durum wheat	GRS011-462	21140569	GRS011-462-2M-1M	2101411	GWP2101411
X0af20303b79d	Bread wheat	GRS011-0296	21140433	GRS011-0296 1T-3A-0A-1M-1M	2101185	GWP2101185
X0af66783b1f2	Bread wheat	GRSW170050	21120079	GRSW170050-M0-M0-M3-M2	2100336	GWP2100336
X0b01e2e828bc	Durum wheat	GRS011-470	21260447	GRS011-470 1T-4A-0A-2M-1SEA	2101780	GWP2101780
X0b4b5ed8821f	Durum wheat	GRS011-0189	21140500	GRS011-0189-2M-3M	2101253	GWP2101253
X0b4fb1eb07da	Durum wheat	GRS011-0195	21140241	GRS011-0195 1T-2A-0A-2M-2M	2100898	GWP2100898
X0b5b768763bf	Durum wheat	GRS011-438	21140597	GRS011-438 1T-1A-0A-2M-2M	2101442	GWP2101442
X0b63b657d006	Bread wheat	GRS18-7001	21120007	GRS18-7001-3SB-M1-M2	2100189	GWP2100189
X0b6ef330c97e	Durum wheat	GRS011-0185	21140212	GRS011-0185 1T-1A-0A-4M-2M	2100823	GWP2100823
X0b7f9fd0e93c	Bread wheat	GRSW170062	21120103	GRSW170062-M0-M0-M2-M3	2100425	GWP2100425
X0b8ff71fd883	Durum wheat	GRS011-0129	21140129	GRS011-0129-1M-1M	2100724	GWP2100724
X0bc7611845b8	Bread wheat	-	2113029	1504023-M0-1603069-M1-18070103-M0-20130017-M2-M2	2100577	GWP2100577
X0c5e4ba0495a	Bread wheat	TCI19-7001	2111002	TCI19-7001-M2-M11	2100011	GWP2100011
X0c5efaff10ef	Durum wheat	139558	-	-	2101474	GWP2101474
X0c60bdcbcb1b	Bread wheat	TCI19-7001	2111003	TCI19-7001-M1-M6	2100019	GWP2100019
X0ca758393ce5	Durum wheat	GRS011-0272	21140543	GRS011-0272 1T-1A-0A-1M-3M	2101319	GWP2101319
X0cda4676fcba	Durum wheat	GRS011-465	21260559	GRS011-465 1T-1A-0A-2M-4SEA	2101817	GWP2101817
X0cf247d24d54	Durum wheat	GRS011-0224	2115006	GRS011-0224 1T-2A-0A-1M-1M	2101454	GWP2101454
X0d029102d22d	Bread wheat	GRS18-7001	21120001	GRS18-7001-1SB-M1-M1	2100182	GWP2100182
X0d3b7e340389	Durum wheat	GRS011-0276	21260403	GRS011-0276 1T-1A-0A-2M-2SEA	2101738	GWP2101738
X0d56402e7827	Bread wheat	TCI19-7001	2111002	TCI19-7001-M2-M12	2100012	GWP2100012
X0d94666b1ab3	Durum wheat	GRS011-0276	21260407	GRS011-0276 1T-5A-0A-2M-4SEA	2101754	GWP2101754
X0db8e79ce758	Durum wheat	GRS011-331	21140457	GRS011-331 1T-2A-0A-1M-1M	2101207	GWP2101207
X0dbf924feeeb	Durum wheat	GRS011-462	21140564	GRS011-462 1T-1A-0A-1M-1M	2101391	GWP2101391
X0de96e3d1878	Durum wheat	GRS011-462	21140571	GRS011-462-2M-3M	2101417	GWP2101417
X0e1f76514ee3	Bread wheat	GRSW170047	Repl-15	GRS18-7001-4SB-M2-AN1	2100351	GWP2100351
X0e3f84ce47de	Bread wheat	-	Repl-52	1504060-M0-1603041-M0-18070107-M0-20130020-M2-AN1	2100447	GWP2100447
X0e7641dc1755	Bread wheat	GRS18-7001	21120015	GRS18-7001-5SB-M3-M1	2100202	GWP2100202
X0ee0ca714dfa	Durum wheat	GRS011-373	21140466	GRS011-373 1T-1A-0A-1M-2M	2101218	GWP2101218
X0ef0d33ff02a	Bread wheat	TCI19-7006	2111018	TCI19-7006-M3-M2	2100134	GWP2100134
X0f2967e4303a	Bread wheat	TCI19-7006	2111019	TCI19-7006-M1-M4	2100143	GWP2100143
X0f5c7e94d213	Bread wheat	GRS18-7001	21120030	GRS18-7001-10SB-M3-M2	2100229	GWP2100229
X0f8fb3f34ff0	Durum wheat	GRS011-0272	21140397	GRS011-0272 1T-2A-0A-2M-2M	2101131	GWP2101131
X0f96424105f8	Durum wheat	GRS011-0173	21140181	GRS011-0173 1T-4A-0A-1M-1M	2100772	GWP2100772
X0fc17f1417b4	Bread wheat	-	2113021	1504048-M0-1603086-M2-18070081-M0-20130013-M2-M2	2100562	GWP2100562
X0fc5a216a094	Durum wheat	GRS011-0191	21140231	GRS011-0191-1M-3M	2100873	GWP2100873
X0fd16b6e4d08	Bread wheat	GRS18-7001	Repl-3	GRS18-7001-3SB-M3-AN1	2100339	GWP2100339
X0fe77d83fd9b	Bread wheat	GRS18-7002	21120037	GRS18-7002-4SB-M2-M1	2100237	GWP2100237
X1049d1721c8c	Durum wheat	GRS011-0253	21140327	GRS011-0253-1M-2M	2101002	GWP2101002
X1053f1aff451	Bread wheat	-	2113004	1504066-M0-1603047-M0-18070022-M0-20130002-M1-M2	2100537	GWP2100537
X105b5a73f100	Bread wheat	TCI19-7002	2111004	TCI19-7002-M1-M4	2100023	GWP2100023
X107a501bfeaa	Bread wheat	GRSW170083	21120132	GRSW170083-M0-M0-M1-M2	2100501	GWP2100501
X10879ce963de	Durum wheat	GRS011-0262	21260378	GRS011-0262-1M-1SEA	2101704	GWP2101704
X10c2e92cb234	Durum wheat	GRS011-0146	21140143	GRS011-0146 1T-2A-0A-1M-5M	2100741	GWP2100741
X11695133ddf7	Durum wheat	GRS011-348	21140463	GRS011-348-2M-1M	2101212	GWP2101212
X119d1def5aee	Bread wheat	GRSW170057	21120099	GRSW170057-M0-M0-M1-M1	2100397	GWP2100397
X119fc9e721b5	Bread wheat	GRS011-0276	21140409	GRS011-0276 1T-1A-0A-2M-3M	2101155	GWP2101155
X11ec2cd34cbe	Bread wheat	GRS18-7005	21120045	GRS18-7005-7SB-M1-M2	2100250	GWP2100250
X11f221d2e2a6	Bread wheat	TCI19-7006	2111018	TCI19-7006-M3-M5	2100137	GWP2100137
X120ba22179ed	Bread wheat	GRSW170057	21120099	GRSW170057-M0-M0-M1-M2	2100398	GWP2100398
X12699304d304	Durum wheat	GRS011-0265	21260386	GRS011-0265 1T-1A-0A-1M-1SEA	2101713	GWP2101713
X1298a2f5ba86	Bread wheat	TCI19-7005	2111015	TCI19-7005-M2-M3	2100119	GWP2100119
X12a5eec41c48	Bread wheat	-	2113037	1504030-M0-1603073-M0-18070109-M0-20130021-M1-M1	2100601	GWP2100601
X12ad23542726	Durum wheat	GRS011-458	21140561	GRS011-458 1T-2A-0A-2M-4M	2101379	GWP2101379
X12b8a8ed7e1e	Bread wheat	-	2113016	1504050-M0-1603089-M2-18070072-M0-20130011-M2-M1	2100551	GWP2100551
X12eaffc02b29	Durum wheat	GRS011-0256	21140345	GRS011-0256 1T-4A-0A-2M-1M	2101044	GWP2101044
X12f722dd05ce	Bread wheat	GRS18-7001	21120028	GRS18-7001-10SB-M1-M2	2100223	GWP2100223
X12f8035a896a	Bread wheat	TCI19-7006	2111021	TCI19-7006-M2-M10	2100162	GWP2100162
X13218eb7bde1	Durum wheat	GRS011-0272	21140543	GRS011-0272 1T-1A-0A-1M-1M	2101409	GWP2101409
X13b9e2800366	Durum wheat	GRS011-472	21140579	GRS011-472 1T-1A-0A-1M-1M	2101428	GWP2101428
X13e35c8f9d49	Durum wheat	GRS011-0170	21260169	GRS011-0170 1T-1A-0A-1M-1SEA	2101542	GWP2101542
X141a212105fd	Durum wheat	GRS011-0196	21260243	GRS011-0196 1T-2A-0A-1M-1SEA	2101583	GWP2101583
X1447d5ed73c5	Bread wheat	GRSW170056	Repl-22	GRS18-7002-1SB-M1-AN1	2100358	GWP2100358
X144ba631954b	Durum wheat	GRS011-0265	21260387	GRS011-0265 1T-1A-0A-2M-2SEA	2101715	GWP2101715
X14881b28f841	Bread wheat	TCI19-7002	2111007	TCI19-7002-M1-M9	2100056	GWP2100056
X149ab78bb134	Bread wheat	GRSW170035	21120058	GRSW170035-M0-M0-M3-M1	2100289	GWP2100289
X14ab375111f3	Durum wheat	GRS011-0181	21260197	GRS011-0181-1M-1SEA	2101557	GWP2101557
X15089fb9ab07	Durum wheat	GRS011-458	21260560	GRS011-458 1T-2A-0A-1M-3SEA	2101820	GWP2101820
X15103c8055c3	Bread wheat	GRSW170040	21120060	GRSW170040-M0-M0-M1-M4	2100294	GWP2100294
X151571c73535	Durum wheat	GRS011-0252	21140526	GRS011-0252 1T-1A-0A-1M-2M	2101295	GWP2101295
X154477a67846	Durum wheat	GRS011-314	21140438	GRS011-314 1T-3A-0A-2M-1M	2101189	GWP2101189
X154b77ac03fb	Durum wheat	GRS011-0181	21260201	GRS011-0181-1M-1SEA	2101560	GWP2101560
X154d4b705b1b	Durum wheat	GRS011-089	21140093	GRS011-089-3M-1M	2100688	GWP2100688
X15556193e9db	Durum wheat	GRS011-0253	21140329	GRS011-0253 1T-1A-0A-1M-3M	2101011	GWP2101011
X1568b2058c7d	Bread wheat	GRS011-0301	21140434	GRS011-0301 1T-1A-0A-1M-2M	2101187	GWP2101187
X15772189c7a3	Durum wheat	GRS011-0220	21260286	GRS011-0220 1T-3A-0A-1M-1SEA	2101610	GWP2101610
X159915e6559c	Bread wheat	GRS011-0284	21140419	GRS011-0284 1T-2A-0A-1M-1M	2101177	GWP2101177
X15f84a23c6fb	Durum wheat	GRS011-462	21140569	GRS011-462-2M-1M	2101503	GWP2101503
X1638681ed544	Durum wheat	GRS011-0197	21260250	GRS011-0197-1M-1SEA	2101587	GWP2101587
X16508a469b8c	Bread wheat	TCI19-7004	2111013	TCI19-7004-M0-M3	2100115	GWP2100115
X16509c040dbc	Bread wheat	TCI19-7006	2111020	TCI19-7006-M1-M2	2100147	GWP2100147
X16c7fff30650	Durum wheat	GRS011-373	21140467	GRS011-373 1T-1A-0A-2M-1M	2101219	GWP2101219
X17245df4d2f1	Durum wheat	GRS011-462	21140565	GRS011-462 1T-1A-0A-2M-3M	2101397	GWP2101397
X1768a3033c2a	Durum wheat	GRS011-0240	21140305	GRS011-0240 1T-2A-0A-1M-1M	2100975	GWP2100975
X1775787cbeb3	Durum wheat	GRS011-022	21260019	GRS011-022 1T-1A-0A-1M-1SEA	2101502	GWP2101502
X1833a45d9ca3	Durum wheat	GRS011-0272	21140396	GRS011-0272 1T-2A-0A-1M-1M	2101126	GWP2101126
X184bf6c6373e	Durum wheat	GRSW170080	Repl-30	GRSW170080-M0-M0-M3-AN1	2100366	GWP2100366
X185fc8ab91fe	Bread wheat	TCI19-7003	2111011	TCI19-7003-M1-M12	2100109	GWP2100109
X1863e7065343	Durum wheat	GRS011-0256	21260348	GRS011-0256 1T-1A-0A-2M-1SEA	2101662	GWP2101662
X18a282623c2e	Durum wheat	GRS011-0196	21140243	GRS011-0196 1T-2A-0A-1M-1M	2100905	GWP2100905
X18cdf018933d	Durum wheat	GRS011-0277	21260416	GRS011-0277 1T-1A-0A-2M-1SEA	2101769	GWP2101769
X1901715b5954	Bread wheat	TCI19-7002	2111008	TCI19-7002-M1-M9	2100067	GWP2100067
X190f15e689da	Durum wheat	GRS011-441	21140602	GRS011-441-1M-1M	2101447	GWP2101447
X1980c0b8e7ce	Durum wheat	GRS011-0197	21140249	GRS011-0197-4M-1M	2100913	GWP2100913
X199ebc7fb072	Durum wheat	GRS011-0250	21140524	GRS011-0250-1M-2M	2101289	GWP2101289
X19b760f246dd	Durum wheat	GRS011-487	21140450	GRS011-487-2M-4M	2101205	GWP2101205
X19f8af56923d	Bread wheat	GRSW170057	21120099	GRSW170057-M0-M0-M1-M6	2100402	GWP2100402
X1a19b08e0ce0	Durum wheat	GRS011-0195	21140240	GRS011-0195 1T-2A-0A-1M-3M	2100896	GWP2100896
X1a1ea7ebda27	Durum wheat	GRS011-458	21140562	GRS011-458-1M-5M	2101386	GWP2101386
X1a2c2444b021	Bread wheat	TCI19-7006	2111018	TCI19-7006-M3-M4	2100136	GWP2100136
X1a86174e3d10	Bread wheat	TCI19-7002	2111006	TCI19-7002-M3-M9	2100045	GWP2100045
X1aa1daf23399	Bread wheat	GRS011-0286	21140421	GRS011-0286 1T-1A-0A-1M-1M	2101180	GWP2101180
X1aab33de716a	Durum wheat	GRS011-0272	21140544	GRS011-0272 1T-1A-0A-2M-2M	2101321	GWP2101321
X1add9fee6ffd	Bread wheat	GRS18-7001	21120029	GRS18-7001-10SB-M2-M4	2100227	GWP2100227
X1ae5004dc038	Durum wheat	GRS011-0194	21140239	GRS011-0194 1T-3A-0A-2M-3M	2100893	GWP2100893
X1b344dc12e46	Durum wheat	GRS011-0276	21260409	GRS011-0276 1T-1A-0A-2M-1SEA	2101761	GWP2101761
X1b3cb1448b13	Durum wheat	GRSW170076	21120120	GRSW170076-M0-M0-M1-M3	2100464	GWP2100464
X1b437ef11e5b	Durum wheat	GRS011-0191	21260229	GRS011-0191 1T-2A-0A-2M-1SEA	2101573	GWP2101573
X1b57970677d2	Durum wheat	GRS011-0125	21140127	GRS011-0125-1M-3M	2100722	GWP2100722
X1b6c2ff78312	Bread wheat	GRSW170040	21120062	GRSW170040-M0-M0-M3-M3	2100299	GWP2100299
X1ba1fa812e47	Durum wheat	GRS011-017	21260017	GRS011-017 1T-1A-0A-2M-1SEA	2101501	GWP2101501
X1bdb374c2059	Bread wheat	GRSW170056	Repl-23	GRS18-7002-1SB-M2-AN1	2100359	GWP2100359
X1bf38b37c8f4	Durum wheat	MMVT21-16	Repl-74	CDSS11Y00652T-099Y-017M-20Y-0M-06Y-0B	2100497	GWP2100497
X1c0c996ab4f9	Durum wheat	GRS011-0240	21260308	GRS011-0240-1M-1SEA	2101625	GWP2101625
X1c27e80291df	Bread wheat	TCI19-7001	2111002	TCI19-7001-M2-M1	2100093	GWP2100093
X1c3d094ac89e	Durum wheat	GRS011-016	21260010	GRS011-016 1T-3A-0A-1M-1SEA	2101497	GWP2101497
X1c632e2bce2d	Durum wheat	GRS011-0256	21260352	GRS011-0256-3M-4SEA	2101668	GWP2101668
X1c647c9b73fd	Durum wheat	GRS011-0106	21140110	GRS011-0106 1T-5A-0A-3M-2M	2100708	GWP2100708
X1d0b4f98b9f5	Durum wheat	GRS011-373	21260467	GRS011-373 1T-1A-0A-2M-2SEA	2101879	GWP2101879
X1d0eb973eae8	Durum wheat	GRS011-017	21140018	GRS011-017 1T-1A-0A-3M-1M	2100636	GWP2100636
X1d21adf3caba	Durum wheat	GRS011-0253	21140329	GRS011-0253 1T-1A-0A-1M-2M	2101010	GWP2101010
X1d58e14071fd	Durum wheat	GRS011-0262	21140376	GRS011-0262-1M-1M	2101097	GWP2101097
X1de2b3895910	Bread wheat	TCI19-7001	2111002	TCI19-7001-M2-M4	2100004	GWP2100004
X1df59b6c8ce0	Bread wheat	TCI19-7003	2111011	TCI19-7003-M1-M8	2100105	GWP2100105
X1e1529ef5bda	Durum wheat	GRS011-0277	2115016	GRS011-0277 1T-3A-0A-2M-1M	2101468	GWP2101468
X1e41d4f83eff	Durum wheat	GRS011-0179	21140193	GRS011-0179-4M-4M	2100796	GWP2100796
X1e48934e86f5	Bread wheat	TCI19-7003	2111012	TCI19-7003-M2-M2	2100111	GWP2100111
X1e54e3b19d8e	Durum wheat	GRS011-0185	21140211	GRS011-0185 1T-1A-0A-3M-5M	2100821	GWP2100821
X1e91a4c3062b	Bread wheat	GRSW170054	21120091	GRSW170054-M0-M0-M2-M2	2100370	GWP2100370
X1ea254057d09	Durum wheat	GRS011-023	21140025	GRS011-023 1T-4A-0A-2M-1M	2100640	GWP2100640
X1ebae1773ced	Durum wheat	GRS011-0195	21140240	GRS011-0195 1T-2A-0A-1M-1M	2100894	GWP2100894
X1ec92885db59	Durum wheat	GRS011-0189	21140223	GRS011-0189 1T-2A-0A-3M-4M	2100847	GWP2100847
X1f09b36c9149	Durum wheat	GRS011-0276	21260406	GRS011-0276 1T-5A-0A-1M-2SEA	2101749	GWP2101749
X1f260381ccd1	Durum wheat	GRS011-0253	21140335	GRS011-0253-1M-1M	2101026	GWP2101026
X1f3b87444fa3	Durum wheat	GRS011-0237	21140301	GRS011-0237 1T-3A-0A-1M-1M	2100970	GWP2100970
X1f7e48df8ac6	Bread wheat	TCI19-7004	2111013	TCI19-7004-M0-M2	2100114	GWP2100114
X1f9d59ccff8a	Durum wheat	GRS011-0184	21260194	GRS011-0184 1T-3A-0A-1M-1SEA	2101552	GWP2101552
X1fa5dc1405e2	Durum wheat	GRS011-0276	21260400	GRS011-0276 1T-3A-0A-1M-5SEA	2101726	GWP2101726
X1fcc708571cb	Durum wheat	GRS011-0207	21140518	GRS011-0207 1T-4A-0A-2M-2M	2101279	GWP2101279
X1fe5e02671f4	Bread wheat	GRS011-0277	21140416	GRS011-0277 1T-1A-0A-2M-5M	2101175	GWP2101175
X1fec15f554ee	Durum wheat	GRS011-0257	21140357	GRS011-0257-1M-1M	2101061	GWP2101061
X1ff2dbf0c7dc	Durum wheat	GRS011-0185	21140218	GRS011-0185 1T-2A-0A-3M-1M	2100828	GWP2100828
X204789e4f790	Durum wheat	GRS011-0197	21140255	GRS011-0197-3M-4M	2100925	GWP2100925
X211aa9e14db6	Durum wheat	GRSW170019	21120050	GRSW170019-M0-M0-M1-M2	2100264	GWP2100264
X2149318dfefa	Durum wheat	GRS011-0253	21260337	GRS011-0253-3M-1SEA	2101656	GWP2101656
X2178977b4a5a	Durum wheat	GRS011-0276	21260400	GRS011-0276 1T-3A-0A-1M-1SEA	2101722	GWP2101722
X217e3fe68830	Durum wheat	GRS011-438	21140597	GRS011-438 1T-1A-0A-2M-1M	2101441	GWP2101441
X219057cbff39	Durum wheat	GRS011-0276	21260403	GRS011-0276 1T-1A-0A-2M-1SEA	2101737	GWP2101737
X21b950bce22b	Bread wheat	GRS18-7001	21120029	GRS18-7001-10SB-M2-M2	2100225	GWP2100225
X21c6184af9d7	Durum wheat	GRS011-0229	2115011	GRS011-0229 1T-3A-0A-1M-1M	2101462	GWP2101462
X21d717a0b3c9	Durum wheat	GRS011-0272	21140396	GRS011-0272 1T-2A-0A-1M-2M	2101221	GWP2101221
X21f8240d6f39	Durum wheat	GRS011-0135	21140131	GRS011-0135 1T-1A-0A-1M-1M	2100726	GWP2100726
X22537618c608	Bread wheat	GRSW170083	21120132	GRSW170083-M0-M0-M1-M3	2100502	GWP2100502
X2259726879f1	Durum wheat	GRS011-0265	21140387	GRS011-0265 1T-1A-0A-2M-1M	2101115	GWP2101115
X225b04186479	Durum wheat	GRS011-0150	21140152	GRS011-0150 1T-1A-0A-1M-1M	2100764	GWP2100764
X22600ca48c70	Durum wheat	GRS011-0191	21140231	GRS011-0191-1M-2M	2100872	GWP2100872
X2265e482afc3	Bread wheat	TCI19-7003	2111009	TCI19-7003-M1-M9	2100080	GWP2100080
X2322cc80d293	Durum wheat	GRS011-099	21140099	GRS011-099 1T-2A-0A-1M-1M	2100693	GWP2100693
X235169eab58e	Durum wheat	GRS011-0191	21140230	GRS011-0191 1T-2A-0A-3M-6M	2100870	GWP2100870
X235b83f14188	Durum wheat	GRS011-0184	21140206	GRS011-0184 1T-1A-0A-3M-1M	2100811	GWP2100811
X236095cfa196	Durum wheat	GRS11-498	21140156	GRS011-498 1T-1A-0A-1M-1M	2100765	GWP2100765
X23aa56908f91	Bread wheat	-	2113031	1504023-M0-1603069-M3-18070104-M0-20130018-M1-M6	2100586	GWP2100586
X23d48a9c0bd0	Durum wheat	GRS011-429	21140483	GRS011-429 1T-2A-0A-1M-2M	2101230	GWP2101230
X23ead91d336e	Bread wheat	-	2113020	1504048-M0-1603086-M1-18070081-M0-20130013-M1-M1	2100557	GWP2100557
X2418b5a3379c	Durum wheat	GRS011-0257	21140363	GRS011-0257-2M-1M	2101071	GWP2101071
X243284daa9ce	Durum wheat	GRS011-465	21260559	GRS011-465 1T-1A-0A-2M-1SEA	2101814	GWP2101814
X243c796e1d4c	Durum wheat	84871	-	-	2101480	GWP2101480
X244f24041dd0	Durum wheat	GRSW170019	21120052	GRSW170019-M0-M0-M3-M8	2100285	GWP2100285
X24886dfcb4e5	Durum wheat	GRS011-0149	21140147	GRS011-0149 1T-1A-0A-3M-3M	2100754	GWP2100754
X24a9f9b07c53	Bread wheat	GRSW170083	Repl-33	GRSW170083-M0-M0-M3-AN1	2100378	GWP2100378
X24f581320a53	Bread wheat	GRS18-7005	21120044	GRS18-7005-4SB-M1-M6	2100248	GWP2100248
X24fc8fc03478	Bread wheat	-	2113030	1504023-M0-1603069-M2-18070103-M0-20130017-M3-M1	2100580	GWP2100580
X25025226684d	Durum wheat	GRS011-0276	21260403	GRS011-0276 1T-1A-0A-2M-4SEA	2101740	GWP2101740
X250b65d5c5dd	Durum wheat	GRS011-020	2115001	GRS011-020 1T-1A-0A-1M-2M	2101450	GWP2101450
X250cfe219f21	Durum wheat	GRS011-0255	21260343	GRS011-0255-3M-5SEA	2101661	GWP2101661
X253df77c06d2	Durum wheat	GRS011-0262	21140374	GRS011-0262 1T-1A-0A-2M-3M	2101092	GWP2101092
X25562c8f4314	Durum wheat	GRS011-0196	21140506	GRS011-0196 1T-1A-0A-1M-2M	2101260	GWP2101260
X255f9a5f8482	Bread wheat	-	2113023	1504048-M0-1603087-M2-18070082-M0-20130014-M2-M1	2100569	GWP2100569
X25c9f82e1931	Durum wheat	GRS011-022	21260022	GRS011-022-2M-2SEA	2101506	GWP2101506
X26296dcc079c	Bread wheat	GRS18-7001	21120008	GRS18-7001-3SB-M2-M2	2100194	GWP2100194
X2631ceadf042	Durum wheat	GRS011-0256	21140348	GRS011-0256 1T-1A-0A-2M-1M	2101046	GWP2101046
X2632aac6cabf	Durum wheat	GRS011-470	21260447	GRS011-470 1T-4A-0A-2M-2SEA	2101781	GWP2101781
X26408ba9d180	Durum wheat	GRS011-0173	21140183	GRS011-0173 1T-4A-0A-3M-2M	2100775	GWP2100775
X2659e46bbcef	Durum wheat	GRS011-0245	21140312	GRS011-0245-1M-2M	2100984	GWP2100984
X265bc30952eb	Bread wheat	GRS18-7001	21120027	GRS18-7001-9SB-M3-M3	2100221	GWP2100221
X2664e6046755	Bread wheat	TCI19-7007	2111022	TCI19-7007-M0-M1	2100168	GWP2100168
X2683869830dd	Durum wheat	GRS011-0188	21140497	GRS011-0188-1M-1M	2101243	GWP2101243
X26de52b20f93	Bread wheat	TCI19-7003	2111010	TCI19-7003-M1-M4	2100086	GWP2100086
X26defd41ebd9	Durum wheat	GRS011-458	21140561	GRS011-458 1T-2A-0A-2M-2M	2101377	GWP2101377
X26f6a7922fce	Durum wheat	GRS011-0196	21140504	GRS011-0196 1T-2A-0A-1M-1M	2101256	GWP2101256
X27598fc69470	Durum wheat	GRS011-0262	21140375	GRS011-0262 1T-1A-0A-1M-2M	2101094	GWP2101094
X2786ee8932c1	Bread wheat	TCI19-7002	2111004	TCI19-7002-M1-M7	2100026	GWP2100026
X2788d2a86f55	Durum wheat	GRS011-0250	21140321	GRS011-0250 1T-1A-0A-1M-5M	2100991	GWP2100991
X27c335feb7e6	Durum wheat	GRS011-458	21140563	GRS011-458-2M-2M	2101388	GWP2101388
X27c9b8660245	Bread wheat	GRS18-7001	21120023	GRS18-7001-8SB-M2-M4	2100213	GWP2100213
X27dca00b3c22	Durum wheat	GRS011-099	21140101	GRS011-099 1T-2A-0A-3M-1M	2100696	GWP2100696
X280a3eb6a017	Durum wheat	GRSW170019	21120050	GRSW170019-M0-M0-M1-M8	2100270	GWP2100270
X287e4d2b1913	Durum wheat	GRS011-0257	21140358	GRS011-0257-2M-1M	2101062	GWP2101062
X2893b394d454	Durum wheat	GRSW170019	21120051	GRSW170019-M0-M0-M2-M4	2100274	GWP2100274
X289eeff0cf4e	Durum wheat	GRS011-462	21260565	GRS011-462 1T-1A-0A-2M-1SEA	2101828	GWP2101828
X28b640fc7597	Durum wheat	GRS011-0258	21260365	GRS011-0258 1T-2A-0A-2M-4SEA	2101684	GWP2101684
X28cd368031a9	Bread wheat	TCI19-7005	2111015	TCI19-7005-M2-M4	2100120	GWP2100120
X29028c22be12	Durum wheat	GRS011-0188	21140497	GRS011-0188-1M-2M	2101244	GWP2101244
X291dd0be8766	Durum wheat	GRS011-462	21140566	GRS011-462-1M-2M	2101400	GWP2101400
X293e36d61b45	Durum wheat	GRS011-0276	21260401	GRS011-0276 1T-3A-0A-2M-5SEA	2101731	GWP2101731
X295e7ee829c2	Bread wheat	GRSW170056	21120098	GRSW170056-M0-M0-M3-M1	2100394	GWP2100394
X29614f1481a6	Durum wheat	GRS011-0220	21260286	GRS011-0220 1T-3A-0A-1M-2SEA	2101611	GWP2101611
X297fcd01c1b3	Bread wheat	GRSW170084	21120136	GRSW170084-M0-M0-M2-M1	2100522	GWP2100522
X29a5576e4473	Durum wheat	GRS011-0218	21140282	GRS011-0218 1T-1A-0A-2M-1M	2100954	GWP2100954
X29bb34cadd70	Durum wheat	GRS011-0276	21260401	GRS011-0276 1T-3A-0A-2M-4SEA	2101730	GWP2101730
X29f43d032ef2	Bread wheat	GRS011-0242	21140442	GRS011-0242 1T-1A-0A-1M-1M	2101193	GWP2101193
X29f8cf616dd4	Durum wheat	GRS011-0181	21140201	GRS011-0181-1M-2M	2100804	GWP2100804
X2a7821a73b01	Durum wheat	Louiza	-	-	2101034	GWP2101034
X2a820ca6e059	Bread wheat	GRS18-7004	21120042	GRS18-7004-5SB-M1-M1	2100241	GWP2100241
X2aae2e9f867a	Durum wheat	-	2115009	0-1M-1M	2101460	GWP2101460
X2add23cec748	Durum wheat	GRS011-0257	21140535	GRS011-0257 1T-1A-0A-1M-1M	2101304	GWP2101304
X2b283d960280	Durum wheat	GRSW170080	21120127	GRSW170080-M0-M0-M2-M2	2100485	GWP2100485
X2bd22de972fc	Durum wheat	GRS011-0104	21260107	GRS011-0104-3M-1SEA	2101522	GWP2101522
X2be13848094b	Durum wheat	GRS011-0200	21260263	GRS011-0200 1T-3A-0A-4M-4SEA	2101594	GWP2101594
X2be2cba476ab	Bread wheat	TCI19-7002	2111004	TCI19-7002-M1-M10	2100029	GWP2100029
X2c091f56da35	Bread wheat	GRSW170062	21120103	GRSW170062-M0-M0-M2-M5	2100427	GWP2100427
X2c454ef6f5e6	Durum wheat	GRS011-0191	21260231	GRS011-0191-1M-2SEA	2101577	GWP2101577
X2c623c4c0c17	Durum wheat	GRS011-473	21140584	GRS011-473 1T-3A-0A-2M-2M	2101435	GWP2101435
X2c9129c2cfc3	Durum wheat	GRS011-0185	21140216	GRS011-0185 1T-2A-0A-1M-1M	2100825	GWP2100825
X2cd277084503	Durum wheat	GRS011-0258	21140368	GRS011-0258 1T-1A-0A-2M-2M	2101081	GWP2101081
X2cddb27f33b4	Durum wheat	GRS011-322	21140552	GRS011-322 1T-4A-0A-1M-1M	2101343	GWP2101343
X2d54e787d799	Durum wheat	GRS011-473	21140584	GRS011-473 1T-3A-0A-2M-1M	2101434	GWP2101434
X2d6ee24637eb	Durum wheat	GRS011-462	21260565	GRS011-462 1T-1A-0A-2M-2SEA	2101829	GWP2101829
X2d6fb7340479	Bread wheat	GRS011-0286	21140421	GRS011-0286 1T-1A-0A-1M-2M	2101181	GWP2101181
X2d71768a6541	Bread wheat	TCI19-7002	2111008	TCI19-7002-M1-M13	2100071	GWP2100071
X2da1ac4ee0be	Bread wheat	GRS18-7001	Repl-5	GRS18-7001-6SB-M2-AN1	2100341	GWP2100341
X2da70fe0ced4	Durum wheat	GRS011-0196	21140505	GRS011-0196 1T-2A-0A-2M-1M	2101257	GWP2101257
X2dacf919a63b	Triticum turgidum subsp. carthlicum	45135	-	-	2101854	GWP2101854
X2db169913251	Bread wheat	-	Repl-57	GRS011-057 1T-2A-0A-1M-AN1	2100452	GWP2100452
X2dc923f0c418	Durum wheat	GRS011-0253	21140334	GRS011-0253-2M-3M	2101025	GWP2101025
X2de4fe2e7dad	Bread wheat	TCI19-7006	2111019	TCI19-7006-M1-M3	2100142	GWP2100142
X2debdb772a01	Durum wheat	GRS011-0258	21140364	GRS011-0258 1T-2A-0A-1M-2M	2101073	GWP2101073
X2e53dbf400c2	Durum wheat	GRS011-0258	21140366	GRS011-0258 1T-2A-0A-3M-1M	2101076	GWP2101076
X2e82db0c8c63	Durum wheat	GRS011-0112	21260115	GRS011-0112 1T-3A-0A-2M-2SEA	2101527	GWP2101527
X2ed31827b1d7	Durum wheat	GRS011-0104	21140104	GRS011-0104 1T-2A-0A-2M-1M	2100702	GWP2100702
X2ee5ed5cdd49	Durum wheat	GRS011-0202	21140512	GRS011-0202 1T-3A-0A-1M-2M	2101268	GWP2101268
X2f317d462af4	Bread wheat	GRS18-7001	21120027	GRS18-7001-9SB-M3-M1	2100219	GWP2100219
X2f3791f0241d	Bread wheat	TCI19-7002	2111006	TCI19-7002-M3-M7	2100043	GWP2100043
X2f486bfe5d42	Durum wheat	GRS011-0189	21140498	GRS011-0189-1M-3M	2101247	GWP2101247
X2f4f7f13781b	Bread wheat	GRSW170062	Repl-28	GRS18-7003-2SB-M1-AN1	2100364	GWP2100364
X2fd36ef9cb3a	Bread wheat	GRSW170054	21120090	GRSW170054-M0-M0-M1-M1	2100367	GWP2100367
X302a0fc6a38b	Bread wheat	-	2113028	1504023-M0-1603069-M6-18070103-M0-20130017-M1-M2	2100575	GWP2100575
X306b5aee12fd	Durum wheat	GRS011-0262	21260377	GRS011-0262-2M-3SEA	2101703	GWP2101703
X30b9f5f3a277	Bread wheat	GRS011-0263	21140381	GRS011-0263 1T-1A-0A-2M-1M	2101107	GWP2101107
X30ce322e897d	Durum wheat	GRS011-0253	21140334	GRS011-0253-2M-1M	2101023	GWP2101023
X30dcf6d0055d	Durum wheat	GRS011-0146	21140143	GRS011-0146 1T-2A-0A-1M-2M	2100738	GWP2100738
X30fc57fc8058	Bread wheat	-	2113007	1504066-M0-1603047-M1-18070024-M0-20130004-M1-M3	2100540	GWP2100540
X31175e421273	Durum wheat	GRS011-0191	21140233	GRS011-0191-3M-2M	2100878	GWP2100878
X315daf766490	Durum wheat	Karim	-	-	2101486	GWP2101486
X31b467083833	Bread wheat	-	2113017	1504059-M0-1603094-M0-18070073-M0-20130012-M1-M3	2100554	GWP2100554
X31cced4b5136	Durum wheat	GRS011-0179	21140192	GRS011-0179-3M-2M	2100791	GWP2100791
X31d6fc0eea7d	Bread wheat	GRS011-0277	21140414	GRS011-0277-2M-2M	2101163	GWP2101163
X31d86b993f51	Durum wheat	GRS011-0249	21140319	GRS011-0249 1T-1A-0A-1M-2M	2100986	GWP2100986
X31e9635a7d0e	Bread wheat	TCI19-7006	2111020	TCI19-7006-M1-M5	2100150	GWP2100150
X320f81665bc8	Durum wheat	GRS011-0215	21140277	GRS011-0215 1T-1A-0A-1M-1M	2100947	GWP2100947
X3226a0b24365	Durum wheat	GRS011-0193	21140237	GRS011-0193-3M-1M	2100885	GWP2100885
X3234614fc1aa	Bread wheat	TCI19-7006	2111021	TCI19-7006-M2-M15	2100167	GWP2100167
X327021d9f006	Bread wheat	GRS18-7002	21120036	GRS18-7002-4SB-M1-M4	2100236	GWP2100236
X3293189dcbc7	Durum wheat	GRS011-016	21140015	GRS011-016-3M-5M	2100633	GWP2100633
X32f65ffd78e5	Durum wheat	GRS011-0262	21260378	GRS011-0262-1M-2SEA	2101705	GWP2101705
X330249f0c23a	Durum wheat	GRS011-0258	21260368	GRS011-0258 1T-1A-0A-2M-1SEA	2101688	GWP2101688
X333433f29bbc	Durum wheat	GRS011-0276	21260404	GRS011-0276-1M-3SEA	2101743	GWP2101743
X33352c25cfaf	Durum wheat	GRS011-062	21140051	GRS011-062 1T-2A-0A-1M-3M	2100664	GWP2100664
X3335fcf850fd	Durum wheat	GRS011-439	21140600	GRS011-439 1T-1A-0A-2M-3M	2101445	GWP2101445
X333b92766b4d	Durum wheat	GRS011-0215	21140277	GRS011-0215 1T-1A-0A-1M-2M	2100948	GWP2100948
X336ae4327536	Durum wheat	GRSW170019	21120050	GRSW170019-M0-M0-M1-M6	2100268	GWP2100268
X339287eb1967	Durum wheat	GRS011-0260	21140371	GRS011-0260 1T-1A-0A-1M-1M	2101085	GWP2101085
X3394d4adae14	Durum wheat	GRS011-0138	21140140	GRS011-0138 1T-2A-0A-3M-4M	2100734	GWP2100734
X3428b3fcc0dd	Durum wheat	GRS011-0131	21140494	GRS011-0131-1M-3M	2101240	GWP2101240
X34b7c001cc0e	Durum wheat	GRS011-462	21260568	GRS011-462-1M-2SEA	2101836	GWP2101836
X34c38c35a0f9	Bread wheat	GRSW170083	21120133	GRSW170083-M0-M0-M2-M3	2100508	GWP2100508
X34d4b37f2b90	Bread wheat	GRSW170057	Repl-25	GRS18-7002-3SB-M2-AN1	2100361	GWP2100361
X3552a17202d2	Durum wheat	GRS011-315	21260549	GRS011-315 1T-2A-0A-1M-1SEA	2101810	GWP2101810
X3554302d109d	Durum wheat	GRS011-0262	21140375	GRS011-0262 1T-1A-0A-1M-4M	2101096	GWP2101096
X35555243f952	Bread wheat	-	2113017	1504059-M0-1603094-M0-18070073-M0-20130012-M1-M2	2100553	GWP2100553
X3575bdd51a8b	Durum wheat	GRS011-0202	21140265	GRS011-0202-2M-2M	2100934	GWP2100934
X35ac844f4f44	Durum wheat	GRS011-0189	21140222	GRS011-0189 1T-2A-0A-2M-6M	2100841	GWP2100841
X360e010b234f	Durum wheat	GRS011-0191	21140232	GRS011-0191-2M-2M	2100876	GWP2100876
X361527a23d76	Bread wheat	-	Repl-42	1504027-M0-1603016-M0-18070043-M0-20130008-M3-AN1	2100437	GWP2100437
X36214eca5768	Durum wheat	GRS011-314	21260438	GRS011-314 1T-3A-0A-2M-1SEA	2101776	GWP2101776
X363d39afe58b	Durum wheat	GRS011-0189	21140500	GRS011-0189-2M-1M	2101251	GWP2101251
X364cfc86a08e	Bread wheat	-	2113033	1504023-M0-1603069-M5-18070104-M0-20130018-M3-M2	2100590	GWP2100590
X3655ad70ee20	Bread wheat	GRSW170062	21120103	GRSW170062-M0-M0-M2-M4	2100426	GWP2100426
X36ab9e195994	Durum wheat	GRS011-462	21140573	GRS011-462-1M-1M	2101418	GWP2101418
X36c7a5993e7c	Durum wheat	GRS011-062	21140053	GRS011-062 1T-2A-0A-3M-1M	2100668	GWP2100668
X36f4ad2f6cda	Bread wheat	GRSW170041	21120065	GRSW170041-M0-M0-M3-M6	2100312	GWP2100312
X3721f09b7995	Durum wheat	GRS011-0206	21140516	GRS011-0206-1M-2M	2101275	GWP2101275
X373116c81fa7	Bread wheat	-	Repl-45	1504048-M0-1603087-M1-18070082-M0-20130014-M1-AN1	2100440	GWP2100440
X377e848dbddd	Durum wheat	GRS011-0253	21260330	GRS011-0253-1M-2SEA	2101647	GWP2101647
X378e46b028c2	Durum wheat	GRS011-472	21140577	GRS011-472 1T-3A-0A-1M-2M	2101426	GWP2101426
X37c4fcd3c2c4	Durum wheat	140411	-	-	2101477	GWP2101477
X37d35d695ca3	Durum wheat	GRS011-0262	21140536	GRS011-0262 1T-3A-0A-1M-2M	2101306	GWP2101306
X37dbab30741c	Durum wheat	GRS011-470	21140447	GRS011-470 1T-4A-0A-2M-2M	2101201	GWP2101201
X3831e0cc2e60	Durum wheat	GRS011-331	21140458	GRS011-331 1T-2A-0A-2M-3M	2101210	GWP2101210
X38922b7b51ba	Durum wheat	GRS011-016	21140010	GRS011-016 1T-3A-0A-1M-1M	2100613	GWP2100613
X38be0791293a	Triticum aestivum subsp. compactum	44991	-	-	2101856	GWP2101856
X3904875ccf9a	Durum wheat	GRS011-472	21140580	GRS011-472 1T-1A-0A-2M-3M	2101431	GWP2101431
X390d8bf95312	Bread wheat	TCI19-7005	2111015	TCI19-7005-M2-M15	2100131	GWP2100131
X3920f885fe92	Durum wheat	GRS011-321	21140551	GRS011-321 1T-3A-0A-1M-1M	2101340	GWP2101340
X3934eb9387d4	Durum wheat	GRS011-099	21140100	GRS011-099 1T-2A-0A-2M-1M	2100695	GWP2100695
X3934ff893cf4	Durum wheat	GRS011-0262	21140377	GRS011-0262-2M-1M	2101101	GWP2101101
X3947439d7be2	Bread wheat	TCI19-7003	2111012	TCI19-7003-M2-M1	2100110	GWP2100110
X3952b3958fb9	Durum wheat	GRS011-0189	21140499	GRS011-0189-1M-1M	2101248	GWP2101248
X396acf80a537	Durum wheat	GRS011-0255	21140341	GRS011-0255-1M-2M	2101038	GWP2101038
X397c6cfa4593	Bread wheat	GRSW170084	21120135	GRSW170084-M0-M0-M1-M2	2100520	GWP2100520
X3982e355ce70	Bread wheat	GRS18-7001	21120024	GRS18-7001-8SB-M3-M1	2100214	GWP2100214
X39a526712f33	Bread wheat	-	2113035	1504060-M0-1603041-M0-18070107-M0-20130020-M2-M3	2100594	GWP2100594
X39c2c8a52654	Durum wheat	GRS011-078	21140063	GRS011-078-3M-1M	2100673	GWP2100673
X39c5e8cce304	Bread wheat	TCI19-7006	2111020	TCI19-7006-M1-M7	2100152	GWP2100152
X39deafafb155	Bread wheat	TCI19-7002	2111006	TCI19-7002-M3-M10	2100046	GWP2100046
X39f28812dcd5	Bread wheat	GRSW170040	21240006	GRSW170040-M0-M0-M2-SEA1	2101872	GWP2101872
X3a0fd0a0108c	Durum wheat	GRSW170019	21120052	GRSW170019-M0-M0-M3-M7	2100284	GWP2100284
X3a1ae28dfb48	Bread wheat	TCI19-7001	2111003	TCI19-7001-M1-M2	2100015	GWP2100015
X3a1fd5960e89	Durum wheat	GRS011-395	21140475	GRS011-395 1T-2A-0A-1M-1M	2101315	GWP2101315
X3a2685e177fa	Bread wheat	GRSW170062	21120102	GRSW170062-M0-M0-M1-M1	2100417	GWP2100417
X3a40ba99dabe	Durum wheat	GRS011-310	21140548	GRS011-310 1T-1A-0A-2M-3M	2101333	GWP2101333
X3a771bc1b16d	Durum wheat	GRS011-022	21140022	GRS011-022-2M-1M	2100638	GWP2100638
X3a7a1e923673	Durum wheat	Louiza	-	-	2101222	GWP2101222
X3a7c0ee8443d	Bread wheat	TCI19-7005	2111015	TCI19-7005-M2-M1	2100117	GWP2100117
X3aa2590fb152	Durum wheat	GRSW170070	21120107	GRSW170070-M0-M0-M1-M1	2100430	GWP2100430
X3aae8dcb098c	Durum wheat	GRS011-0258	21260367	GRS011-0258 1T-1A-0A-1M-1SEA	2101686	GWP2101686
X3b1290f6b792	Durum wheat	GRS011-0250	21140323	GRS011-0250-2M-3M	2100994	GWP2100994
X3b2374707fe4	Durum wheat	GRS011-0197	21140256	GRS011-0197 1T-4A-0A-1M-1M	2100926	GWP2100926
X3b39b3e37f56	Durum wheat	GRS011-0104	21260103	GRS011-0104 1T-2A-0A-1M-1SEA	2101516	GWP2101516
X3b6c5ab5bf68	Durum wheat	GRS011-0262	21260375	GRS011-0262 1T-1A-0A-1M-1SEA	2101700	GWP2101700
X3b871fb29d67	Durum wheat	GRS011-0200	21260263	GRS011-0200 1T-3A-0A-4M-2SEA	2101592	GWP2101592
X3b8b28092fac	Durum wheat	GRS011-0257	21140356	GRS011-0257 1T-2A-0A-2M-1M	2101059	GWP2101059
X3bca9100e888	Durum wheat	GRS011-0199	21140510	GRS011-0199 1T-1A-0A-1M-2M	2101266	GWP2101266
X3bd7e1858bef	Durum wheat	GRS011-0273	21140399	GRS011-0273 1T-3A-0A-2M-1M	2101134	GWP2101134
X3c175b99ad6a	Bread wheat	GRSW170062	21120104	GRSW170062-M0-M0-M3-M2	2100429	GWP2100429
X3c733bb52a8d	Durum wheat	GRS011-462	21260566	GRS011-462-1M-2SEA	2101832	GWP2101832
X3c9aee8f29c5	Durum wheat	GRSW170076	21120120	GRSW170076-M0-M0-M1-M4	2100465	GWP2100465
X3cb96d6e9c00	Durum wheat	GRS011-0265	21140387	GRS011-0265 1T-1A-0A-2M-3M	2101117	GWP2101117
X3cc01fb2cee0	Durum wheat	GRS011-095	21140094	GRS011-095 1T-2A-0A-1M-1M	2100690	GWP2100690
X3cddae0d1de1	Bread wheat	TCI19-7001	2111002	TCI19-7001-M2-M6	2100006	GWP2100006
X3d04a7b0c0bd	Durum wheat	GRS011-028	21140039	GRS011-028 1T-1A-0A-1M-2M	2100646	GWP2100646
X3d35fc4fd779	Durum wheat	GRS011-465	21140555	GRS011-465-1M-3M	2101355	GWP2101355
X3d6291b49613	Bread wheat	TCI19-7006	2111021	TCI19-7006-M2-M9	2100161	GWP2100161
X3d68df344284	Durum wheat	GRS011-424	21140482	GRS011-424 1T-1A-0A-2M-2M	2101228	GWP2101228
X3da2b4f1e9fe	Bread wheat	TCI19-7005	2111015	TCI19-7005-M2-M6	2100122	GWP2100122
X3dca802087a9	Durum wheat	GRS011-0202	21140266	GRS011-0202-1M-1M	2100935	GWP2100935
X3ddc8ebe5776	Durum wheat	GRS011-0197	21140250	GRS011-0197-1M-1M	2100915	GWP2100915
X3de719e22147	Durum wheat	GRS011-0271	21260392	GRS011-0271-1M-1SEA	2101746	GWP2101746
X3e10c706c555	Bread wheat	GRSW170062	21120102	GRSW170062-M0-M0-M1-M3	2100419	GWP2100419
X3e125fd3b5cc	Bread wheat	GRSW170050	21120078	GRSW170050-M0-M0-M2-M1	2100333	GWP2100333
X3e33f22e86e8	Durum wheat	GRS011-0104	21260104	GRS011-0104 1T-2A-0A-2M-1SEA	2101519	GWP2101519
X3e5aed5bf966	Bread wheat	GRS18-7002	21120036	GRS18-7002-4SB-M1-M3	2100235	GWP2100235
X3ea707ca7138	Durum wheat	GRS011-0190	21140227	GRS011-0190 1T-3A-0A-4M-1M	2100859	GWP2100859
X3f1ddc57301b	Bread wheat	GRS011-0227	21140292	GRS011-0227 1T-1A-0A-2M-1M	2100961	GWP2100961
X3f600add42c1	Durum wheat	GRS011-0184	21140204	GRS011-0184 1T-1A-0A-1M-1M	2100807	GWP2100807
X3f699a434f11	Durum wheat	GRS011-0179	21140190	GRS011-0179-1M-1M	2100784	GWP2100784
X3f69f831b268	Durum wheat	GRS011-032	21260159	GRS011-032 1T-2A-0A-1M-1SEA	2101541	GWP2101541
X3fd38eaaa6c7	Durum wheat	GRS011-037	21140048	GRS011-037-1M-4M	2100661	GWP2100661
X3fdd1d3d49a7	Durum wheat	GRS011-0229	21260294	GRS011-0229 1T-1A-0A-1M-1SEA	2101613	GWP2101613
X3feca68cfe6b	Durum wheat	GRS011-0185	21140211	GRS011-0185 1T-1A-0A-3M-1M	2100817	GWP2100817
X3ff5c4982288	Durum wheat	GRS011-0262	21140376	GRS011-0262-1M-4M	2101100	GWP2101100
X3ff76c5a7a8b	Durum wheat	GRS011-0185	21140210	GRS011-0185 1T-1A-0A-2M-3M	2100816	GWP2100816
X40018e8740d4	Durum wheat	GRS011-0258	21260368	GRS011-0258 1T-1A-0A-2M-3SEA	2101690	GWP2101690
X4002fca108a1	Bread wheat	GRSW170057	21240034	GRSW170057-M0-M0-M1-SEA1	2101876	GWP2101876
X401b58cee2fd	Bread wheat	TCI19-7003	2111010	TCI19-7003-M1-M3	2100085	GWP2100085
X4039d1464e9f	Durum wheat	GRS011-016	21140015	GRS011-016-3M-4M	2100632	GWP2100632
X405f4f72a8c3	Bread wheat	GRS011-0276	21140401	GRS011-0276 1T-3A-0A-2M-1M	2101139	GWP2101139
X4070bf6fc5d1	Bread wheat	GRSW170084	21240070	GRSW170084-M0-M0-M3-1SEA	2101664	GWP2101664
X40879ca5a774	Bread wheat	TCI19-7003	2111010	TCI19-7003-M1-M7	2100089	GWP2100089
X409b98abbb0f	Durum wheat	GRS011-0181	21140201	GRS011-0181-1M-1M	2100803	GWP2100803
X40ab9a7ae4db	Durum wheat	GRS011-0263	21140542	GRS011-0263 1T-2A-0A-2M-3M	2101314	GWP2101314
X40b0f47fbe27	Bread wheat	GRSW170062	Repl-27	GRS18-7002-4SB-M2-AN1	2100363	GWP2100363
X40bdf91b29d4	Bread wheat	GRSW170047	21120070	GRSW170047-M0-M0-M1-M3	2100322	GWP2100322
X40f5da92717c	Bread wheat	TCI19-7005	2111015	TCI19-7005-M2-M8	2100124	GWP2100124
X40f888adad11	Bread wheat	TCI19-7001	2111003	TCI19-7001-M1-M1	2100014	GWP2100014
X40fb73c35ae8	Durum wheat	GRS011-0190	21140224	GRS011-0190 1T-3A-0A-1M-3M	2100851	GWP2100851
X4110813b17a7	Bread wheat	GRSW170083	21120133	GRSW170083-M0-M0-M2-M4	2100509	GWP2100509
X4136d714bade	Durum wheat	GRS011-433	21140484	GRS011-433-1M-2M	2101232	GWP2101232
X416e25151a0e	Durum wheat	GRS011-0193	21140234	GRS011-0193 1T-1A-0A-1M-2M	2100881	GWP2100881
X41ba76b4ef91	Durum wheat	GRS011-465	21140559	GRS011-465 1T-1A-0A-2M-3M	2101372	GWP2101372
X41c733c3ce98	Durum wheat	GRS011-0262	21140376	GRS011-0262-1M-3M	2101099	GWP2101099
X41d212d96ed4	Bread wheat	TCI19-7002	2111004	TCI19-7002-M1-M6	2100025	GWP2100025
X41e74e7326fa	Durum wheat	GRS011-470	21140446	GRS011-470 1T-4A-0A-1M-2M	2101196	GWP2101196
X41ee88d07744	Durum wheat	GRS011-0135	21260132	GRS011-0135-1M-1SEA	2101532	GWP2101532
X420edb692001	Durum wheat	GRSW170080	21120127	GRSW170080-M0-M0-M2-M3	2100486	GWP2100486
X422ab970780f	Durum wheat	GRS011-0181	21260196	GRS011-0181 1T-2A-0A-1M-2SEA	2101554	GWP2101554
X422d9c6457cf	Durum wheat	GRS011-0219	21140284	GRS011-0219-1M-2M	2100958	GWP2100958
X424248e22081	Durum wheat	GRS011-0257	21140361	GRS011-0257 1T-2A-0A-2M-2M	2101067	GWP2101067
X425d1dd14895	Bread wheat	GRSW170057	21120101	GRSW170057-M0-M0-M3-M2	2100410	GWP2100410
X4273f8fd17e3	Durum wheat	GRS011-317	21140439	GRS011-317 1T-3A-0A-1M-2M	2101191	GWP2101191
X42da281143d4	Durum wheat	GRS011-0189	21260221	GRS011-0189 1T-2A-0A-1M-1SEA	2101569	GWP2101569
X42dbb161faab	Durum wheat	GRS011-0240	21260305	GRS011-0240 1T-2A-0A-1M-2SEA	2101619	GWP2101619
X4305f0856ba8	Bread wheat	GRS18-7005	21120047	GRS18-7005-8SB-M1-M1	2100255	GWP2100255
X43271679a022	Bread wheat	GRS18-7001	21120025	GRS18-7001-9SB-M1-M2	2100217	GWP2100217
X433945ec0c8d	Durum wheat	91293	-	-	2101471	GWP2101471
X434899ff4aad	Durum wheat	GRS011-462	21140569	GRS011-462-2M-2M	2101412	GWP2101412
X435aa6399598	Bread wheat	GRS18-7005	21120046	GRS18-7005-7SB-M2-M2	2100253	GWP2100253
X4397836b8e9d	Bread wheat	GRS18-7001	21120019	GRS18-7001-7SB-M1-M1	2100207	GWP2100207
X43ac787344e2	Durum wheat	GRS011-0253	21140328	GRS011-0253-2M-1M	2101007	GWP2101007
X43b0f5b9679f	Durum wheat	GRS011-0272	21140543	GRS011-0272 1T-1A-0A-1M-2M	2101318	GWP2101318
X43b6b3996bf2	Durum wheat	GRS011-0245	21260312	GRS011-0245-1M-2SEA	2101629	GWP2101629
X43b9d49d2849	Durum wheat	GRS011-0276	21260401	GRS011-0276 1T-3A-0A-2M-7SEA	2101733	GWP2101733
X43ca10f6b3ce	Durum wheat	GRS011-375	21260593	GRS011-375 1T-1A-0A-2M-1SEA	2101853	GWP2101853
X43ef7b6e88ff	Bread wheat	TCI19-7006	2111019	TCI19-7006-M1-M5	2100144	GWP2100144
X4402e220bd0c	Durum wheat	GRS011-0191	21140230	GRS011-0191 1T-2A-0A-3M-1M	2100865	GWP2100865
X44207b05e437	Durum wheat	GRS011-0262	21260377	GRS011-0262-2M-1SEA	2101701	GWP2101701
X445de34094cd	Durum wheat	GRS011-0258	21140364	GRS011-0258 1T-2A-0A-1M-3M	2101074	GWP2101074
X448f9761ca43	Durum wheat	GRS011-0234	21260299	GRS011-0234 1T-2A-0A-3M-2SEA	2101616	GWP2101616
X44a0f2584331	Bread wheat	GRSW170057	21120101	GRSW170057-M0-M0-M3-M4	2100412	GWP2100412
X44a457616d66	Durum wheat	GRS011-0262	21140378	GRS011-0262-1M-1M	2101103	GWP2101103
X44ae5d766f34	Durum wheat	GRS011-0194	21260238	GRS011-0194 1T-3A-0A-1M-1SEA	2101579	GWP2101579
X44b664023052	Durum wheat	GRS011-0191	21260228	GRS011-0191 1T-2A-0A-1M-1SEA	2101572	GWP2101572
X44c219fa3be7	Durum wheat	GRS011-0240	21140305	GRS011-0240 1T-2A-0A-1M-4M	2100978	GWP2100978
X44d8002eac37	Bread wheat	GRS011-0229	21140295	GRS011-0229 1T-1A-0A-2M-3M	2100966	GWP2100966
X44f23b4963a5	Bread wheat	TCI19-7006	2111016	TCI19-7006-M1-M1	2100132	GWP2100132
X45088104d82d	Durum wheat	GRS011-0261	2115012	GRS011-0261 1T-3A-0A-1M-1M	2101464	GWP2101464
X45266d3e7ca5	Durum wheat	GRS011-0258	21260364	GRS011-0258 1T-2A-0A-1M-1SEA	2101677	GWP2101677
X456a475d781f	Durum wheat	GRS011-0189	21260499	GRS011-0189-1M-1SEA	2101793	GWP2101793
X457a3f4e4380	Bread wheat	-	2113033	1504023-M0-1603069-M5-18070104-M0-20130018-M3-M1	2100589	GWP2100589
X457c747fb250	Durum wheat	GRS011-472	21260580	GRS011-472 1T-1A-0A-2M-1SEA	2101849	GWP2101849
X459ae20f0a89	Durum wheat	GRS011-472	21140577	GRS011-472 1T-3A-0A-1M-1M	2101425	GWP2101425
X45a10a8dde25	Durum wheat	GRS011-0179	21260192	GRS011-0179-3M-1SEA	2101550	GWP2101550
X45d451c48916	Durum wheat	GRS011-016	21260014	GRS011-016-2M-1SEA	2101500	GWP2101500
X45deb95d9bac	Durum wheat	GRS011-462	21140573	GRS011-462-1M-2M	2101419	GWP2101419
X463e24d9c923	Bread wheat	-	2113021	1504048-M0-1603086-M2-18070081-M0-20130013-M2-M3	2100565	GWP2100565
X464e0f32a759	Durum wheat	GRS011-0179	21140192	GRS011-0179-3M-3M	2100792	GWP2100792
X4659a4c590ae	Bread wheat	TCI19-7001	2111002	TCI19-7001-M2-M8	2100008	GWP2100008
X46835e79f778	Durum wheat	GRS011-016	21140011	GRS011-016 1T-3A-0A-2M-3M	2100622	GWP2100622
X46af4702e63e	Durum wheat	GRS011-0189	21140499	GRS011-0189-1M-2M	2101249	GWP2101249
X46d88884637f	Durum wheat	GRS011-0257	21260356	GRS011-0257 1T-2A-0A-2M-2SEA	2101672	GWP2101672
X4711aaa2fc34	Durum wheat	GRS011-0112	21260114	GRS011-0112 1T-3A-0A-1M-3SEA	2101525	GWP2101525
X4743b5e3db38	Bread wheat	GRSW170041	Repl-13	GRS18-7001-3SB-M3-AN1	2100349	GWP2100349
X4747704010fa	Durum wheat	GRS011-0218	21140281	GRS011-0218 1T-1A-0A-1M-1M	2100951	GWP2100951
X476e4d40f8c5	Durum wheat	GRS011-458	21140563	GRS011-458-2M-1M	2101387	GWP2101387
X47aaeec983e7	Durum wheat	GRS011-0252	21140526	GRS011-0252 1T-1A-0A-1M-1M	2101294	GWP2101294
X47e0f5448542	Durum wheat	GRS011-099	21140101	GRS011-099 1T-2A-0A-3M-3M	2100698	GWP2100698
X47e6b6899f87	Bread wheat	GRSW170056	21120096	GRSW170056-M0-M0-M1-M6	2100390	GWP2100390
X47ef2c1ca839	Bread wheat	GRSW170056	21120096	GRSW170056-M0-M0-M1-M4	2100388	GWP2100388
X47f34a766626	Durum wheat	GRS011-0197	21140507	GRS011-0197 1T-3A-0A-1M-1M	2101261	GWP2101261
X4802e8d99e39	Durum wheat	GRS011-0173	21260182	GRS011-0173 1T-4A-0A-2M-2SEA	2101545	GWP2101545
X4846483f74b3	Bread wheat	-	2113009	1504027-M0-1603016-M0-18070042-M0-20130007-M2-M1	2100545	GWP2100545
X488c77308c89	Durum wheat	GRS011-0173	21260182	GRS011-0173 1T-4A-0A-2M-1SEA	2101544	GWP2101544
X4899d1da7873	Durum wheat	MMVT21-24	Repl-61	ICDTR(f2)14-0148-0ST-010TR-0ST-1TR-0ST-1TR-0STR-0AREC	2100456	GWP2100456
X489ad866470a	Bread wheat	GRSW170054	21120092	GRSW170054-M0-M0-M3-M1	2100371	GWP2100371
X48d3e5438d48	Bread wheat	GRSW170040	21120062	GRSW170040-M0-M0-M3-M2	2100298	GWP2100298
X490ea905818a	Durum wheat	GRS011-322	21140552	GRS011-322 1T-4A-0A-1M-2M	2101344	GWP2101344
X4912247556b4	Bread wheat	GRS18-7001	Repl-4	GRS18-7001-4SB-M3-AN1	2100340	GWP2100340
X493824c5bfee	Durum wheat	GRS011-0264	21260384	GRS011-0264 1T-4A-0A-1M-1SEA	2101709	GWP2101709
X494157b48aeb	Durum wheat	GRS011-0210	21140275	GRS011-0210 1T-2A-0A-1M-1M	2100946	GWP2100946
X49582520507c	Bread wheat	TCI19-7003	2111009	TCI19-7003-M1-M4	2100075	GWP2100075
X495c6f57bc52	Durum wheat	GRS011-0253	21140333	GRS011-0253-1M-1M	2101020	GWP2101020
X497bc05fad26	Bread wheat	TCI19-7002	2111007	TCI19-7002-M1-M10	2100057	GWP2100057
X49c108a6570c	Bread wheat	-	2113007	1504066-M0-1603047-M1-18070024-M0-20130004-M1-M1	2100538	GWP2100538
X49c6cca9c25e	Durum wheat	GRS011-0253	21260325	GRS011-0253 1T-1A-0A-2M-6SEA	2101639	GWP2101639
X49c730389aaf	Durum wheat	GRS011-0112	21140115	GRS011-0112 1T-3A-0A-2M-3M	2100716	GWP2100716
X49d1bff7f721	Durum wheat	MMVT21-07	Repl-78	Lumina	2101650	GWP2101650
X49f48b3c139f	Durum wheat	GRS11-498	21140158	GRS011-498 1T-1A-0A-3M-2M	2100769	GWP2100769
X4a21a389e22c	Durum wheat	GRS011-0276	21260400	GRS011-0276 1T-3A-0A-1M-2SEA	2101723	GWP2101723
X4a6723eee973	Durum wheat	GRS011-0184	21260205	GRS011-0184 1T-1A-0A-2M-1SEA	2101568	GWP2101568
X4a88b9ba3f36	Durum wheat	GRS011-089	21140093	GRS011-089-3M-2M	2100689	GWP2100689
X4a8e37216891	Durum wheat	GRS011-0273	21140398	GRS011-0273 1T-3A-0A-1M-2M	2101133	GWP2101133
X4b3558c3cfd9	Durum wheat	GRS011-0249	21260319	GRS011-0249 1T-1A-0A-1M-2SEA	2101632	GWP2101632
X4b59c1f3df4b	Durum wheat	GRS011-0202	21140513	GRS011-0202 1T-3A-0A-2M-1M	2101272	GWP2101272
X4b76921ab640	Durum wheat	GRS011-0197	21140254	GRS011-0197-2M-2M	2100921	GWP2100921
X4b801bfee590	Bread wheat	-	2113035	1504060-M0-1603041-M0-18070107-M0-20130020-M2-M4	2100595	GWP2100595
X4bb31b83ccab	Durum wheat	GRS011-0190	21140224	GRS011-0190 1T-3A-0A-1M-1M	2100849	GWP2100849
X4bb89abd6305	Durum wheat	GRSW170019	21120052	GRSW170019-M0-M0-M3-M4	2100279	GWP2100279
X4bb95a796f99	Durum wheat	Louiza	-	-	2100658	GWP2100658
X4bef0e0758f6	Durum wheat	GRS011-465	21260559	GRS011-465 1T-1A-0A-2M-3SEA	2101816	GWP2101816
X4c1196c77bc5	Durum wheat	GRS011-0253	21260335	GRS011-0253-1M-2SEA	2101654	GWP2101654
X4c5de2c79cb6	Durum wheat	GRS011-0181	21140199	GRS011-0181-3M-1M	2100801	GWP2100801
X4cdd61ef0054	Durum wheat	GRS011-0276	21260409	GRS011-0276 1T-1A-0A-2M-5SEA	2101765	GWP2101765
X4ced93e3129a	Durum wheat	GRS011-062	21260053	GRS011-062 1T-2A-0A-3M-1SEA	2101508	GWP2101508
X4d0d7828b53e	Durum wheat	GRS011-0179	21260190	GRS011-0179-1M-3SEA	2101549	GWP2101549
X4d4e51900c0f	Durum wheat	GRS011-462	21140571	GRS011-462-2M-2M	2101416	GWP2101416
X4d51a215224f	Bread wheat	GRS011-0277	21140413	GRS011-0277-1M-2M	2101158	GWP2101158
X4d793f306446	Bread wheat	-	Repl-46	1504048-M0-1603087-M2-18070082-M0-20130014-M2-AN1	2100441	GWP2100441
X4da92c5718c0	Bread wheat	TCI19-7005	2111015	TCI19-7005-M2-M12	2100128	GWP2100128
X4e07fa9769e5	Durum wheat	GRS011-0258	21260364	GRS011-0258 1T-2A-0A-1M-4SEA	2101680	GWP2101680
X4e0a36704771	Durum wheat	GRS011-0250	21140323	GRS011-0250-2M-1M	2100992	GWP2100992
X4e35d2339706	Durum wheat	GRS011-0202	21140270	GRS011-0202-2M-2M	2100941	GWP2100941
X4e3ff6f88522	Durum wheat	GRS011-0255	21140342	GRS011-0255-2M-1M	2101040	GWP2101040
X4e4b3d9da565	Bread wheat	GRS18-7004	21120042	GRS18-7004-5SB-M1-M2	2100242	GWP2100242
X4e50f1f20148	Durum wheat	GRS011-0240	21260306	GRS011-0240 1T-2A-0A-2M-1SEA	2101621	GWP2101621
X4e8ae6fdc8a3	Durum wheat	GRS011-0256	21140347	GRS011-0256 1T-1A-0A-1M-1M	2101045	GWP2101045
X4e8bacf72780	Durum wheat	GRS011-0272	21260397	GRS011-0272 1T-2A-0A-2M-2SEA	2101721	GWP2101721
X4e9c7d72d5d9	Bread wheat	-	2113019	1504059-M0-1603094-M0-18070073-M0-20130012-M3-M1	2100556	GWP2100556
X4ee5d3d1cdc9	Bread wheat	TCI19-7003	2111010	TCI19-7003-M1-M9	2100091	GWP2100091
X4f1bb5d46a35	Durum wheat	GRS011-465	21140554	GRS011-465 1T-3A-0A-1M-4M	2101350	GWP2101350
X4f1e59d53195	Durum wheat	GRS011-0240	21140305	GRS011-0240 1T-2A-0A-1M-3M	2100977	GWP2100977
X4f46c9cc6095	Durum wheat	GRS011-0262	21140374	GRS011-0262 1T-1A-0A-2M-2M	2101091	GWP2101091
X4f48ed9a885b	Durum wheat	GRS011-0112	21260114	GRS011-0112 1T-3A-0A-1M-1SEA	2101523	GWP2101523
X4faa2474f43c	Bread wheat	GRS18-7001	21120004	GRS18-7001-2SB-M1-M1	2100185	GWP2100185
X4fdfaa961f93	Durum wheat	GRS011-0181	21260203	GRS011-0181-3M-1SEA	2101564	GWP2101564
X50730c33ae1b	Bread wheat	TCI19-7003	2111011	TCI19-7003-M1-M3	2100100	GWP2100100
X5090aff19572	Durum wheat	GRS011-0272	21140396	GRS011-0272 1T-2A-0A-1M-2M	2101129	GWP2101129
X50a2bfeaf0a3	Durum wheat	GRS011-0216	21140519	GRS011-0216-1M-2M	2101281	GWP2101281
X50ab4ec887af	Durum wheat	GRS011-351	21260589	GRS011-351 1T-2A-0A-1M-1SEA	2101851	GWP2101851
X50b6a88dbdc7	Durum wheat	GRS011-0197	21140254	GRS011-0197-2M-1M	2100920	GWP2100920
X50bd9d6e7a29	Durum wheat	GRS011-0195	21140242	GRS011-0195 1T-2A-0A-3M-1M	2100902	GWP2100902
X50c036a60f50	Durum wheat	GRS011-017	21140016	GRS011-017 1T-1A-0A-1M-2M	2100635	GWP2100635
X510f33d194a8	Durum wheat	GRS011-310	21140547	GRS011-310 1T-1A-0A-1M-3M	2101329	GWP2101329
X5127dd204060	Bread wheat	GRS18-7001	21120018	GRS18-7001-6SB-M3-M2	2100206	GWP2100206
X5137494a532c	Bread wheat	GRS18-7002	21120035	GRS18-7002-3SB-M3-M2	2100232	GWP2100232
X5193c66efdb1	Durum wheat	GRS011-0179	21140192	GRS011-0179-3M-1M	2100790	GWP2100790
X51d02f7c765f	Durum wheat	GRS011-0271	21260392	GRS011-0271-1M-SEA1	2101867	GWP2101867
X51dd3a612b6f	Durum wheat	GRS011-0263	21140383	GRS011-0263 1T-1A-0A-2M-1M	2101109	GWP2101109
X51ffd18dd164	Durum wheat	GRS011-348	21260462	GRS011-348-1M-SEA1	2101869	GWP2101869
X52465344a35c	Durum wheat	GRS011-310	21140547	GRS011-310 1T-1A-0A-1M-1M	2101327	GWP2101327
X5252d80870dc	Bread wheat	TCI19-7005	2111015	TCI19-7005-M2-M5	2100121	GWP2100121
X5253a42da450	Durum wheat	GRS011-0189	21140223	GRS011-0189 1T-2A-0A-3M-2M	2100843	GWP2100843
X52a803cbe59b	Bread wheat	-	2113036	1504060-M0-1603041-M0-18070107-M0-20130020-M3-M4	2100600	GWP2100600
X52ce673bcfa9	Durum wheat	GRS011-0149	21140147	GRS011-0149 1T-1A-0A-3M-2M	2100753	GWP2100753
X52e8547eb977	Durum wheat	GRS011-458	21260560	GRS011-458 1T-2A-0A-1M-4SEA	2101821	GWP2101821
X530a72ffe3b6	Durum wheat	GRS011-0262	21140375	GRS011-0262 1T-1A-0A-1M-3M	2101095	GWP2101095
X531fe60b353d	Bread wheat	-	2113029	1504023-M0-1603069-M1-18070103-M0-20130017-M2-M4	2100579	GWP2100579
X5365b8cb0e1a	Durum wheat	GRS011-095	21140095	GRS011-095 1T-2A-0A-2M-1M	2100691	GWP2100691
X536c971de0ef	Durum wheat	GRS011-0197	21140251	GRS011-0197-2M-1M	2100917	GWP2100917
X53932f0499b0	Durum wheat	GRS011-0263	21260382	GRS011-0263 1T-1A-0A-1M-1SEA	2101708	GWP2101708
X539572de9d53	Durum wheat	GRS011-0262	21260374	GRS011-0262 1T-1A-0A-2M-1SEA	2101697	GWP2101697
X5395b865b7eb	Bread wheat	-	2113036	1504060-M0-1603041-M0-18070107-M0-20130020-M3-M2	2100598	GWP2100598
X5402c409c661	Bread wheat	TCI19-7003	2111009	TCI19-7003-M1-M2	2100073	GWP2100073
X5435635ec33d	Durum wheat	Louiza	-	-	2101598	GWP2101598
X5472a832a996	Bread wheat	GRSW170084	21120136	GRSW170084-M0-M0-M2-M2	2100523	GWP2100523
X5483d9377644	Durum wheat	GRS011-0276	21260403	GRS011-0276 1T-1A-0A-2M-3SEA	2101739	GWP2101739
X548d177518b3	Bread wheat	GRSW170041	21120065	GRSW170041-M0-M0-M3-M2	2100308	GWP2100308
X54b348dc4c82	Bread wheat	GRSW170041	21120063	GRSW170041-M0-M0-M1-M3	2100304	GWP2100304
X54d2df8b08f9	Durum wheat	GRS011-0200	21140263	GRS011-0200 1T-3A-0A-4M-1M	2100932	GWP2100932
X54ede5ef4aea	Durum wheat	GRS011-0189	21140223	GRS011-0189 1T-2A-0A-3M-5M	2100848	GWP2100848
X5515b1f19b53	Bread wheat	TCI19-7002	2111006	TCI19-7002-M3-M3	2100039	GWP2100039
X55243d4b192b	Durum wheat	GRS011-0174	21140186	GRS011-0174 1T-2A-0A-3M-2M	2100778	GWP2100778
X55898f5c3480	Bread wheat	GRS18-7004	21120040	GRS18-7004-3SB-M1-M2	2100240	GWP2100240
X55a50fdafcc9	Durum wheat	GRS011-0262	21140536	GRS011-0262 1T-3A-0A-1M-1M	2101305	GWP2101305
X55e0dbfb2f10	Bread wheat	-	Repl-60	GRS011-0229 1T-3A-0A-1M-AN1	2100455	GWP2100455
X55f9997c7a60	Bread wheat	GRSW170062	21120103	GRSW170062-M0-M0-M2-M2	2100424	GWP2100424
X5603ba4bdc4a	Bread wheat	GRSW170041	21120065	GRSW170041-M0-M0-M3-M3	2100309	GWP2100309
X561a494b9a1b	Durum wheat	GRS011-0200	21140260	GRS011-0200 1T-3A-0A-1M-1M	2100928	GWP2100928
X5658cc4d25a6	Durum wheat	GRS011-099	21140099	GRS011-099 1T-2A-0A-1M-2M	2100694	GWP2100694
X568026f2eef4	Durum wheat	GRS011-0181	21140197	GRS011-0181-1M-2M	2100799	GWP2100799
X56c3981fed74	Durum wheat	GRS011-0262	21140379	GRS011-0262-2M-1M	2101104	GWP2101104
X56d919f4de61	Durum wheat	GRS011-0272	21140544	GRS011-0272 1T-1A-0A-2M-3M	2101322	GWP2101322
X571e629b28ad	Durum wheat	GRS011-0250	21140323	GRS011-0250-2M-2M	2100993	GWP2100993
X57dfffa06a68	Durum wheat	GRS011-0172	21260177	GRS011-0172-2M-1SEA	2101543	GWP2101543
X5856f54f4864	Bread wheat	GRSW170047	21240011	GRSW170047-M0-M0-M1-SEA1	2101874	GWP2101874
X5860fa2edb6f	Bread wheat	GRSW170041	21120065	GRSW170041-M0-M0-M3-M5	2100311	GWP2100311
X58664bbd4884	Durum wheat	GRS011-0191	21140233	GRS011-0191-3M-1M	2100877	GWP2100877
X587e1f78b75f	Durum wheat	GRS011-0200	21260262	GRS011-0200 1T-3A-0A-3M-1SEA	2101590	GWP2101590
X58878c34294f	Durum wheat	GRS011-0202	21140513	GRS011-0202 1T-3A-0A-2M-2M	2101273	GWP2101273
X5894ae82cc78	Durum wheat	GRS011-465	21260558	GRS011-465 1T-1A-0A-1M-1SEA	2101813	GWP2101813
X58f4b981938b	Bread wheat	GRSW170033	21120054	GRSW170033-M0-M0-M2-M1	2100288	GWP2100288
X58f7f6e469b5	Durum wheat	Louiza	-	-	2100188	GWP2100188
X5986bbb289f5	Durum wheat	GRS011-0262	21260536	GRS011-0262 1T-3A-0A-1M-1SEA	2101805	GWP2101805
X59a02a756719	Durum wheat	GRS011-0173	21140183	GRS011-0173 1T-4A-0A-3M-1M	2100774	GWP2100774
X59c231124e9b	Durum wheat	GRS011-0276	21260409	GRS011-0276 1T-1A-0A-2M-3SEA	2101763	GWP2101763
X59ef4d0c8e98	Bread wheat	TCI19-7007	2111022	TCI19-7007-M0-M7	2100174	GWP2100174
X5a098ecfa85a	Bread wheat	TCI19-7002	2111006	TCI19-7002-M3-M5	2100041	GWP2100041
X5a0a0dbe43a4	Durum wheat	GRS011-0276	21260405	GRS011-0276-2M-1SEA	2101744	GWP2101744
X5aad74d2c00a	Bread wheat	GRS011-0277	21140416	GRS011-0277 1T-1A-0A-2M-6M	2101176	GWP2101176
X5b0501c3754e	Durum wheat	GRS011-310	21260548	GRS011-310 1T-1A-0A-2M-1SEA	2101808	GWP2101808
X5b3575f52e94	Bread wheat	-	2113015	1504050-M0-1603089-M1-18070072-M0-20130011-M1-M1	2100550	GWP2100550
X5b3679338ab8	Bread wheat	GRSW170041	21120063	GRSW170041-M0-M0-M1-M2	2100303	GWP2100303
X5b5d7b1d1cde	Bread wheat	GRSW170047	21120070	GRSW170047-M0-M0-M1-M5	2100324	GWP2100324
X5b714cc40436	Durum wheat	GRSW170080	21120127	GRSW170080-M0-M0-M2-M4	2100487	GWP2100487
X5b9580c897b5	Durum wheat	Louiza	-	-	2100940	GWP2100940
X5b9efb1077eb	Durum wheat	GRS011-0189	21260222	GRS011-0189 1T-2A-0A-2M-2SEA	2101571	GWP2101571
X5c16977ad0a0	Durum wheat	GRS011-0150	21260151	GRS011-0150-1M-1SEA	2101539	GWP2101539
X5c1b0f187800	Bread wheat	GRSW170056	21120096	GRSW170056-M0-M0-M1-M2	2100386	GWP2100386
X5c249d8ee396	Durum wheat	GRS011-0245	21140312	GRS011-0245-1M-1M	2100983	GWP2100983
X5c483af56993	Durum wheat	GRS011-0262	21140377	GRS011-0262-2M-2M	2101102	GWP2101102
X5c5dcdef661d	Durum wheat	GRS011-0146	21140143	GRS011-0146 1T-2A-0A-1M-4M	2100740	GWP2100740
X5c79c2e8b8a4	Durum wheat	GRSW170019	21240002	GRSW170019-M0-M0-M2-SEA1	2101870	GWP2101870
X5c8f4dc42da2	Durum wheat	GRS011-023	21140025	GRS011-023 1T-4A-0A-2M-2M	2100641	GWP2100641
X5c95e6c39a55	Durum wheat	GRS011-465	21140554	GRS011-465 1T-3A-0A-1M-2M	2101348	GWP2101348
X5cd150315b90	Bread wheat	GRSW170056	21120097	GRSW170056-M0-M0-M2-M2	2100392	GWP2100392
X5ce29f7345f6	Bread wheat	-	2113028	1504023-M0-1603069-M6-18070103-M0-20130017-M1-M1	2100574	GWP2100574
X5cffd1a49554	Durum wheat	GRS011-0234	21140298	GRS011-0234 1T-2A-0A-2M-2M	2100969	GWP2100969
X5d7704011575	Durum wheat	GRS011-472	21140580	GRS011-472 1T-1A-0A-2M-1M	2101429	GWP2101429
X5dd11573bbb6	Bread wheat	GRS18-7005	21120048	GRS18-7005-8SB-M2-M1	2100262	GWP2100262
X5de733fd9668	Bread wheat	TCI19-7002	2111004	TCI19-7002-M1-M9	2100028	GWP2100028
X5e02b5a494dc	Durum wheat	GRS011-458	21140562	GRS011-458-1M-3M	2101384	GWP2101384
X5e1dc7bc2d7d	Durum wheat	GRS011-0264	21260385	GRS011-0264 1T-4A-0A-2M-1SEA	2101710	GWP2101710
X5e7352eec22b	Durum wheat	GRS011-016	21140010	GRS011-016 1T-3A-0A-1M-7M	2100619	GWP2100619
X5e789026b4ab	Durum wheat	GRS011-0256	21140348	GRS011-0256 1T-1A-0A-2M-2M	2101047	GWP2101047
X5f078b0ff691	Durum wheat	Nachit	-	-	2101489	GWP2101489
X5fdb810eacf4	Durum wheat	GRS011-0227	21260291	GRS011-0227 1T-1A-0A-1M-1SEA	2101612	GWP2101612
X6020c74e3f8f	Durum wheat	GRS011-0190	21140225	GRS011-0190 1T-3A-0A-2M-4M	2100856	GWP2100856
X602b6f6f92e3	Durum wheat	GRS011-0112	21260114	GRS011-0112 1T-3A-0A-1M-2SEA	2101524	GWP2101524
X604ea5733769	Durum wheat	GRS011-0202	21140512	GRS011-0202 1T-3A-0A-1M-4M	2101270	GWP2101270
X60619833abb9	Durum wheat	GRS011-0264	21140385	GRS011-0264 1T-4A-0A-2M-1M	2101111	GWP2101111
X6075b43c47cb	Durum wheat	GRS011-331	21140458	GRS011-331 1T-2A-0A-2M-2M	2101209	GWP2101209
X60c7f588f8c8	Durum wheat	GRS011-0245	21260312	GRS011-0245-1M-1SEA	2101628	GWP2101628
X6145046d05aa	Bread wheat	GRS18-7001	Repl-2	GRS18-7001-3SB-M2-AN1	2100338	GWP2100338
X61551fc48b13	Durum wheat	GRS011-0189	21140498	GRS011-0189-1M-1M	2101245	GWP2101245
X618b81f33d42	Durum wheat	GRS011-034	21140046	GRS011-034 1T-1A-0A-1M-1M	2100647	GWP2100647
X61a310bfe18c	Durum wheat	GRSW170019	Repl-8	GRS18-7001-1SB-M1-AN1	2100344	GWP2100344
X61c089a905cb	Durum wheat	GRS011-0276	21260407	GRS011-0276 1T-5A-0A-2M-3SEA	2101753	GWP2101753
X61c164daae07	Durum wheat	GRS011-0253	21140331	GRS011-0253-2M-1M	2101015	GWP2101015
X61cdc020d526	Bread wheat	TCI19-7006	2111021	TCI19-7006-M2-M1	2100153	GWP2100153
X61e4fda9007c	Durum wheat	GRS011-0191	21260230	GRS011-0191 1T-2A-0A-3M-2SEA	2101575	GWP2101575
X6217e47bceae	Durum wheat	GRS011-0283	21260417	GRS011-0283-1M-1SEA	2101771	GWP2101771
X621a49785302	Durum wheat	GRS011-0193	21140236	GRS011-0193-2M-2M	2100884	GWP2100884
X6253d7fa0104	Durum wheat	GRS011-034	21140046	GRS011-034 1T-1A-0A-1M-4M	2100650	GWP2100650
X627b990b6b3f	Bread wheat	TCI19-7006	2111021	TCI19-7006-M2-M7	2100159	GWP2100159
X62813cb5a32d	Durum wheat	GRS011-0181	21260201	GRS011-0181-1M-3SEA	2101562	GWP2101562
X6296a12ad730	Bread wheat	GRS18-7005	21120045	GRS18-7005-7SB-M1-M1	2100249	GWP2100249
X6296cb87d1ee	Durum wheat	GRS011-0271	21140393	GRS011-0271-2M-3M	2101123	GWP2101123
X62c23200ef6d	Durum wheat	GRS011-0256	21140351	GRS011-0256-2M-1M	2101053	GWP2101053
X62c6e3015b53	Bread wheat	TCI19-7007	2111022	TCI19-7007-M0-M11	2100178	GWP2100178
X63017fc7e389	Bread wheat	TCI19-7001	2111002	TCI19-7001-M2-M10	2100010	GWP2100010
X633870e32797	Durum wheat	GRS011-0256	21260352	GRS011-0256-3M-1SEA	2101665	GWP2101665
X633e8b249cce	Durum wheat	GRS011-078	21140066	GRS011-078-3M-1M	2100677	GWP2100677
X63432a44897f	Durum wheat	GRSW170080	21120126	GRSW170080-M0-M0-M1-M7	2100483	GWP2100483
X639637a33efd	Durum wheat	GRS011-0195	21140242	GRS011-0195 1T-2A-0A-3M-2M	2100903	GWP2100903
X63c3e6467836	Durum wheat	GRS011-0240	21140305	GRS011-0240 1T-2A-0A-1M-2M	2100976	GWP2100976
X642578b36e22	Bread wheat	GRSW170047	Repl-16	GRS18-7001-4SB-M3-AN1	2100352	GWP2100352
X64449601c036	Bread wheat	TCI19-7001	2111002	TCI19-7001-M2-M5	2100005	GWP2100005
X645378d46815	Durum wheat	GRS011-0193	21140234	GRS011-0193 1T-1A-0A-1M-1M	2100880	GWP2100880
X645769f0b576	Durum wheat	GRS011-019	21140491	GRS011-019-1M-2M	2101235	GWP2101235
X646d89584243	Bread wheat	GRS18-7003	Repl-6	GRS18-7003-2SB-M1-AN1	2100342	GWP2100342
X6476dbce9d68	Durum wheat	GRS011-0195	21260241	GRS011-0195 1T-2A-0A-2M-1SEA	2101582	GWP2101582
X64828c9d2336	Durum wheat	GRS011-0238	21140303	GRS011-0238 1T-2A-0A-1M-1M	2100973	GWP2100973
X64912b13d76a	Bread wheat	GRS18-7002	21120035	GRS18-7002-3SB-M3-M1	2100231	GWP2100231
X6493c700558a	Durum wheat	GRS011-0218	21140283	GRS011-0218 1T-1A-0A-3M-1M	2100955	GWP2100955
X64a3dba5bf59	Bread wheat	TCI19-7002	2111004	TCI19-7002-M1-M5	2100024	GWP2100024
X6509e12865e8	Durum wheat	GRS011-0260	21140372	GRS011-0260 1T-1A-0A-2M-2M	2101088	GWP2101088
X6535385e7c89	Durum wheat	GRS011-0253	21140330	GRS011-0253-1M-2M	2101013	GWP2101013
X653a7fdb77aa	Durum wheat	GRS011-0196	21260243	GRS011-0196 1T-2A-0A-1M-2SEA	2101584	GWP2101584
X659de4913082	Durum wheat	GRSW170080	21240059	GRSW170080-M0-M0-M1-SEA1	2101878	GWP2101878
X65df15f00365	Bread wheat	GRSW170040	21120062	GRSW170040-M0-M0-M3-M1	2100297	GWP2100297
X6671de5f7260	Bread wheat	GRSW170084	21120137	GRSW170084-M0-M0-M3-M6	2100532	GWP2100532
X66822725dcae	Durum wheat	Louiza	-	-	2101786	GWP2101786
X6686872fa899	Durum wheat	GRS011-462	21140566	GRS011-462-1M-5M	2101403	GWP2101403
X66b7ed2f3e5d	Durum wheat	GRS011-0181	21260197	GRS011-0181-1M-2SEA	2101558	GWP2101558
X66cd602f6050	Durum wheat	GRS011-0104	21140107	GRS011-0104-3M-1M	2100705	GWP2100705
X671e6541bdea	Durum wheat	GRS011-0146	21140143	GRS011-0146 1T-2A-0A-1M-3M	2100739	GWP2100739
X6735bc948f5a	Durum wheat	GRS011-0189	21140221	GRS011-0189 1T-2A-0A-1M-4M	2100835	GWP2100835
X6806dcc688d2	Durum wheat	GRS011-0194	21140238	GRS011-0194 1T-3A-0A-1M-4M	2100890	GWP2100890
X681289ae8e53	Durum wheat	GRS011-0257	21140359	GRS011-0257-3M-2M	2101065	GWP2101065
X681c78249967	Bread wheat	TCI19-7006	2111019	TCI19-7006-M1-M2	2100141	GWP2100141
X6857a4133d43	Bread wheat	GRS011-0276	21140401	GRS011-0276 1T-3A-0A-2M-3M	2101141	GWP2101141
X68a716ca8679	Durum wheat	GRS011-0256	21260352	GRS011-0256-3M-2SEA	2101666	GWP2101666
X68c3f71a50ef	Durum wheat	GRSW170076	21120121	GRSW170076-M0-M0-M2-M2	2100467	GWP2100467
X690fbefb6c99	Durum wheat	GRS11-498	21140156	GRS011-498 1T-1A-0A-1M-2M	2100766	GWP2100766
X693aaec02365	Durum wheat	GRS011-0138	21140140	GRS011-0138 1T-2A-0A-3M-3M	2100733	GWP2100733
X697aa75db325	Bread wheat	TCI19-7002	2111008	TCI19-7002-M1-M6	2100064	GWP2100064
X698ce1db2d23	Triticum turgidum subsp. durum	142020	-	-	2101864	GWP2101864
X69b8b2d5390b	Durum wheat	Louiza	-	-	2101316	GWP2101316
X69c0abe808da	Triticum turgidum subsp. durum	141997	-	-	2101863	GWP2101863
X69c764eefae0	Durum wheat	GRS011-0229	2115008	GRS011-0229 1T-1A-0A-2M-1M	2101457	GWP2101457
X69d535fd0eba	Durum wheat	GRS011-0149	21140145	GRS011-0149 1T-1A-0A-1M-1M	2100747	GWP2100747
X69ff8bd50c17	Triticum turgidum subsp. dicoccon	45450	-	-	2101858	GWP2101858
X6a29563d1ccf	Durum wheat	GRS011-089	21140090	GRS011-089 1T-2A-0A-1M-2M	2100686	GWP2100686
X6a2b671b9124	Durum wheat	GRS011-0262	21140374	GRS011-0262 1T-1A-0A-2M-1M	2101090	GWP2101090
X6aa095d6b075	Bread wheat	-	2113029	1504023-M0-1603069-M1-18070103-M0-20130017-M2-M3	2100578	GWP2100578
X6ac82e497356	Durum wheat	GRS011-0150	21140151	GRS011-0150-1M-4M	2100763	GWP2100763
X6b074b5f2cfa	Durum wheat	GRS011-0181	21140203	GRS011-0181-3M-1M	2100806	GWP2100806
X6babc8ddb68e	Durum wheat	GRS011-0264	21140384	GRS011-0264 1T-4A-0A-1M-1M	2101110	GWP2101110
X6bd746a47a45	Bread wheat	TCI19-7007	2111022	TCI19-7007-M0-M12	2100179	GWP2100179
X6bebd36c5f46	Durum wheat	GRS011-462	21140566	GRS011-462-1M-4M	2101402	GWP2101402
X6c1b5a4ce49f	Durum wheat	GRS011-0129	21260129	GRS011-0129-1M-1SEA	2101529	GWP2101529
X6c57914a787a	Durum wheat	GRS011-0276	21260401	GRS011-0276 1T-3A-0A-2M-2SEA	2101728	GWP2101728
X6ca282bc91d2	Durum wheat	GRS011-037	21140048	GRS011-037-1M-3M	2100660	GWP2100660
X6cb1e7539ce7	Durum wheat	GRS011-0185	21140209	GRS011-0185 1T-1A-0A-1M-1M	2100813	GWP2100813
X6ce504a38dcb	Durum wheat	GRS011-0277	2115016	GRS011-0277 1T-3A-0A-2M-2M	2101469	GWP2101469
X6cee9d68491d	Durum wheat	GRS011-016	21140011	GRS011-016 1T-3A-0A-2M-2M	2100621	GWP2100621
X6d3bd505f11c	Durum wheat	GRS011-0240	21260307	GRS011-0240 1T-2A-0A-3M-2SEA	2101623	GWP2101623
X6d4fa4263ff9	Durum wheat	GRS011-0237	21140302	GRS011-0237 1T-3A-0A-2M-1M	2100972	GWP2100972
X6d560afbc64b	Durum wheat	GRS011-0258	21260368	GRS011-0258 1T-1A-0A-2M-4SEA	2101785	GWP2101785
X6d70e5bcdadf	Bread wheat	-	2113021	1504048-M0-1603086-M2-18070081-M0-20130013-M2-M3	2100657	GWP2100657
X6d7a190702e8	Durum wheat	GRS011-0179	21140191	GRS011-0179-2M-3M	2100787	GWP2100787
X6d87299babda	Durum wheat	GRS011-0229	2115007	GRS011-0229 1T-1A-0A-1M-1M	2101455	GWP2101455
X6dc469e44074	Bread wheat	-	2113025	1504049-M0-1603088-M0-18070087-M0-20130015-M2-M1	2100573	GWP2100573
X6dd67d6a4668	Durum wheat	MMVT21-09	Repl-71	ICDJMC04-032-BThL(Bulksel)-0sTh-0wTh-0sTh-7wTh-0sTh-0MCH-0MCH[MtAJDSZ]-0AUB[MMkJT]-0MCH-0MCH	2100494	GWP2100494
X6debc4e0217b	Durum wheat	GRS011-0197	21140246	GRS011-0197-1M-1M	2100907	GWP2100907
X6e0a9eb51de1	Bread wheat	TCI19-7005	2111015	TCI19-7005-M2-M11	2100127	GWP2100127
X6e34bfa6e4b8	Durum wheat	GRS011-0262	21140537	GRS011-0262 1T-1A-0A-1M-2M	2101309	GWP2101309
X6e35297e4112	Durum wheat	GRS011-0258	21140367	GRS011-0258 1T-1A-0A-1M-1M	2101078	GWP2101078
X6e6df2323bc0	Durum wheat	GRS011-321	21140551	GRS011-321 1T-3A-0A-1M-3M	2101342	GWP2101342
X6eaae14b22fd	Durum wheat	GRS011-0202	21140512	GRS011-0202 1T-3A-0A-1M-3M	2101269	GWP2101269
X6f2e157dcb6a	Durum wheat	GRS011-0191	21140229	GRS011-0191 1T-2A-0A-2M-2M	2100864	GWP2100864
X6f4a9daacb95	Bread wheat	GRSW170035	21120058	GRSW170035-M0-M0-M3-M2	2100290	GWP2100290
X6f53118eac1a	Durum wheat	GRSW170019	21120052	GRSW170019-M0-M0-M3-M6	2100375	GWP2100375
X6fcf62f37d68	Durum wheat	GRS011-062	21140052	GRS011-062 1T-2A-0A-2M-1M	2100666	GWP2100666
X6fe09fef6850	Durum wheat	GRS011-465	21140555	GRS011-465-1M-4M	2101356	GWP2101356
X6fe1827aa1fc	Bread wheat	TCI19-7003	2111010	TCI19-7003-M1-M12	2100096	GWP2100096
X70012b0ae758	Durum wheat	GRS011-462	21260573	GRS011-462-1M-4SEA	2101845	GWP2101845
X70078d012e40	Durum wheat	GRS011-0257	21140531	GRS011-0257 1T-1A-0A-2M-2M	2101302	GWP2101302
X700c61995516	Durum wheat	GRS011-0207	21140517	GRS011-0207 1T-4A-0A-1M-1M	2101276	GWP2101276
X702512feecc7	Durum wheat	GRS011-0258	21260368	GRS011-0258 1T-1A-0A-2M-4SEA	2101693	GWP2101693
X704427fe8c5f	Durum wheat	GRS011-0258	21260365	GRS011-0258 1T-2A-0A-2M-3SEA	2101683	GWP2101683
X70a1cf99f5b6	Durum wheat	Louiza	-	-	2100282	GWP2100282
X70b1a3a05730	Durum wheat	GRS011-0253	21140327	GRS011-0253-1M-5M	2101005	GWP2101005
X70c956080b7d	Durum wheat	GRS011-0179	21140191	GRS011-0179-2M-2M	2100786	GWP2100786
X70d19229a3f3	Bread wheat	TCI19-7003	2111010	TCI19-7003-M1-M5	2100087	GWP2100087
X712123e2bd6f	Bread wheat	GRS18-7004	21120040	GRS18-7004-3SB-M1-M1	2100239	GWP2100239
X713e0fb93c91	Bread wheat	GRS011-0301	21140435	GRS011-0301 1T-1A-0A-2M-1M	2101188	GWP2101188
X7143cf2a7497	Durum wheat	GRS011-0202	21260512	GRS011-0202 1T-3A-0A-1M-1SEA	2101797	GWP2101797
X71526b9bfd98	Durum wheat	GRS011-078	21140064	GRS011-078-1M-1M	2100675	GWP2100675
X7156a9e4890f	Durum wheat	GRS011-0189	21260222	GRS011-0189 1T-2A-0A-2M-1SEA	2101570	GWP2101570
X7164b6bca420	Durum wheat	GRS011-0229	2115008	GRS011-0229 1T-1A-0A-2M-3M	2101459	GWP2101459
X7178bae8679a	Bread wheat	-	2113035	1504060-M0-1603041-M0-18070107-M0-20130020-M2-M2	2100593	GWP2100593
X7218e84441a2	Bread wheat	TCI19-7002	2111008	TCI19-7002-M1-M7	2100065	GWP2100065
X729400f0ceaa	Durum wheat	GRS011-375	21140593	GRS011-375 1T-1A-0A-2M-1M	2101440	GWP2101440
X729a8ab42fdc	Bread wheat	GRSW170047	21120070	GRSW170047-M0-M0-M1-M8	2100327	GWP2100327
X72cc501c2898	Bread wheat	TCI19-7003	2111011	TCI19-7003-M1-M5	2100102	GWP2100102
X72e2f05cc722	Durum wheat	GRS011-472	21260579	GRS011-472 1T-1A-0A-1M-1SEA	2101847	GWP2101847
X72f6e295d5bf	Durum wheat	GRS011-0200	21260263	GRS011-0200 1T-3A-0A-4M-3SEA	2101593	GWP2101593
X7303f7051748	Durum wheat	GRSW170070	21120108	GRSW170070-M0-M0-M2-M1	2100434	GWP2100434
X7326f99ae87d	Durum wheat	GRS011-0267	21140388	GRS011-0267 1T-3A-0A-1M-1M	2101118	GWP2101118
X732dfeeefe4a	Durum wheat	GRS011-0253	21260336	GRS011-0253-2M-1SEA	2101655	GWP2101655
X735161fb9223	Durum wheat	GRS011-0196	21260506	GRS011-0196 1T-1A-0A-1M-1SEA	2101795	GWP2101795
X73537f8fded5	Durum wheat	GRS011-462	21140570	GRS011-462-1M-1M	2101414	GWP2101414
X73658b4707c7	Bread wheat	-	2113021	1504048-M0-1603086-M2-18070081-M0-20130013-M2-M4	2100566	GWP2100566
X737fc49731be	Bread wheat	GRS011-0229	21140295	GRS011-0229 1T-1A-0A-2M-4M	2100967	GWP2100967
X73a973c96d86	Durum wheat	GRS011-027	2115005	GRS011-027 1T-1A-0A-1M-1M	2101453	GWP2101453
X73ea4bceb6e3	Durum wheat	GRSW170019	21120051	GRSW170019-M0-M0-M2-M3	2100273	GWP2100273
X73eeaa4f9214	Durum wheat	GRS011-034	21140047	GRS011-034 1T-1A-0A-2M-4M	2100654	GWP2100654
X7401a085e87d	Triticum turgidum subsp. carthlicum	45155	-	-	2101860	GWP2101860
X740365cacc86	Durum wheat	GRS011-0256	21140350	GRS011-0256-1M-3M	2101052	GWP2101052
X740ba5aca2a5	Durum wheat	MMVT21-29	Repl-66	Taghouti	2100461	GWP2100461
X740cf942daf8	Durum wheat	GRS011-062	21260053	GRS011-062 1T-2A-0A-3M-3SEA	2101510	GWP2101510
X741fe81f910c	Durum wheat	GRSW170080	21120128	GRSW170080-M0-M0-M3-M4	2100492	GWP2100492
X74202b890cdb	Durum wheat	GRS011-0229	21260295	GRS011-0229 1T-1A-0A-2M-1SEA	2101614	GWP2101614
X744881431c5d	Bread wheat	-	2113032	1504023-M0-1603069-M4-18070104-M0-20130018-M2-M1	2100587	GWP2100587
X7458abe238ae	Durum wheat	GRS011-462	21260569	GRS011-462-2M-4SEA	2101841	GWP2101841
X747742cd97ce	Durum wheat	GRS011-0194	21260239	GRS011-0194 1T-3A-0A-2M-1SEA	2101580	GWP2101580
X7482061d51cd	Durum wheat	GRS011-0255	21260343	GRS011-0255-3M-1SEA	2101657	GWP2101657
X74b2391fa57a	Durum wheat	GRS011-462	21140566	GRS011-462-1M-3M	2101401	GWP2101401
X74ec618c494a	Durum wheat	GRS011-087	21140088	GRS011-087 1T-2A-0A-1M-2M	2100684	GWP2100684
X7506755040bc	Bread wheat	GRSW170084	21120136	GRSW170084-M0-M0-M2-M3	2100524	GWP2100524
X75152a20aa14	Durum wheat	MMVT21-27	Repl-64	ICD11-375-0TR-8STR-0TR-1TR-0STR-0TR-0TR[MSK]-1STR-0AREC	2100459	GWP2100459
X7545b64be45c	Durum wheat	GRS011-0189	21140221	GRS011-0189 1T-2A-0A-1M-3M	2100834	GWP2100834
X7553f436a942	Durum wheat	GRS011-0263	21140542	GRS011-0263 1T-2A-0A-2M-2M	2101313	GWP2101313
X75bf44c93e0f	Durum wheat	GRS011-0269	21260390	GRS011-0269 1T-2A-0A-1M-1SEA	2101717	GWP2101717
X75c5060cfef5	Durum wheat	GRS011-358	21140464	GRS011-358 1T-1A-0A-1M-2M	2101216	GWP2101216
X75cdcbbcb933	Bread wheat	GRSW170083	21120132	GRSW170083-M0-M0-M1-M6	2100505	GWP2100505
X75dc4618fa1a	Durum wheat	GRS011-0264	21260385	GRS011-0264 1T-4A-0A-2M-2SEA	2101711	GWP2101711
X75e5bd90adc9	Durum wheat	GRS011-0253	21260325	GRS011-0253 1T-1A-0A-2M-4SEA	2101637	GWP2101637
X75fbee259375	Bread wheat	GRS011-0229	21140294	GRS011-0229 1T-1A-0A-1M-1M	2100963	GWP2100963
X76621a59e2fd	Bread wheat	-	2113031	1504023-M0-1603069-M3-18070104-M0-20130018-M1-M5	2100585	GWP2100585
X766cae4f79ca	Durum wheat	GRS011-0252	21260526	GRS011-0252 1T-1A-0A-1M-1SEA	2101801	GWP2101801
X767933e8653e	Durum wheat	GRS011-0191	21140231	GRS011-0191-1M-1M	2100871	GWP2100871
X76ccfd5d6229	Durum wheat	GRS011-0191	21140233	GRS011-0191-3M-3M	2100879	GWP2100879
X76ce2d0e01b0	Durum wheat	GRS011-0189	21140222	GRS011-0189 1T-2A-0A-2M-1M	2100836	GWP2100836
X76dc986a1e81	Durum wheat	GRS011-034	21140047	GRS011-034 1T-1A-0A-2M-2M	2100652	GWP2100652
X76fed0398436	Durum wheat	GRS011-016	21140011	GRS011-016 1T-3A-0A-2M-4M	2100623	GWP2100623
X772d80b4fdca	Durum wheat	GRS011-0196	21140505	GRS011-0196 1T-2A-0A-2M-2M	2101258	GWP2101258
X7761f5b5ecc9	Bread wheat	TCI19-7001	2111002	TCI19-7001-M2-M9	2100009	GWP2100009
X777450f53bb9	Bread wheat	TCI19-7002	2111007	TCI19-7002-M1-M2	2100049	GWP2100049
X7786916ade80	Bread wheat	GRS011-0277	21140416	GRS011-0277 1T-1A-0A-2M-1M	2101171	GWP2101171
X778c46cb4b82	Durum wheat	GRS011-0190	21140225	GRS011-0190 1T-3A-0A-2M-3M	2100855	GWP2100855
X77a77eb93e22	Bread wheat	-	Repl-54	1504030-M0-1603073-M0-18070109-M0-20130021-M2-AN1	2100449	GWP2100449
X77c41fa57050	Durum wheat	GRS011-0250	21260321	GRS011-0250 1T-1A-0A-1M-1SEA	2101633	GWP2101633
X785cbbc3f910	Durum wheat	GRS011-0184	21260204	GRS011-0184 1T-1A-0A-1M-1SEA	2101566	GWP2101566
X785ed0d38c08	Bread wheat	GRSW170040	21120062	GRSW170040-M0-M0-M3-M4	2100300	GWP2100300
X78603cd268c2	Durum wheat	GRS011-458	21260560	GRS011-458 1T-2A-0A-1M-5SEA	2101822	GWP2101822
X786d06d76620	Bread wheat	GRSW170041	21120064	GRSW170041-M0-M0-M2-M1	2100306	GWP2100306
X786d1ed1ba08	Bread wheat	GRS011-0276	21140407	GRS011-0276 1T-5A-0A-2M-2M	2101149	GWP2101149
X7879151cc846	Durum wheat	GRS011-0181	21260201	GRS011-0181-1M-4SEA	2101563	GWP2101563
X788476bf8a1d	Durum wheat	95481	-	-	2101472	GWP2101472
X788921a1b8eb	Durum wheat	GRS011-0149	21140147	GRS011-0149 1T-1A-0A-3M-2M	2100845	GWP2100845
X78ba045f497e	Bread wheat	GRSW170053	Repl-18	GRS18-7001-8SB-M2-AN1	2100354	GWP2100354
X791287cf923f	Bread wheat	TCI19-7005	2111015	TCI19-7005-M2-M14	2100130	GWP2100130
X792c1cb2216d	Bread wheat	-	2113039	1504030-M0-1603073-M0-18070109-M0-20130021-M3-M3	2100610	GWP2100610
X79673cb8dd40	Durum wheat	GRSW170055	21120093	GRSW170055-M0-M0-M1-M3	2100469	GWP2100469
X79695f47eb2e	Durum wheat	GRS011-310	21140547	GRS011-310 1T-1A-0A-1M-2M	2101328	GWP2101328
X796d030b4116	Bread wheat	-	2113021	1504048-M0-1603086-M2-18070081-M0-20130013-M2-M1	2100561	GWP2100561
X799065d01666	Bread wheat	GRSW170054	21120090	GRSW170054-M0-M0-M1-M2	2100368	GWP2100368
X79a6dc7efdfa	Durum wheat	GRS011-0200	21260261	GRS011-0200 1T-3A-0A-2M-2SEA	2101589	GWP2101589
X79c44bd682cc	Bread wheat	GRS18-7001	21120018	GRS18-7001-6SB-M3-M1	2100205	GWP2100205
X79f59a021138	Durum wheat	GRS011-0276	21260408	GRS011-0276 1T-1A-0A-1M-5SEA	2101760	GWP2101760
X7a1681a2a4f8	Durum wheat	GRS011-0272	21140397	GRS011-0272 1T-2A-0A-2M-1M	2101130	GWP2101130
X7a2ca9a6d17d	Bread wheat	GRS011-0277	21140414	GRS011-0277-2M-1M	2101162	GWP2101162
X7a4c7717d3cf	Bread wheat	TCI19-7007	2111022	TCI19-7007-M0-M2	2100169	GWP2100169
X7a591b78b63e	Durum wheat	GRS011-465	21140556	GRS011-465-2M-3M	2101361	GWP2101361
X7a74e75466da	Bread wheat	TCI19-7006	2111020	TCI19-7006-M1-M1	2100146	GWP2100146
X7a97c9d3f4a6	Durum wheat	GRS011-402	21140480	GRS011-402 1T-1A-0A-2M-3M	2101226	GWP2101226
X7aafa28e123f	Durum wheat	GRS011-0271	21140393	GRS011-0271-2M-2M	2101122	GWP2101122
X7ac68440bee1	Durum wheat	GRS011-0146	21140144	GRS011-0146 1T-2A-0A-2M-5M	2100746	GWP2100746
X7b23700fd0d7	Durum wheat	GRS011-0256	21140348	GRS011-0256 1T-1A-0A-2M-3M	2101048	GWP2101048
X7b29a5e0a210	Bread wheat	GRS011-0277	21140414	GRS011-0277-2M-6M	2101167	GWP2101167
X7b62c6585e77	Bread wheat	-	Repl-44	1504027-M0-1603016-M2-18070044-M0-20130009-M2-AN1	2100439	GWP2100439
X7bcf5a924fed	Durum wheat	GRS011-465	21140559	GRS011-465 1T-1A-0A-2M-1M	2101370	GWP2101370
X7bf5b08889ba	Bread wheat	GRS18-7001	21120003	GRS18-7001-1SB-M3-M2	2100184	GWP2100184
X7bf6299f7db9	Bread wheat	-	Repl-35	1504066-M0-1603047-M0-18070021-M0-20130001-M1-AN1	2100380	GWP2100380
X7c1dcea4e50b	Durum wheat	GRS011-0185	21140220	GRS011-0185-1M-1M	2100831	GWP2100831
X7c2b33571f6f	Durum wheat	GRS011-0199	21140510	GRS011-0199 1T-1A-0A-1M-1M	2101265	GWP2101265
X7d37a5570127	Durum wheat	GRS011-0131	21140494	GRS011-0131-1M-2M	2101239	GWP2101239
X7d44a2fe3f78	Durum wheat	GRS011-402	21140480	GRS011-402 1T-1A-0A-2M-2M	2101225	GWP2101225
X7d489eb63061	Durum wheat	Louiza	-	-	2101485	GWP2101485
X7d5b8335117d	Durum wheat	GRS011-0258	21140368	GRS011-0258 1T-1A-0A-2M-1M	2101080	GWP2101080
X7d9c1ba421b1	Durum wheat	GRS011-0179	21140191	GRS011-0179-2M-5M	2100789	GWP2100789
X7de9ed9ac0db	Durum wheat	GRS011-0255	21140343	GRS011-0255-3M-1M	2101043	GWP2101043
X7e11304bb86e	Bread wheat	TCI19-7001	2111002	TCI19-7001-M2-M3	2100003	GWP2100003
X7e130fdf974e	Durum wheat	GRS011-0104	21140107	GRS011-0104-3M-2M	2100706	GWP2100706
X7e68a2eb1b32	Durum wheat	GRS011-0256	21140349	GRS011-0256 1T-1A-0A-3M-1M	2101049	GWP2101049
X7e7171f3b8fe	Durum wheat	GRS011-0229	2115008	GRS011-0229 1T-1A-0A-2M-2M	2101458	GWP2101458
X7ea050c1c05f	Durum wheat	GRS011-017	21140018	GRS011-017 1T-1A-0A-3M-2M	2100637	GWP2100637
X7ecaff02bdb2	Durum wheat	GRS011-0257	21140530	GRS011-0257 1T-1A-0A-1M-1M	2101299	GWP2101299
X7ece2a68a9bf	Bread wheat	GRSW170041	21240008	GRSW170041-M0-M0-M2-SEA1	2101873	GWP2101873
X7f02b7d266f4	Durum wheat	Louiza	-	-	2101880	GWP2101880
X7f46a8daed96	Durum wheat	GRS011-0262	21260374	GRS011-0262 1T-1A-0A-2M-2SEA	2101698	GWP2101698
X7f47f307d22c	Durum wheat	Jabal	-	-	2101490	GWP2101490
X7f50143038f7	Bread wheat	-	2113022	1504048-M0-1603087-M1-18070082-M0-20130014-M1-M1	2100568	GWP2100568
X7fa647822697	Durum wheat	GRS011-0257	21140358	GRS011-0257-2M-2M	2101063	GWP2101063
X7fb0ba668507	Durum wheat	GRS011-310	21140548	GRS011-310 1T-1A-0A-2M-2M	2101332	GWP2101332
X7fd8d50c6c91	Durum wheat	GRS011-0202	21140267	GRS011-0202-2M-1M	2100936	GWP2100936
X7fff278421bd	Bread wheat	GRSW170077	21120122	GRSW170077-M0-M0-M1-M1	2100563	GWP2100563
X805ad95b55a1	Bread wheat	GRSW170084	21120137	GRSW170084-M0-M0-M3-M8	2100534	GWP2100534
X8096a997b936	Bread wheat	GRS011-0277	21140415	GRS011-0277 1T-1A-0A-1M-2M	2101170	GWP2101170
X80bab766e5cf	Durum wheat	GRS011-0202	21140270	GRS011-0202-2M-1M	2100938	GWP2100938
X80d252f6e6fc	Durum wheat	GRS011-0258	21260365	GRS011-0258 1T-2A-0A-2M-2SEA	2101682	GWP2101682
X80d5315edb15	Durum wheat	GRS011-0265	21140386	GRS011-0265 1T-1A-0A-1M-1M	2101114	GWP2101114
X810e403cb156	Durum wheat	GRS011-0262	21260373	GRS011-0262 1T-1A-0A-1M-1SEA	2101695	GWP2101695
X814b994a4369	Bread wheat	-	2113037	1504030-M0-1603073-M0-18070109-M0-20130021-M1-M2	2100602	GWP2100602
X81608893f7c4	Durum wheat	GRS011-020	2115001	GRS011-020 1T-1A-0A-1M-3M	2101451	GWP2101451
X816e5efbaf42	Durum wheat	GRS011-462	21140573	GRS011-462-1M-5M	2101422	GWP2101422
X8177faf240ed	Durum wheat	GRS011-0253	21260325	GRS011-0253 1T-1A-0A-2M-5SEA	2101638	GWP2101638
X81874f4a0db5	Durum wheat	GRS011-458	21260560	GRS011-458 1T-2A-0A-1M-2SEA	2101819	GWP2101819
X818a59a5ba84	Durum wheat	GRS011-0190	21140224	GRS011-0190 1T-3A-0A-1M-4M	2100852	GWP2100852
X8198a24bd98d	Durum wheat	139592	-	-	2101475	GWP2101475
X81b703f712a8	Durum wheat	GRS011-0250	21140524	GRS011-0250-1M-1M	2101288	GWP2101288
X81c53ff8e139	Bread wheat	-	2113024	1504049-M0-1603088-M0-18070087-M0-20130015-M1-M1	2100570	GWP2100570
X81d008fbefd3	Durum wheat	GRS011-016	21140014	GRS011-016-2M-3M	2100628	GWP2100628
X81d30ea89fb1	Bread wheat	TCI19-7001	2111002	TCI19-7001-M2-M2	2100002	GWP2100002
X81fe6d002acf	Durum wheat	GRS011-0189	21140221	GRS011-0189 1T-2A-0A-1M-2M	2100833	GWP2100833
X821a8fec146b	Durum wheat	Marzak	-	-	2101484	GWP2101484
X8288fb028602	Durum wheat	GRS011-0253	21140333	GRS011-0253-1M-2M	2101021	GWP2101021
X828e961655cf	Durum wheat	GRS011-0257	21140361	GRS011-0257 1T-2A-0A-2M-3M	2101068	GWP2101068
X82bfafaa08e4	Bread wheat	GRS011-0277	21140414	GRS011-0277-2M-5M	2101166	GWP2101166
X82c35dda81b7	Bread wheat	TCI19-7006	2111021	TCI19-7006-M2-M11	2100163	GWP2100163
X82c4b2dbbb8c	Durum wheat	GRS011-0184	21140194	GRS011-0184 1T-3A-0A-1M-1M	2100797	GWP2100797
X8306dc8cb234	Durum wheat	GRS011-0260	21140369	GRS011-0260 1T-4A-0A-1M-1M	2101083	GWP2101083
X8334996d7653	Bread wheat	GRSW170084	21120137	GRSW170084-M0-M0-M3-M7	2100533	GWP2100533
X83376a5becd0	Durum wheat	GRS011-0185	21140211	GRS011-0185 1T-1A-0A-3M-2M	2100818	GWP2100818
X834c5d7ffe6e	Bread wheat	GRSW170047	21120070	GRSW170047-M0-M0-M1-M1	2100320	GWP2100320
X8358f90fa6bd	Bread wheat	TCI19-7002	2111004	TCI19-7002-M1-M8	2100027	GWP2100027
X83733b382934	Durum wheat	95486	-	-	2101473	GWP2101473
X83a9b66d39ae	Bread wheat	-	2113007	1504066-M0-1603047-M1-18070024-M0-20130004-M1-M2	2100539	GWP2100539
X83dcdb191327	Durum wheat	MMVT21-18	Repl-76	CDSS06Y00706T-0TOPB-11Y-0M-1Y-1M-0Y-0MCH-0MCH	2100499	GWP2100499
X83f28c58f5c9	Durum wheat	GRS011-0197	21140247	GRS011-0197-2M-1M	2100908	GWP2100908
X84088e7b0329	Bread wheat	GRS18-7001	21120007	GRS18-7001-3SB-M1-M4	2100191	GWP2100191
X844ed67e41d8	Durum wheat	GRS011-0206	21140516	GRS011-0206-1M-1M	2101274	GWP2101274
X8456542f99fd	Durum wheat	GRS011-095	21140095	GRS011-095 1T-2A-0A-2M-2M	2100692	GWP2100692
X848a216e3e32	Durum wheat	GRS011-0174	21140184	GRS011-0174 1T-2A-0A-1M-1M	2100776	GWP2100776
X84b417d5c711	Bread wheat	GRSW170040	21120060	GRSW170040-M0-M0-M1-M3	2100293	GWP2100293
X84c10359e91f	Durum wheat	GRS011-0258	21260365	GRS011-0258 1T-2A-0A-2M-5SEA	2101685	GWP2101685
X84d815104b88	Bread wheat	-	2113035	1504060-M0-1603041-M0-18070107-M0-20130020-M2-M5	2100596	GWP2100596
X84db19e81ea4	Bread wheat	-	Repl-41	1504027-M0-1603016-M0-18070043-M0-20130008-M2-AN1	2100436	GWP2100436
X84f6b3cbbcc0	Durum wheat	GRS011-0272	21260396	GRS011-0272 1T-2A-0A-1M-2SEA	2101719	GWP2101719
X856daa60256e	Durum wheat	GRS011-0250	21260524	GRS011-0250-1M-1SEA	2101800	GWP2101800
X856e4e16243d	Bread wheat	GRSW170057	21120099	GRSW170057-M0-M0-M1-M5	2100401	GWP2100401
X857ba722e08d	Bread wheat	GRS18-7005	21120047	GRS18-7005-8SB-M1-M3	2100257	GWP2100257
X85db59bb60ff	Durum wheat	GRS011-0262	21140376	GRS011-0262-1M-2M	2101098	GWP2101098
X85f7e852a6ad	Bread wheat	GRS011-0227	21140291	GRS011-0227 1T-1A-0A-1M-1M	2100960	GWP2100960
X862686ac6bbe	Durum wheat	GRS011-0184	21140204	GRS011-0184 1T-1A-0A-1M-2M	2100808	GWP2100808
X8652fd7f95eb	Durum wheat	GRS011-0276	21260409	GRS011-0276 1T-1A-0A-2M-4SEA	2101764	GWP2101764
X867b28dd52a1	Durum wheat	GRS011-0296	21260433	GRS011-0296 1T-3A-0A-1M-2SEA	2101774	GWP2101774
X867fc0ea1ba3	Triticum turgidum subsp. dicoccon	45124	-	-	2101857	GWP2101857
X86893d16d9f9	Durum wheat	GRS011-0240	21260307	GRS011-0240 1T-2A-0A-3M-1SEA	2101622	GWP2101622
X86ab47ad93d3	Bread wheat	GRSW170047	21120070	GRSW170047-M0-M0-M1-M6	2100325	GWP2100325
X86c5eeefff60	Durum wheat	GRS011-022	21260022	GRS011-022-2M-1SEA	2101505	GWP2101505
X86e0ad302bf1	Bread wheat	GRSW170062	20240037	GRSW170062-M0-M0-M1-3SEA	2101868	GWP2101868
X86eb3a32578b	Bread wheat	GRS011-0284	21140420	GRS011-0284 1T-2A-0A-2M-1M	2101178	GWP2101178
X86f31183d003	Durum wheat	GRS011-487	21140450	GRS011-487-2M-2M	2101203	GWP2101203
X87330d59e622	Durum wheat	GRS011-0150	21140151	GRS011-0150-1M-2M	2100761	GWP2100761
X8739de36b058	Durum wheat	GRSW170080	21120126	GRSW170080-M0-M0-M1-M2	2100478	GWP2100478
X8782a22e565e	Durum wheat	GRS011-0256	21260349	GRS011-0256 1T-1A-0A-3M-1SEA	2101663	GWP2101663
X87b956c4d581	Durum wheat	GRS011-0234	21260299	GRS011-0234 1T-2A-0A-3M-1SEA	2101615	GWP2101615
X87c3797b856c	Durum wheat	GRSW170080	21120126	GRSW170080-M0-M0-M1-M4	2100480	GWP2100480
X88339d05bc36	Bread wheat	GRSW170084	Repl-34	GRSW170084-M0-M0-M1-AN1	2100379	GWP2100379
X88748a69e889	Durum wheat	GRS011-0253	21140327	GRS011-0253-1M-4M	2101004	GWP2101004
X8884c9b414a2	Durum wheat	GRS011-465	21260559	GRS011-465 1T-1A-0A-2M-2SEA	2101815	GWP2101815
X88b60de1b47a	Durum wheat	GRS011-0190	21140226	GRS011-0190 1T-3A-0A-3M-1M	2100857	GWP2100857
X88b68d7ad6fe	Durum wheat	GRS011-464	21140576	GRS011-464 1T-1A-0A-2M-1M	2101423	GWP2101423
X88b86540c04e	Durum wheat	GRS011-0138	21140140	GRS011-0138 1T-2A-0A-3M-1M	2100731	GWP2100731
X88c991193306	Durum wheat	GRS011-016	21140011	GRS011-016 1T-3A-0A-2M-1M	2100620	GWP2100620
X88eca7e008e8	Bread wheat	TCI19-7006	2111020	TCI19-7006-M1-M6	2100151	GWP2100151
X8906f31e65c7	Bread wheat	-	2113031	1504023-M0-1603069-M3-18070104-M0-20130018-M1-M4	2100584	GWP2100584
X891e9de2a390	Durum wheat	GRS011-0253	21260330	GRS011-0253-1M-1SEA	2101646	GWP2101646
X893ccefd0d27	Durum wheat	GRS011-0181	21260196	GRS011-0181 1T-2A-0A-1M-3SEA	2101555	GWP2101555
X893e259b06e5	Durum wheat	GRS011-0216	21140280	GRS011-0216 1T-2A-0A-2M-1M	2100950	GWP2100950
X89443f5d4420	Bread wheat	TCI19-7003	2111010	TCI19-7003-M1-M1	2100083	GWP2100083
X8958869fe8d7	Durum wheat	GRS011-465	21140559	GRS011-465 1T-1A-0A-2M-2M	2101371	GWP2101371
X89871bc1e703	Durum wheat	GRS011-0104	21140106	GRS011-0104-2M-1M	2100704	GWP2100704
X89dff20e60dd	Bread wheat	GRSW170083	21120132	GRSW170083-M0-M0-M1-M1	2100500	GWP2100500
X8a0e7a26735a	Durum wheat	GRS011-0195	21140241	GRS011-0195 1T-2A-0A-2M-3M	2100899	GWP2100899
X8a4930c66744	Bread wheat	GRS011-0276	21140407	GRS011-0276 1T-5A-0A-2M-3M	2101150	GWP2101150
X8a4c3004c32e	Durum wheat	GRS011-0229	2115007	GRS011-0229 1T-1A-0A-1M-2M	2101456	GWP2101456
X8ac904723b32	Durum wheat	GRS011-0219	21140284	GRS011-0219-1M-1M	2100957	GWP2100957
X8ad9b1d5de2b	Durum wheat	GRS011-487	21140450	GRS011-487-2M-3M	2101204	GWP2101204
X8ae75011c69f	Durum wheat	GRSW170070	21120107	GRSW170070-M0-M0-M1-M4	2100433	GWP2100433
X8ae938890f72	Bread wheat	GRS18-7001	21120029	GRS18-7001-10SB-M2-M1	2100224	GWP2100224
X8b3b2e4e9cec	Durum wheat	GRS011-462	21260564	GRS011-462 1T-1A-0A-1M-1SEA	2101827	GWP2101827
X8b4ede3d4323	Durum wheat	GRS011-0245	21260311	GRS011-0245 1T-1A-0A-2M-1SEA	2101627	GWP2101627
X8b5e941bb4bf	Durum wheat	GRS011-0276	21260407	GRS011-0276 1T-5A-0A-2M-5SEA	2101755	GWP2101755
X8bd5c46a1d2a	Durum wheat	GRS011-375	21260592	GRS011-375 1T-1A-0A-1M-1SEA	2101852	GWP2101852
X8bf1c583fa5d	Durum wheat	GRS011-0215	21140278	GRS011-0215 1T-1A-0A-2M-1M	2100949	GWP2100949
X8bf7b68f50e5	Bread wheat	GRSW170083	21120134	GRSW170083-M0-M0-M3-M7	2100518	GWP2100518
X8c1a704430a5	Durum wheat	GRS011-078	21140061	GRS011-078-1M-1M	2100671	GWP2100671
X8c1e657c9c74	Durum wheat	GRS011-429	21140483	GRS011-429 1T-2A-0A-1M-1M	2101229	GWP2101229
X8c234e770c02	Durum wheat	GRS011-0135	21260133	GRS011-0135-2M-1SEA	2101533	GWP2101533
X8c430ae3711b	Durum wheat	GRS011-0197	21140247	GRS011-0197-2M-3M	2100910	GWP2100910
X8c77dcfd51d8	Bread wheat	GRSW170040	Repl-11	GRS18-7001-2SB-M1-AN1	2100347	GWP2100347
X8c87a0d1ff7b	Bread wheat	TCI19-7003	2111010	TCI19-7003-M1-M13	2100097	GWP2100097
X8c9612357707	Durum wheat	GRSW170019	21120052	GRSW170019-M0-M0-M3-M2	2100277	GWP2100277
X8cbdc2ac1f9d	Durum wheat	GRS011-336	21140459	GRS011-336 1T-2A-0A-1M-1M	2101211	GWP2101211
X8ce367240ec9	Bread wheat	-	Repl-51	1504023-M0-1603069-M5-18070104-M0-20130018-M3-AN1	2100446	GWP2100446
X8d0240eb78db	Durum wheat	GRS011-0253	21140324	GRS011-0253 1T-1A-0A-1M-3M	2100997	GWP2100997
X8d1ada4aa14e	Durum wheat	GRS011-0193	21140237	GRS011-0193-3M-2M	2100886	GWP2100886
X8d33ed1e8540	Durum wheat	GRS011-367	21140590	GRS011-367 1T-2A-0A-1M-1M	2101438	GWP2101438
X8d47665eea2d	Bread wheat	GRS011-0276	21140400	GRS011-0276 1T-3A-0A-1M-2M	2101138	GWP2101138
X8d764cfb6343	Durum wheat	GRS011-465	21140555	GRS011-465-1M-6M	2101358	GWP2101358
X8d87d05300a2	Durum wheat	GRS011-462	21260569	GRS011-462-2M-3SEA	2101840	GWP2101840
X8d8994ab6667	Bread wheat	GRS011-0276	21140402	GRS011-0276 1T-1A-0A-1M-1M	2101145	GWP2101145
X8da149686567	Durum wheat	GRS011-0257	21260355	GRS011-0257 1T-2A-0A-1M-1SEA	2101669	GWP2101669
X8dabe6403020	Durum wheat	GRSW170019	21120052	GRSW170019-M0-M0-M3-M5	2100280	GWP2100280
X8db339e1ce4a	Durum wheat	GRS011-0273	21140398	GRS011-0273 1T-3A-0A-1M-1M	2101132	GWP2101132
X8dd1d5e36948	Durum wheat	GRS011-0179	21140193	GRS011-0179-4M-2M	2100794	GWP2100794
X8e7aa1ec3980	Durum wheat	GRS011-0277	2115015	GRS011-0277 1T-3A-0A-1M-1M	2101467	GWP2101467
X8edd747e91f4	Durum wheat	GRS011-0135	21260133	GRS011-0135-2M-2SEA	2101534	GWP2101534
X8f5812b0fc92	Durum wheat	GRS011-0253	21140337	GRS011-0253-3M-3M	2101036	GWP2101036
X8f5add069d06	Durum wheat	GRSW170080	21120128	GRSW170080-M0-M0-M3-M2	2100490	GWP2100490
X8f67102d52d9	Durum wheat	GRS011-470	21140446	GRS011-470 1T-4A-0A-1M-5M	2101199	GWP2101199
X8fc181a0df09	Bread wheat	GRSW170083	21120133	GRSW170083-M0-M0-M2-M1	2100506	GWP2100506
X8fe6823c5add	Durum wheat	GRS011-0276	21260409	GRS011-0276 1T-1A-0A-2M-2SEA	2101762	GWP2101762
X8feb61683ecb	Durum wheat	GRS011-0253	21140324	GRS011-0253 1T-1A-0A-1M-2M	2100996	GWP2100996
X8ff9b8005ee9	Durum wheat	GRS011-465	21140557	GRS011-465 1T-3A-0A-1M-2M	2101366	GWP2101366
X90477ccd8618	Bread wheat	GRS18-7001	21120014	GRS18-7001-5SB-M2-M2	2100201	GWP2100201
X90820cc9523f	Bread wheat	GRS011-0301	21140434	GRS011-0301 1T-1A-0A-1M-1M	2101186	GWP2101186
X90b8f5af6743	Durum wheat	GRS011-462	21260567	GRS011-462-2M-1SEA	2101833	GWP2101833
X90c7ac76c71b	Bread wheat	-	2113035	1504060-M0-1603041-M0-18070107-M0-20130020-M2-M1	2100592	GWP2100592
X90cd11c56aae	Durum wheat	GRS011-0218	21140283	GRS011-0218 1T-1A-0A-3M-2M	2100956	GWP2100956
X90df3ecc1c0c	Durum wheat	GRS011-0277	21260416	GRS011-0277 1T-1A-0A-2M-2SEA	2101770	GWP2101770
X90fe3244e792	Bread wheat	-	Repl-43	1504027-M0-1603016-M1-18070044-M0-20130009-M1-AN1	2100438	GWP2100438
X91152bb8c150	Durum wheat	GRS011-016	21260011	GRS011-016 1T-3A-0A-2M-1SEA	2101498	GWP2101498
X9142fac691a6	Bread wheat	GRSW170083	21120134	GRSW170083-M0-M0-M3-M2	2100513	GWP2100513
X91606b95995a	Bread wheat	-	Repl-48	1504049-M0-1603088-M2-18070089-M0-20130016-M2-AN1	2100443	GWP2100443
X9185401fdce9	Bread wheat	GRS18-7001	21120025	GRS18-7001-9SB-M1-M3	2100218	GWP2100218
X91a33c312dd3	Bread wheat	TCI19-7003	2111009	TCI19-7003-M1-M8	2100079	GWP2100079
X91cebcbcdb25	Durum wheat	GRS011-0276	21260408	GRS011-0276 1T-1A-0A-1M-2SEA	2101757	GWP2101757
X91d8eb4e2b7b	Bread wheat	GRSW170054	Repl-21	GRS18-7001-9SB-M3-AN1	2100357	GWP2100357
X91e0b52891a3	Durum wheat	GRS011-384	21140474	GRS011-384 1T-1A-0A-1M-1M	2101220	GWP2101220
X91ec369289a8	Bread wheat	GRS011-0276	21140401	GRS011-0276 1T-3A-0A-2M-2M	2101140	GWP2101140
X9238291820a9	Bread wheat	TCI19-7006	2111018	TCI19-7006-M3-M3	2100135	GWP2100135
X923923bd9699	Durum wheat	GRS011-0257	21260531	GRS011-0257 1T-1A-0A-2M-2SEA	2101803	GWP2101803
X925065d200c2	Durum wheat	GRS011-462	21140569	GRS011-462-2M-3M	2101413	GWP2101413
X92b416b7874e	Durum wheat	Louiza	-	-	2100846	GWP2100846
X92d58d0fe64a	Durum wheat	GRS011-465	21140557	GRS011-465 1T-3A-0A-1M-3M	2101367	GWP2101367
X9319ed972f79	Durum wheat	GRS011-0257	21140359	GRS011-0257-3M-1M	2101064	GWP2101064
X9323d5f52370	Durum wheat	GRS011-0264	21260385	GRS011-0264 1T-4A-0A-2M-3SEA	2101712	GWP2101712
X93480d5662a6	Durum wheat	GRS011-0181	21260203	GRS011-0181-3M-2SEA	2101565	GWP2101565
X9348e5f6adf5	Durum wheat	GRS011-0179	21140189	GRS011-0179 1T-1A-0A-1M-3M	2100783	GWP2100783
X9394f1e9305d	Triticum turgidum subsp. durum	141973	-	-	2101861	GWP2101861
X93a9ac5adcae	Durum wheat	GRS011-0255	21260343	GRS011-0255-3M-3SEA	2101659	GWP2101659
X93c5e5612c53	Durum wheat	GRS011-462	21260568	GRS011-462-1M-1SEA	2101835	GWP2101835
X94157b14108a	Durum wheat	GRS011-0104	21140103	GRS011-0104 1T-2A-0A-1M-1M	2100701	GWP2100701
X949a8a204d5f	Durum wheat	GRS011-0276	21260404	GRS011-0276-1M-2SEA	2101742	GWP2101742
X94a52cf5599b	Bread wheat	GRSW170042	21120066	GRSW170042-M0-M0-M1-M1	2100313	GWP2100313
X94ccbfca8d16	Durum wheat	GRS011-0265	21140387	GRS011-0265 1T-1A-0A-2M-2M	2101116	GWP2101116
X94d0ad04b5e6	Durum wheat	GRS011-0200	21140262	GRS011-0200 1T-3A-0A-3M-2M	2100930	GWP2100930
X94f97a2164b3	Durum wheat	GRS011-0195	21140241	GRS011-0195 1T-2A-0A-2M-5M	2100901	GWP2100901
X951228b86009	Durum wheat	GRS011-0264	21140385	GRS011-0264 1T-4A-0A-2M-2M	2101112	GWP2101112
X95300776987e	Bread wheat	GRSW170048	21120074	GRSW170048-M0-M0-M2-M2	2100330	GWP2100330
X9559ed86e1e7	Bread wheat	GRSW170057	21120099	GRSW170057-M0-M0-M1-M8	2100404	GWP2100404
X955b488193b2	Durum wheat	GRS011-458	21140560	GRS011-458 1T-2A-0A-1M-2M	2101375	GWP2101375
X955dbe9b8bc9	Durum wheat	GRS011-083	21140083	GRS011-083-2M-1M	2100679	GWP2100679
X956bf9a7c5ad	Durum wheat	GRS011-463	21140606	GRS011-463 1T-1A-0A-1M-1M	2101448	GWP2101448
X95a5bc1a865e	Durum wheat	GRS011-458	21140563	GRS011-458-2M-3M	2101389	GWP2101389
X95c6abb09288	Durum wheat	GRS011-0264	21140385	GRS011-0264 1T-4A-0A-2M-3M	2101113	GWP2101113
X95db06ff7e9d	Triticum turgidum subsp. carthlicum	45137	-	-	2101855	GWP2101855
X95eb2e620221	Bread wheat	GRS18-7003	Repl-7	GRS18-7005-8SB-M1-AN1	2100343	GWP2100343
X96050471c70e	Bread wheat	TCI19-7007	2111022	TCI19-7007-M0-M4	2100171	GWP2100171
X9607e2e9ef1d	Durum wheat	GRS011-348	21140463	GRS011-348-2M-2M	2101213	GWP2101213
X9645812c288c	Durum wheat	GRSW170046	21120069	GRSW170046-M0-M0-M1-M2	2100319	GWP2100319
X966a88f5b294	Durum wheat	GRS011-0263	21260541	GRS011-0263 1T-2A-0A-1M-1SEA	2101806	GWP2101806
X96e50363a30a	Durum wheat	GRS011-0197	21140249	GRS011-0197-4M-2M	2100914	GWP2100914
X9720e7627c32	Durum wheat	GRS011-0276	21260407	GRS011-0276 1T-5A-0A-2M-2SEA	2101752	GWP2101752
X972137465f0d	Durum wheat	GRS011-0138	21140141	GRS011-0138-1M-1M	2100736	GWP2100736
X97436bc076eb	Durum wheat	GRS011-0202	21140265	GRS011-0202-2M-1M	2100933	GWP2100933
X9790420aa601	Bread wheat	GRSW170083	Repl-32	GRSW170083-M0-M0-M2-AN1	2100374	GWP2100374
X979b13a0b55b	Durum wheat	MMVT21-23	Repl-58	ICDTR(f2)14-0311-0ST-010TR-0ST-1TR-0ST-1TR-0STR-0AREC	2100453	GWP2100453
X97d144ec6239	Bread wheat	GRSW170041	Repl-12	GRS18-7001-3SB-M1-AN1	2100348	GWP2100348
X97dc052a2596	Durum wheat	-	2115009	0-1M-2M	2101461	GWP2101461
X97f77c584ecb	Durum wheat	GRS011-0272	21140395	GRS011-0272 1T-2A-0A-2M-1M	2101124	GWP2101124
X982eff2aa6fa	Durum wheat	GRS011-016	21140015	GRS011-016-3M-1M	2100629	GWP2100629
X98cb47f67cf0	Bread wheat	GRSW170050	21120079	GRSW170050-M0-M0-M3-M1	2100335	GWP2100335
X98cc37fdd16c	Durum wheat	GRS011-462	21140565	GRS011-462 1T-1A-0A-2M-2M	2101396	GWP2101396
X98fae69ab2c7	Durum wheat	GRS011-0197	21140255	GRS011-0197-3M-2M	2100923	GWP2100923
X99287573bc29	Bread wheat	GRSW170056	21120097	GRSW170056-M0-M0-M2-M3	2100393	GWP2100393
X99394245d71d	Bread wheat	-	2113020	1504048-M0-1603086-M1-18070081-M0-20130013-M1-M4	2100560	GWP2100560
X9955d8af8e97	Durum wheat	GRS011-0253	21140337	GRS011-0253-3M-2M	2101035	GWP2101035
X9957bf5d22c6	Durum wheat	GRS011-0191	21140230	GRS011-0191 1T-2A-0A-3M-3M	2100867	GWP2100867
X99680ec168c7	Bread wheat	TCI19-7006	2111018	TCI19-7006-M3-M1	2100133	GWP2100133
X998e02520269	Bread wheat	GRS011-0284	21140420	GRS011-0284 1T-2A-0A-2M-2M	2101179	GWP2101179
X9990cf711fc4	Durum wheat	GRS011-0253	21140327	GRS011-0253-1M-6M	2101006	GWP2101006
X99c241fc3576	Durum wheat	GRS011-0191	21140232	GRS011-0191-2M-1M	2100875	GWP2100875
X99ca83e00b99	Durum wheat	GRS011-0277	21260413	GRS011-0277-1M-2SEA	2101768	GWP2101768
X99ee9ee6bdf8	Durum wheat	GRS011-024	21140030	GRS011-024-1M-1M	2100642	GWP2100642
X99f5def1b98d	Durum wheat	GRS011-0181	21260200	GRS011-0181-4M-1SEA	2101559	GWP2101559
X99f727722c61	Durum wheat	GRS011-310	21140548	GRS011-310 1T-1A-0A-2M-4M	2101334	GWP2101334
X9a1947b09ce3	Durum wheat	GRS011-0237	21140301	GRS011-0237 1T-3A-0A-1M-2M	2100971	GWP2100971
X9a54c5594f79	Bread wheat	TCI19-7007	2111022	TCI19-7007-M0-M14	2100181	GWP2100181
X9a5fa01e6390	Bread wheat	GRSW170047	21120071	GRSW170047-M0-M0-M2-M1	2100328	GWP2100328
X9a65252dc0af	Bread wheat	GRS18-7001	21120030	GRS18-7001-10SB-M3-M3	2100230	GWP2100230
X9aa0928db697	Bread wheat	-	Repl-37	1504066-M0-1603047-M0-18070022-M0-20130002-M1-AN1	2100382	GWP2100382
X9adc23b3e113	Durum wheat	GRS011-0253	21140332	GRS011-0253-3M-2M	2101019	GWP2101019
X9b06ca5f558a	Bread wheat	-	2113029	1504023-M0-1603069-M1-18070103-M0-20130017-M2-M1	2100576	GWP2100576
X9b2381448b32	Durum wheat	GRS011-0138	21140138	GRS011-0138 1T-2A-0A-1M-2M	2100729	GWP2100729
X9b2e7c13be25	Bread wheat	TCI19-7001	2111002	TCI19-7001-M2-M7	2100007	GWP2100007
X9ba492121261	Durum wheat	GRS011-0263	21260381	GRS011-0263 1T-1A-0A-2M-1SEA	2101707	GWP2101707
X9bb2fc1630d6	Durum wheat	GRS011-0209	21140273	GRS011-0209 1T-2A-0A-2M-2M	2100945	GWP2100945
X9bbefc4d1885	Bread wheat	TCI19-7002	2111008	TCI19-7002-M1-M8	2100066	GWP2100066
X9be52103ad23	Triticum turgidum subsp. durum	142015	-	-	2101865	GWP2101865
X9c14a6958b0c	Durum wheat	GRS011-0191	21140229	GRS011-0191 1T-2A-0A-2M-1M	2100863	GWP2100863
X9c15a1f19ed9	Durum wheat	GRS011-0104	21260103	GRS011-0104 1T-2A-0A-1M-3SEA	2101518	GWP2101518
X9c3921117b52	Bread wheat	TCI19-7002	2111007	TCI19-7002-M1-M8	2100055	GWP2100055
X9c47758d8af0	Durum wheat	GRS011-0200	21260261	GRS011-0200 1T-3A-0A-2M-1SEA	2101588	GWP2101588
X9c4fef54f095	Durum wheat	GRS011-0112	21140115	GRS011-0112 1T-3A-0A-2M-1M	2100714	GWP2100714
X9cb53e6cd576	Bread wheat	-	2113008	1504027-M0-1603016-M0-18070042-M0-20130007-M1-M4	2100544	GWP2100544
X9cdb24907a68	Durum wheat	GRS011-0257	21140362	GRS011-0257-1M-1M	2101069	GWP2101069
X9ce3ca9316a5	Durum wheat	GRS011-0257	21140353	GRS011-0257 1T-1A-0A-1M-2M	2101057	GWP2101057
X9d4b70640d89	Durum wheat	GRS011-0209	21260272	GRS011-0209 1T-2A-0A-1M-1SEA	2101600	GWP2101600
X9dafc2f7a1ef	Bread wheat	GRSW170077	21120122	GRSW170077-M0-M0-M1-M1	2100471	GWP2100471
X9db0234daad1	Durum wheat	GRS011-0197	21140507	GRS011-0197 1T-3A-0A-1M-3M	2101263	GWP2101263
X9e011f275490	Durum wheat	GRS011-0125	21140122	GRS011-0125 1T-1A-0A-2M-2M	2100718	GWP2100718
X9e321972337a	Durum wheat	GRS011-0263	21140380	GRS011-0263 1T-1A-0A-1M-1M	2101106	GWP2101106
X9e5446583a9a	Durum wheat	GRS011-0253	21140327	GRS011-0253-1M-1M	2101001	GWP2101001
X9ed3c8fbe58b	Durum wheat	GRSW170076	21120121	GRSW170076-M0-M0-M2-M3	2100468	GWP2100468
X9ee2dd9adb56	Bread wheat	GRS18-7001	21120007	GRS18-7001-3SB-M1-M2	2100281	GWP2100281
X9ef9469e0247	Bread wheat	GRS18-7001	21120007	GRS18-7001-3SB-M1-M5	2100192	GWP2100192
X9f57a2df04dd	Durum wheat	GRS011-0131	21140494	GRS011-0131-1M-1M	2101238	GWP2101238
X9f9159278068	Durum wheat	GRS011-0209	21140273	GRS011-0209 1T-2A-0A-2M-1M	2100944	GWP2100944
X9fc5118e9a56	Durum wheat	GRS011-0276	21260401	GRS011-0276 1T-3A-0A-2M-8SEA	2101734	GWP2101734
a0089f224d4e	Durum wheat	GRS011-373	21140466	GRS011-373 1T-1A-0A-1M-1M	2101217	GWP2101217
a041e01d91bf	Durum wheat	GRS011-0202	21260264	GRS011-0202-1M-1SEA	2101595	GWP2101595
a068c7c9d66b	Bread wheat	GRS18-7001	21120014	GRS18-7001-5SB-M2-M1	2100200	GWP2100200
a09ef8b2a182	Durum wheat	GRS011-0272	21140543	GRS011-0272 1T-1A-0A-1M-1M	2101317	GWP2101317
a0b4d4a75ab8	Durum wheat	GRS011-0149	21140148	GRS011-0149 1T-1A-0A-4M-1M	2100757	GWP2100757
a0cb5edba61f	Bread wheat	TCI19-7003	2111009	TCI19-7003-M1-M1	2100072	GWP2100072
a0e4a54636fe	Durum wheat	MMVT21-11	Repl-69	ICD06-87-BLMSD-0AP-4AP-0T-1AP-0T-2AP-0APT-1AP-0AP-0AN-0MCH-0MCH-0MCH	2100474	GWP2100474
a0fc2a0aab0d	Bread wheat	GRSW170057	21120100	GRSW170057-M0-M0-M2-M1	2100405	GWP2100405
a118049dc1ee	Durum wheat	GRS011-0265	21260387	GRS011-0265 1T-1A-0A-2M-3SEA	2101716	GWP2101716
a1218ed6b5b8	Durum wheat	GRSW170019	21120050	GRSW170019-M0-M0-M1-M5	2100267	GWP2100267
a1247b316ba1	Durum wheat	GRS011-0194	21140239	GRS011-0194 1T-3A-0A-2M-2M	2100892	GWP2100892
a138cb7d1808	Durum wheat	GRS011-465	21260556	GRS011-465-2M-1SEA	2101812	GWP2101812
a1561a23093b	Durum wheat	GRS011-0218	21140281	GRS011-0218 1T-1A-0A-1M-3M	2100953	GWP2100953
a16a12e50d01	Durum wheat	GRS011-0193	21140236	GRS011-0193-2M-1M	2100883	GWP2100883
a16cf2ac2c9e	Bread wheat	GRSW170044	Repl-14	GRS18-7001-4SB-M1-AN1	2100350	GWP2100350
a17736e50f9b	Durum wheat	GRS011-0189	21140500	GRS011-0189-2M-4M	2101254	GWP2101254
a1b0875f073c	Durum wheat	Louiza	-	-	2101410	GWP2101410
a1d9145fc663	Durum wheat	GRS011-0218	21140281	GRS011-0218 1T-1A-0A-1M-2M	2100952	GWP2100952
a1d990e19152	Bread wheat	TCI19-7006	2111021	TCI19-7006-M2-M6	2100158	GWP2100158
a1f1b05cb24f	Durum wheat	GRS011-0179	21260192	GRS011-0179-3M-2SEA	2101551	GWP2101551
a214bec65003	Bread wheat	TCI19-7003	2111010	TCI19-7003-M1-M2	2100084	GWP2100084
a22399480de5	Durum wheat	GRS011-0194	21140238	GRS011-0194 1T-3A-0A-1M-1M	2100887	GWP2100887
a224ab6c2a63	Durum wheat	GRS011-0276	21260408	GRS011-0276 1T-1A-0A-1M-3SEA	2101758	GWP2101758
a22a5c751488	Durum wheat	GRS011-0262	21140375	GRS011-0262 1T-1A-0A-1M-1M	2101093	GWP2101093
a2816573854f	Durum wheat	GRS011-0189	21140223	GRS011-0189 1T-2A-0A-3M-1M	2100842	GWP2100842
a28246b43421	Durum wheat	GRS011-0258	21140364	GRS011-0258 1T-2A-0A-1M-1M	2101072	GWP2101072
a28d10a0bf18	Bread wheat	GRS18-7005	21120044	GRS18-7005-4SB-M1-M5	2100247	GWP2100247
a2a29b80e1fa	Durum wheat	GRS011-0125	21140127	GRS011-0125-1M-1M	2100720	GWP2100720
a2a4d825210d	Durum wheat	GRS011-0253	21140337	GRS011-0253-3M-2M	2101127	GWP2101127
a2cc11c13030	Durum wheat	GRS011-0250	21140525	GRS011-0250-2M-3M	2101292	GWP2101292
a3097f77ff4c	Durum wheat	GRS011-0125	21140122	GRS011-0125 1T-1A-0A-2M-1M	2100717	GWP2100717
a315caf09827	Durum wheat	GRS011-0253	21140328	GRS011-0253-2M-2M	2101008	GWP2101008
a36ec7b9efac	Durum wheat	GRS011-016	21140014	GRS011-016-2M-1M	2100626	GWP2100626
a392d83c536b	Durum wheat	GRS011-0262	21260377	GRS011-0262-2M-2SEA	2101702	GWP2101702
a3bc6f23c51c	Bread wheat	GRSW170083	21120132	GRSW170083-M0-M0-M1-M4	2100503	GWP2100503
a3eb4dccf377	Durum wheat	GRS011-0258	21140366	GRS011-0258 1T-2A-0A-3M-2M	2101077	GWP2101077
a402933bfef0	Durum wheat	GRS011-0217	21140520	GRS011-0217 1T-2A-0A-1M-1M	2101282	GWP2101282
a408421e35a9	Durum wheat	GRS011-0257	21140531	GRS011-0257 1T-1A-0A-2M-1M	2101301	GWP2101301
a41d23dd1c45	Durum wheat	GRS011-0250	21140525	GRS011-0250-2M-1M	2101290	GWP2101290
a4352d14f91e	Durum wheat	GRS011-0273	21260398	GRS011-0273 1T-3A-0A-1M-1SEA	2101750	GWP2101750
a43c55205cbd	Bread wheat	-	Repl-53	1504030-M0-1603073-M0-18070109-M0-20130021-M1-AN1	2100448	GWP2100448
a48588aeafb9	Durum wheat	GRS011-0112	21260115	GRS011-0112 1T-3A-0A-2M-1SEA	2101526	GWP2101526
a49bd382e3ff	Durum wheat	GRS011-0258	21260364	GRS011-0258 1T-2A-0A-1M-2SEA	2101678	GWP2101678
a4b80fae0cb1	Durum wheat	GRS011-0179	21140193	GRS011-0179-4M-1M	2100793	GWP2100793
a4d218119553	Durum wheat	GRS011-487	21140450	GRS011-487-2M-5M	2101206	GWP2101206
a4e8fc7345d8	Bread wheat	GRSW170044	21120068	GRSW170044-M0-M0-M1-M2	2100316	GWP2100316
a52c1c3724fb	Durum wheat	GRS011-0272	21260396	GRS011-0272 1T-2A-0A-1M-1SEA	2101718	GWP2101718
a54ae959aa5e	Durum wheat	GRS011-351	21140589	GRS011-351 1T-2A-0A-1M-1M	2101437	GWP2101437
a54e80824709	Durum wheat	GRSW170019	21120051	GRSW170019-M0-M0-M2-M2	2100272	GWP2100272
a555846426e1	Durum wheat	GRS011-472	21140580	GRS011-472 1T-1A-0A-2M-2M	2101430	GWP2101430
a57214b7f40f	Durum wheat	GRS011-0209	21260272	GRS011-0209 1T-2A-0A-1M-2SEA	2101601	GWP2101601
a5874e61a7fb	Bread wheat	GRS18-7001	21120021	GRS18-7001-7SB-M3-M1	2100209	GWP2100209
a5886ce1533e	Durum wheat	GRS011-462	21260566	GRS011-462-1M-1SEA	2101831	GWP2101831
a58df8bc5a0a	Bread wheat	-	2113021	1504048-M0-1603086-M2-18070081-M0-20130013-M2-M5	2100567	GWP2100567
a59d8ec453ba	Durum wheat	GRS011-0197	21140247	GRS011-0197-2M-2M	2100909	GWP2100909
a5dbe4b02378	Durum wheat	GRS011-465	21140556	GRS011-465-2M-1M	2101359	GWP2101359
a5e037c9c3fe	Durum wheat	GRS011-0249	21260319	GRS011-0249 1T-1A-0A-1M-1SEA	2101631	GWP2101631
a5e0cd76d9f6	Bread wheat	GRSW170040	21120062	GRSW170040-M0-M0-M3-M5	2100301	GWP2100301
a620c781e84f	Bread wheat	-	2113037	1504030-M0-1603073-M0-18070109-M0-20130021-M1-M3	2100603	GWP2100603
a6a25dc09b4f	Durum wheat	GRS011-487	21140450	GRS011-487-2M-1M	2101202	GWP2101202
a6e9520b36a0	Durum wheat	GRS011-016	21140010	GRS011-016 1T-3A-0A-1M-4M	2100616	GWP2100616
a712fafa26f6	Bread wheat	GRS18-7001	21120008	GRS18-7001-3SB-M2-M1	2100193	GWP2100193
a78a30bbe3ac	Durum wheat	GRS011-0260	21140370	GRS011-0260 1T-4A-0A-2M-1M	2101084	GWP2101084
a78d64152908	Bread wheat	TCI19-7003	2111009	TCI19-7003-M1-M11	2100082	GWP2100082
a7ba7b161021	Durum wheat	GRS011-0262	21140537	GRS011-0262 1T-1A-0A-1M-1M	2101308	GWP2101308
a7bb03e26593	Durum wheat	GRS011-0184	21260204	GRS011-0184 1T-1A-0A-1M-2SEA	2101567	GWP2101567
a7c36486cdb8	Durum wheat	GRS011-0197	21140255	GRS011-0197-3M-1M	2100922	GWP2100922
a7d02ac4efb1	Durum wheat	GRS011-0276	21260402	GRS011-0276 1T-1A-0A-1M-1SEA	2101735	GWP2101735
a7e8e1b0a6b1	Durum wheat	GRS011-0189	21260500	GRS011-0189-2M-1SEA	2101794	GWP2101794
a821e5e83d27	Bread wheat	-	Repl-39	1504027-M0-1603016-M0-18070042-M0-20130007-M2-AN1	2100384	GWP2100384
a835a5799759	Durum wheat	GRS011-0265	21260387	GRS011-0265 1T-1A-0A-2M-1SEA	2101714	GWP2101714
a83ed4ad7532	Bread wheat	GRS18-7001	21120029	GRS18-7001-10SB-M2-M3	2100226	GWP2100226
a844d47102b5	Durum wheat	GRS011-0272	21140545	GRS011-0272 1T-2A-0A-1M-1M	2101323	GWP2101323
a853b8a842ff	Bread wheat	TCI19-7003	2111010	TCI19-7003-M1-M11	2100187	GWP2100187
a862ce508443	Bread wheat	TCI19-7002	2111005	TCI19-7002-M2-M1	2100030	GWP2100030
a887ab490584	Durum wheat	GRS011-0195	21140242	GRS011-0195 1T-2A-0A-3M-3M	2100904	GWP2100904
a8fcbd5092f6	Durum wheat	GRS011-0250	21140525	GRS011-0250-2M-2M	2101291	GWP2101291
a94c72bffcb2	Bread wheat	GRSW170041	21120065	GRSW170041-M0-M0-M3-M4	2100310	GWP2100310
a95cd81250a4	Durum wheat	GRS011-0181	21260196	GRS011-0181 1T-2A-0A-1M-4SEA	2101556	GWP2101556
a9af3480178a	Durum wheat	GRS011-322	21140552	GRS011-322 1T-4A-0A-1M-3M	2101345	GWP2101345
a9c4fdac6c5f	Durum wheat	GRS011-0191	21260230	GRS011-0191 1T-2A-0A-3M-1SEA	2101574	GWP2101574
aa063eb0ffd4	Durum wheat	129083	-	-	2101479	GWP2101479
aa08e7fe49d0	Durum wheat	GRS011-462	21140568	GRS011-462-1M-2M	2101407	GWP2101407
aa193e60d9c6	Bread wheat	GRSW170056	21120098	GRSW170056-M0-M0-M3-M3	2100396	GWP2100396
aa3ca6f637bd	Bread wheat	TCI19-7002	2111005	TCI19-7002-M2-M4	2100033	GWP2100033
aa5b9f8a644c	Durum wheat	GRS011-0258	21140368	GRS011-0258 1T-1A-0A-2M-3M	2101082	GWP2101082
aa7debe6b069	Durum wheat	Louiza	-	-	2101504	GWP2101504
aa8f0c2e90e1	Durum wheat	GRS011-0179	21140191	GRS011-0179-2M-1M	2100785	GWP2100785
aac4448c3e64	Bread wheat	-	2113020	1504048-M0-1603086-M1-18070081-M0-20130013-M1-M2	2100558	GWP2100558
aae4e507f3ae	Bread wheat	GRSW170084	21120136	GRSW170084-M0-M0-M2-M5	2100526	GWP2100526
ab22c040a535	Bread wheat	GRSW170048	21120074	GRSW170048-M0-M0-M2-M1	2100329	GWP2100329
ab384993d4bd	Bread wheat	GRSW170084	21120137	GRSW170084-M0-M0-M3-M4	2100530	GWP2100530
ab3a7ada5c46	Durum wheat	GRS011-0202	21260266	GRS011-0202-1M-1SEA	2101599	GWP2101599
ab9645a9d8f2	Durum wheat	GRSW170080	21120127	GRSW170080-M0-M0-M2-M1	2100484	GWP2100484
abc4d0f9cc5a	Durum wheat	GRS011-0149	21140147	GRS011-0149 1T-1A-0A-3M-5M	2100756	GWP2100756
abd1c2e566a3	Bread wheat	-	Repl-50	1504023-M0-1603069-M4-18070104-M0-20130018-M2-AN1	2100445	GWP2100445
abdf1f901244	Bread wheat	GRS18-7002	21120037	GRS18-7002-4SB-M2-M2	2100238	GWP2100238
ac251d4cba5a	Durum wheat	GRS011-0185	21140210	GRS011-0185 1T-1A-0A-2M-2M	2100815	GWP2100815
ac2f5c9af42d	Durum wheat	GRS011-0253	21260328	GRS011-0253-2M-3SEA	2101642	GWP2101642
ac9e28cec835	Durum wheat	GRS011-0197	21140253	GRS011-0197-1M-2M	2100919	GWP2100919
acbd4cbd3ada	Durum wheat	GRS011-0194	21140239	GRS011-0194 1T-3A-0A-2M-1M	2100891	GWP2100891
acd1321e6b92	Durum wheat	GRS011-0253	21140325	GRS011-0253 1T-1A-0A-2M-2M	2101000	GWP2101000
ad02fe135e80	Durum wheat	GRS011-062	21140051	GRS011-062 1T-2A-0A-1M-4M	2100665	GWP2100665
ad29e27e01de	Durum wheat	GRS011-465	21140555	GRS011-465-1M-5M	2101357	GWP2101357
ad5440da1dc7	Durum wheat	GRS011-0253	21140333	GRS011-0253-1M-3M	2101022	GWP2101022
ad831300c0b6	Bread wheat	GRSW170083	21120133	GRSW170083-M0-M0-M2-M2	2100507	GWP2100507
ad9bf6a22796	Bread wheat	TCI19-7003	2111012	TCI19-7003-M2-M3	2100112	GWP2100112
ada5cc88713b	Bread wheat	TCI19-7006	2111020	TCI19-7006-M1-M4	2100149	GWP2100149
add9c994b49e	Durum wheat	GRS011-0184	21140206	GRS011-0184 1T-1A-0A-3M-2M	2100812	GWP2100812
ae0a2bf46010	Durum wheat	MMVT21-17	Repl-75	Amamou	2100498	GWP2100498
ae13c015d885	Durum wheat	129081	-	-	2101478	GWP2101478
ae184055bc84	Durum wheat	GRS011-0185	21140218	GRS011-0185 1T-2A-0A-3M-3M	2100830	GWP2100830
ae32aa5532e5	Bread wheat	TCI19-7002	2111005	TCI19-7002-M2-M3	2100032	GWP2100032
ae3bfe08cb0c	Durum wheat	GRS011-0276	21260401	GRS011-0276 1T-3A-0A-2M-1SEA	2101727	GWP2101727
aea48038f69a	Bread wheat	TCI19-7002	2111007	TCI19-7002-M1-M7	2100054	GWP2100054
aec6ba6fc6b7	Durum wheat	GRS011-037	21140048	GRS011-037-1M-2M	2100751	GWP2100751
aed00a47352a	Durum wheat	GRS011-0301	21260435	GRS011-0301 1T-1A-0A-2M-1SEA	2101775	GWP2101775
aeedb593136e	Bread wheat	TCI19-7001	2111003	TCI19-7001-M1-M3	2100016	GWP2100016
af1c67583ca4	Durum wheat	GRS011-0252	21140526	GRS011-0252 1T-1A-0A-1M-3M	2101296	GWP2101296
af2b2d640ff9	Bread wheat	GRSW170057	21120100	GRSW170057-M0-M0-M2-M4	2100408	GWP2100408
af86320cd2b4	Durum wheat	GRS011-0149	21140147	GRS011-0149 1T-1A-0A-3M-1M	2100750	GWP2100750
afc2d3998591	Durum wheat	GRS011-016	21140010	GRS011-016 1T-3A-0A-1M-6M	2100618	GWP2100618
afce341318ac	Durum wheat	GRS011-317	21140439	GRS011-317 1T-3A-0A-1M-1M	2101190	GWP2101190
aff813908701	Bread wheat	GRSW170062	21120102	GRSW170062-M0-M0-M1-M4	2100420	GWP2100420
b015f5b1a00c	Durum wheat	GRS011-0184	21140204	GRS011-0184 1T-1A-0A-1M-3M	2100809	GWP2100809
b0207caedf75	Bread wheat	GRS18-7005	21120047	GRS18-7005-8SB-M1-M5	2100259	GWP2100259
b031a867287a	Durum wheat	GRS011-0149	21140146	GRS011-0149 1T-1A-0A-2M-2M	2100749	GWP2100749
b0406fd39f33	Durum wheat	GRS011-016	21260013	GRS011-016-1M-1SEA	2101499	GWP2101499
b0469266d1c9	Bread wheat	-	2113001	1504066-M0-1603047-M0-18070021-M0-20130001-M1-M1	2100535	GWP2100535
b04edbf5f577	Durum wheat	GRS011-0189	21140222	GRS011-0189 1T-2A-0A-2M-2M	2100837	GWP2100837
b057ec980a4a	Durum wheat	GRS011-0263	21140538	GRS011-0263 1T-2A-0A-1M-1M	2101310	GWP2101310
b06d7270515e	Durum wheat	GRS011-462	21140567	GRS011-462-2M-2M	2101405	GWP2101405
b0722687a93f	Bread wheat	TCI19-7002	2111004	TCI19-7002-M1-M2	2100021	GWP2100021
b0c65a7e03a1	Bread wheat	TCI19-7002	2111006	TCI19-7002-M3-M2	2100038	GWP2100038
b0ff1ffd0fe5	Bread wheat	TCI19-7001	2111003	TCI19-7001-M1-M4	2100017	GWP2100017
b0ff2dd57b16	Bread wheat	TCI19-7007	2111022	TCI19-7007-M0-M6	2100173	GWP2100173
b122251e677c	Durum wheat	GRS011-0112	21140114	GRS011-0112 1T-3A-0A-1M-3M	2100712	GWP2100712
b1404c3f1097	Durum wheat	GRS011-462	21260568	GRS011-462-1M-3SEA	2101837	GWP2101837
b141bce27563	Durum wheat	GRS011-472	21140577	GRS011-472 1T-3A-0A-1M-3M	2101427	GWP2101427
b162cd216a87	Bread wheat	TCI19-7002	2111008	TCI19-7002-M1-M5	2100063	GWP2100063
b19f79d4d5ae	Durum wheat	GRS011-0146	21140144	GRS011-0146 1T-2A-0A-2M-2M	2100743	GWP2100743
b1b75d9ad473	Durum wheat	GRS011-465	21140554	GRS011-465 1T-3A-0A-1M-6M	2101352	GWP2101352
b1c6945f5b68	Durum wheat	GRSW170080	21120128	GRSW170080-M0-M0-M3-M1	2100489	GWP2100489
b1d125947d7a	Durum wheat	GRS011-0276	21260409	GRS011-0276 1T-1A-0A-2M-6SEA	2101766	GWP2101766
b1f744f28546	Durum wheat	GRS011-0138	21140138	GRS011-0138 1T-2A-0A-1M-1M	2100728	GWP2100728
b21797a37de3	Durum wheat	GRS011-0287	21260427	GRS011-0287 1T-1A-0A-1M-1SEA	2101772	GWP2101772
b24c52710ec9	Durum wheat	GRS011-462	21140565	GRS011-462 1T-1A-0A-2M-1M	2101395	GWP2101395
b281270fe2a0	Durum wheat	GRS011-373	21260467	GRS011-373 1T-1A-0A-2M-2SEA	2101787	GWP2101787
b28439b493dd	Durum wheat	GRS011-321	21140550	GRS011-321 1T-3A-0A-1M-3M	2101338	GWP2101338
b297c98f835b	Bread wheat	GRS18-7001	21120023	GRS18-7001-8SB-M2-M2	2100211	GWP2100211
b2aa959aed29	Bread wheat	-	Repl-36	1504066-M0-1603047-M0-18070021-M0-20130001-M2-AN1	2100381	GWP2100381
b2be20f6537e	Durum wheat	MMVT21-31	Repl-68	Taghouti	2100473	GWP2100473
b2d33cfbf7e6	Bread wheat	GRSW170057	21120099	GRSW170057-M0-M0-M1-M7	2100403	GWP2100403
b2d9073ec441	Durum wheat	GRS011-0253	21260328	GRS011-0253-2M-4SEA	2101643	GWP2101643
b36047b371f3	Durum wheat	GRS011-0138	21140140	GRS011-0138 1T-2A-0A-3M-2M	2100732	GWP2100732
b3823a25ebd1	Durum wheat	GRS011-0240	21260305	GRS011-0240 1T-2A-0A-1M-1SEA	2101618	GWP2101618
b3952c6d63d1	Durum wheat	GRS011-037	21140048	GRS011-037-1M-1M	2100656	GWP2100656
b3a6459edeeb	Durum wheat	GRS011-0272	21260397	GRS011-0272 1T-2A-0A-2M-1SEA	2101720	GWP2101720
b3adf2b8ebbf	Durum wheat	GRS011-062	21140051	GRS011-062 1T-2A-0A-1M-2M	2100663	GWP2100663
b3bdf4f42971	Durum wheat	GRS011-0200	21140262	GRS011-0200 1T-3A-0A-3M-3M	2100931	GWP2100931
b3e9871b667f	Bread wheat	GRS011-0229	21140295	GRS011-0229 1T-1A-0A-2M-1M	2100964	GWP2100964
b424da7d0d0c	Durum wheat	GRS011-0131	21140494	GRS011-0131-1M-4M	2101241	GWP2101241
b42f48ca4db5	Bread wheat	-	2113039	1504030-M0-1603073-M0-18070109-M0-20130021-M3-M1	2100608	GWP2100608
b445c641b7a8	Bread wheat	GRS18-7005	21120046	GRS18-7005-7SB-M2-M1	2100252	GWP2100252
b45420fd1097	Durum wheat	GRS011-0191	21140230	GRS011-0191 1T-2A-0A-3M-4M	2100868	GWP2100868
b45b9a171899	Durum wheat	MMVT21-43	Repl-73	BD AV6	2100496	GWP2100496
b460097549b0	Durum wheat	GRS011-0197	21140508	GRS011-0197-1M-1M	2101264	GWP2101264
b46eb195fdce	Bread wheat	TCI19-7002	2111004	TCI19-7002-M1-M3	2100022	GWP2100022
b47415dc028a	Durum wheat	GRS011-0217	21260521	GRS011-0217 1T-3A-0A-1M-1SEA	2101799	GWP2101799
b501c16e0dac	Bread wheat	GRSW170084	21120135	GRSW170084-M0-M0-M1-M3	2100521	GWP2100521
b53ae13ea5e7	Durum wheat	GRS011-0262	21140536	GRS011-0262 1T-3A-0A-1M-3M	2101307	GWP2101307
b53d11bfc8d0	Durum wheat	GRS011-0202	21260266	GRS011-0202-1M-1SEA	2101691	GWP2101691
b55c54814bf9	Durum wheat	GRS011-089	21140090	GRS011-089 1T-2A-0A-1M-1M	2100685	GWP2100685
b58006095d0f	Durum wheat	GRS011-0276	21260400	GRS011-0276 1T-3A-0A-1M-4SEA	2101725	GWP2101725
b593f6bd0b7f	Durum wheat	GRS011-0258	21140367	GRS011-0258 1T-1A-0A-1M-2M	2101079	GWP2101079
b5a194e47cf9	Durum wheat	GRS011-0150	21140151	GRS011-0150-1M-1M	2100760	GWP2100760
b5a2db7d2acd	Durum wheat	GRS011-028	21140039	GRS011-028 1T-1A-0A-1M-1M	2100645	GWP2100645
b5a44c6527d6	Bread wheat	GRS011-0277	21140414	GRS011-0277-2M-7M	2101168	GWP2101168
b5c85f3ad46e	Durum wheat	GRS011-0229	2115011	GRS011-0229 1T-3A-0A-1M-2M	2101463	GWP2101463
b5f0bf842750	Durum wheat	GRS011-0189	21140222	GRS011-0189 1T-2A-0A-2M-5M	2100840	GWP2100840
b60cf1f81cc5	Durum wheat	GRS011-0262	21260373	GRS011-0262 1T-1A-0A-1M-2SEA	2101696	GWP2101696
b694651ee1c8	Bread wheat	TCI19-7002	2111008	TCI19-7002-M1-M2	2100060	GWP2100060
b6c6d4650044	Durum wheat	GRS011-458	21140561	GRS011-458 1T-2A-0A-2M-1M	2101376	GWP2101376
b6cc30e83641	Durum wheat	GRS011-0146	21140143	GRS011-0146 1T-2A-0A-1M-1M	2100737	GWP2100737
b6d3394cf7ef	Durum wheat	GRS011-0179	21260190	GRS011-0179-1M-1SEA	2101547	GWP2101547
b70c08f31bef	Durum wheat	GRS011-0257	21260534	GRS011-0257-1M-1SEA	2101804	GWP2101804
b751094dfe9f	Bread wheat	TCI19-7002	2111004	TCI19-7002-M1-M1	2100020	GWP2100020
b7520a54d4f2	Durum wheat	GRS011-016	21140010	GRS011-016 1T-3A-0A-1M-5M	2100617	GWP2100617
b7695930ce31	Durum wheat	Louiza	-	-	2100094	GWP2100094
b7d4b1db2198	Bread wheat	GRS011-0276	21140408	GRS011-0276 1T-1A-0A-1M-2M	2101152	GWP2101152
b8476044797d	Bread wheat	Achtar	-	-	2101482	GWP2101482
b848569dab7e	Durum wheat	GRS011-0190	21140226	GRS011-0190 1T-3A-0A-3M-2M	2100858	GWP2100858
b84d298d67b9	Durum wheat	GRS011-465	21140558	GRS011-465 1T-1A-0A-1M-1M	2101368	GWP2101368
b8b3a2ff4be2	Durum wheat	GRS011-0255	21140342	GRS011-0255-2M-2M	2101041	GWP2101041
b8b94d198550	Durum wheat	GRS011-465	21140556	GRS011-465-2M-5M	2101363	GWP2101363
b8cbfbe5df53	Durum wheat	GRSW170019	21120050	GRSW170019-M0-M0-M1-M3	2100265	GWP2100265
b8e3ad9620ea	Durum wheat	GRS011-016	21140015	GRS011-016-3M-3M	2100631	GWP2100631
b8f269a58b9d	Bread wheat	Terbol	-	-	2101483	GWP2101483
b8f2dcfbc05f	Durum wheat	GRS011-0257	21140530	GRS011-0257 1T-1A-0A-1M-2M	2101300	GWP2101300
b902f8e51441	Durum wheat	GRS011-0260	21140371	GRS011-0260 1T-1A-0A-1M-2M	2101086	GWP2101086
b90741a97d45	Durum wheat	GRS011-472	21260577	GRS011-472 1T-3A-0A-1M-1SEA	2101846	GWP2101846
b90c6e885470	Bread wheat	GRS011-0276	21140407	GRS011-0276 1T-5A-0A-2M-1M	2101148	GWP2101148
b9396f6976dd	Durum wheat	GRS011-321	21140551	GRS011-321 1T-3A-0A-1M-2M	2101341	GWP2101341
b9572bea1790	Durum wheat	GRS011-0257	21260360	GRS011-0257 1T-2A-0A-1M-1SEA	2101675	GWP2101675
b979886bc0a0	Durum wheat	GRS011-0276	21260400	GRS011-0276 1T-3A-0A-1M-3SEA	2101724	GWP2101724
b98610f02774	Durum wheat	GRS011-078	21260062	GRS011-078-2M-2SEA	2101513	GWP2101513
b991ea2c959a	Durum wheat	GRS011-0296	21260433	GRS011-0296 1T-3A-0A-1M-1SEA	2101773	GWP2101773
b9a19b28b282	Bread wheat	GRS18-7001	21120030	GRS18-7001-10SB-M3-M1	2100228	GWP2100228
b9a5980229c6	Durum wheat	GRS011-462	21260573	GRS011-462-1M-3SEA	2101844	GWP2101844
b9b631d5914e	Durum wheat	GRS011-0209	21260273	GRS011-0209 1T-2A-0A-2M-1SEA	2101603	GWP2101603
b9e20b5573f3	Durum wheat	GRSW170080	21120126	GRSW170080-M0-M0-M1-M5	2100481	GWP2100481
ba343fb44558	Durum wheat	GRS011-0179	21140191	GRS011-0179-2M-4M	2100788	GWP2100788
ba397d9cd5ac	Durum wheat	GRS011-331	21140458	GRS011-331 1T-2A-0A-2M-1M	2101208	GWP2101208
ba3980802cf3	Bread wheat	GRS011-0276	21140409	GRS011-0276 1T-1A-0A-2M-2M	2101154	GWP2101154
ba3e49453899	Bread wheat	GRSW170047	21120070	GRSW170047-M0-M0-M1-M4	2100323	GWP2100323
ba455a7de1f0	Durum wheat	GRS011-0215	21260278	GRS011-0215 1T-1A-0A-2M-1SEA	2101607	GWP2101607
ba4d2834dc89	Bread wheat	TCI19-7003	2111011	TCI19-7003-M1-M1	2100098	GWP2100098
ba5a61e8d6f7	Durum wheat	GRS011-0197	21140248	GRS011-0197-3M-1M	2100911	GWP2100911
ba5dae0d36c2	Durum wheat	GRS011-0261	2115012	GRS011-0261 1T-3A-0A-1M-2M	2101465	GWP2101465
ba5f0465d181	Bread wheat	GRSW170056	Repl-24	GRS18-7002-3SB-M1-AN1	2100360	GWP2100360
ba7fed43d6aa	Durum wheat	GRS011-0253	21140324	GRS011-0253 1T-1A-0A-1M-4M	2100998	GWP2100998
ba8bd78eb13d	Durum wheat	GRS011-470	21140447	GRS011-470 1T-4A-0A-2M-1M	2101200	GWP2101200
bac46721335a	Bread wheat	GRSW170062	21120102	GRSW170062-M0-M0-M1-M5	2100421	GWP2100421
bb18574c0cfd	Durum wheat	GRS011-0132	21140130	GRS011-0132 1T-2A-0A-1M-1M	2100725	GWP2100725
bb4c90050512	Durum wheat	GRS011-0257	21260360	GRS011-0257 1T-2A-0A-1M-2SEA	2101676	GWP2101676
bbc5f9dc720b	Bread wheat	GRSW170084	21120137	GRSW170084-M0-M0-M3-M2	2100528	GWP2100528
bc4c08c4c041	Bread wheat	GRSW170084	21120137	GRSW170084-M0-M0-M3-M5	2100531	GWP2100531
bc4eea161abf	Durum wheat	GRS011-0276	21260401	GRS011-0276 1T-3A-0A-2M-6SEA	2101732	GWP2101732
bc50a82f79e4	Durum wheat	GRS011-0257	21140353	GRS011-0257 1T-1A-0A-1M-1M	2101056	GWP2101056
bc5ccc74fd45	Durum wheat	GRS011-0138	21260138	GRS011-0138 1T-2A-0A-1M-1SEA	2101537	GWP2101537
bc8fef6c6cae	Durum wheat	GRS011-034	21140046	GRS011-034 1T-1A-0A-1M-2M	2100648	GWP2100648
bcc30cb1067d	Durum wheat	GRS011-470	21140446	GRS011-470 1T-4A-0A-1M-3M	2101197	GWP2101197
bcc9a6a92169	Bread wheat	TCI19-7005	2111015	TCI19-7005-M2-M2	2100118	GWP2100118
bd2334435f53	Durum wheat	GRS011-0283	2115018	GRS011-0283 1T-2A-0A-2M-1M	2101470	GWP2101470
bd27765ac1ee	Durum wheat	GRS011-358	21140464	GRS011-358 1T-1A-0A-1M-1M	2101215	GWP2101215
bd3a0094892a	Bread wheat	GRSW170040	21120060	GRSW170040-M0-M0-M1-M2	2100292	GWP2100292
bd9b1dfcd47a	Durum wheat	GRS011-062	21140053	GRS011-062 1T-2A-0A-3M-2M	2100669	GWP2100669
bdbe53d0c226	Bread wheat	-	2113008	1504027-M0-1603016-M0-18070042-M0-20130007-M1-M1	2100541	GWP2100541
bdc5855d6265	Bread wheat	GRS18-7001	21120023	GRS18-7001-8SB-M2-M1	2100210	GWP2100210
bdc830476ff2	Durum wheat	GRS011-085	21140493	GRS011-085-2M-1M	2101237	GWP2101237
bdd69814eb28	Bread wheat	GRS011-0277	21140413	GRS011-0277-1M-1M	2101157	GWP2101157
bdd879d49fa2	Bread wheat	TCI19-7002	2111007	TCI19-7002-M1-M3	2100050	GWP2100050
bdea9ea96fb9	Bread wheat	TCI19-7006	2111019	TCI19-7006-M1-M1	2100140	GWP2100140
be1a398f007c	Durum wheat	GRS011-037	21140048	GRS011-037-1M-2M	2100659	GWP2100659
be43706cbc65	Bread wheat	GRSW170057	21120099	GRSW170057-M0-M0-M1-M4	2100400	GWP2100400
be6c39f6ddb3	Bread wheat	GRS18-7001	21120025	GRS18-7001-9SB-M1-M1	2100216	GWP2100216
be84ff0e2c03	Durum wheat	GRS011-0191	21260231	GRS011-0191-1M-1SEA	2101576	GWP2101576
beb2e939e7ea	Durum wheat	GRS011-462	21260573	GRS011-462-1M-1SEA	2101842	GWP2101842
becd84d209b7	Durum wheat	GRS011-0197	21140248	GRS011-0197-3M-2M	2100912	GWP2100912
bed84e1d5e90	Durum wheat	GRS011-0132	21260130	GRS011-0132 1T-2A-0A-1M-1SEA	2101530	GWP2101530
bf2b739ef871	Durum wheat	GRS011-0112	21140114	GRS011-0112 1T-3A-0A-1M-2M	2100711	GWP2100711
bf720a396637	Durum wheat	MMVT21-26	Repl-63	ICD12-0074-0TR-3TR-0STR-2T-0STR-0TR-1STR-0AREC	2100458	GWP2100458
bf85167dc646	Durum wheat	GRS011-019	21140491	GRS011-019-1M-1M	2101234	GWP2101234
bfa827b66ca3	Bread wheat	-	2113038	1504030-M0-1603073-M0-18070109-M0-20130021-M2-M4	2100607	GWP2100607
bfc61ab23414	Durum wheat	GRS011-424	21140482	GRS011-424 1T-1A-0A-2M-1M	2101227	GWP2101227
c017f0a9bdce	Bread wheat	TCI19-7007	2111022	TCI19-7007-M0-M3	2100170	GWP2100170
c02f2e66ebf4	Durum wheat	MMVT21-22	Repl-47	ICDTR(f2)14-0289-0ST-010TR-0ST-4TR-0ST-2TR-0STR-0AREC	2100442	GWP2100442
c046ed866601	Durum wheat	GRS011-458	21260562	GRS011-458-1M-1SEA	2101824	GWP2101824
c09c59b1b728	Durum wheat	GRS011-0150	21140150	GRS011-0150 1T-2A-0A-2M-1M	2100758	GWP2100758
c15401603ca6	Durum wheat	GRS011-0197	21140258	GRS011-0197 1T-4A-0A-3M-1M	2100927	GWP2100927
c1952ed8fc40	Durum wheat	GRS011-0217	21260520	GRS011-0217 1T-2A-0A-1M-1SEA	2101798	GWP2101798
c1ab37f6792c	Durum wheat	GRS011-0179	21140189	GRS011-0179 1T-1A-0A-1M-1M	2100781	GWP2100781
c219d0683dab	Durum wheat	GRS011-465	21140555	GRS011-465-1M-1M	2101353	GWP2101353
c21e0ff43227	Bread wheat	GRS011-0277	21140416	GRS011-0277 1T-1A-0A-2M-2M	2101172	GWP2101172
c22fdf9fcca2	Durum wheat	GRS011-0190	21140224	GRS011-0190 1T-3A-0A-1M-2M	2100850	GWP2100850
c23582d2cd40	Bread wheat	GRS18-7001	21120009	GRS18-7001-3SB-M3-M1	2100196	GWP2100196
c2915b23d8b7	Durum wheat	GRS011-0262	21260374	GRS011-0262 1T-1A-0A-2M-3SEA	2101699	GWP2101699
c2c277d3bdde	Bread wheat	GRS011-0227	21140293	GRS011-0227 1T-1A-0A-3M-1M	2100962	GWP2100962
c2f8304c5361	Durum wheat	GRS011-462	21140564	GRS011-462 1T-1A-0A-1M-4M	2101394	GWP2101394
c32bad9b1bea	Bread wheat	GRSW170084	21120137	GRSW170084-M0-M0-M3-M3	2100529	GWP2100529
c3378f1b3b4e	Durum wheat	GRS011-0194	21140238	GRS011-0194 1T-3A-0A-1M-2M	2100888	GWP2100888
c35cef5208ce	Durum wheat	GRS011-0263	21140382	GRS011-0263 1T-1A-0A-1M-1M	2101108	GWP2101108
c39986298143	Durum wheat	GRS011-0197	21140507	GRS011-0197 1T-3A-0A-1M-2M	2101262	GWP2101262
c3c0c58af7b3	Durum wheat	GRS011-0257	21140534	GRS011-0257-1M-1M	2101303	GWP2101303
c406028140ab	Durum wheat	GRS011-083	21140086	GRS011-083 1T-3A-0A-2M-1M	2100682	GWP2100682
c40c2f3a9c1b	Durum wheat	Louiza	-	-	2100376	GWP2100376
c4189f2a4292	Durum wheat	GRS011-0189	21140498	GRS011-0189-1M-2M	2101246	GWP2101246
c41d67889577	Durum wheat	GRS011-0257	21140356	GRS011-0257 1T-2A-0A-2M-2M	2101060	GWP2101060
c42519c0ab1a	Bread wheat	GRS18-7001	21120017	GRS18-7001-6SB-M2-M1	2100204	GWP2100204
c441ac99d198	Durum wheat	GRS011-465	21140556	GRS011-465-2M-2M	2101360	GWP2101360
c45399020c23	Bread wheat	TCI19-7002	2111008	TCI19-7002-M1-M10	2100068	GWP2100068
c458e8382ce2	Durum wheat	GRS011-373	21260467	GRS011-373 1T-1A-0A-2M-1SEA	2101784	GWP2101784
c45d2c694535	Durum wheat	GRS011-0238	21140304	GRS011-0238 1T-2A-0A-2M-1M	2100974	GWP2100974
c4708e8776db	Bread wheat	GRSW170053	Repl-19	GRS18-7001-8SB-M3-AN1	2100355	GWP2100355
c4809d46e2c2	Durum wheat	GRSW170070	21120107	GRSW170070-M0-M0-M1-M3	2100432	GWP2100432
c48a4f117f6d	Durum wheat	GRSW170021	21120053	GRSW170021-M0-M0-M1-M1	2100286	GWP2100286
c4b56b4e8e05	Bread wheat	GRSW170079	21120124	GRSW170079-M0-M0-M1-M1	2100475	GWP2100475
c4e393f3f7ad	Bread wheat	TCI19-7006	2111021	TCI19-7006-M2-M2	2100154	GWP2100154
c50a90741b2d	Durum wheat	GRS011-439	21140600	GRS011-439 1T-1A-0A-2M-2M	2101444	GWP2101444
c518063db4d2	Bread wheat	TCI19-7004	2111013	TCI19-7004-M0-M4	2100116	GWP2100116
c5220a678720	Bread wheat	GRS18-7002	21120036	GRS18-7002-4SB-M1-M2	2100234	GWP2100234
c5387e596163	Durum wheat	GRS011-458	21140562	GRS011-458-1M-1M	2101382	GWP2101382
c58c877cdc7b	Durum wheat	GRS011-013	21140009	GRS011-013 1T-3A-0A-1M-2M	2100612	GWP2100612
c5be6d80f121	Durum wheat	GRS011-373	21260467	GRS011-373 1T-1A-0A-2M-3SEA	2101788	GWP2101788
c5bfe0421759	Bread wheat	GRSW170057	21120100	GRSW170057-M0-M0-M2-M3	2100407	GWP2100407
c5d61885e690	Durum wheat	GRS011-0185	21140211	GRS011-0185 1T-1A-0A-3M-4M	2100820	GWP2100820
c5dc809385e6	Durum wheat	GRS011-0253	21260325	GRS011-0253 1T-1A-0A-2M-2SEA	2101635	GWP2101635
c624925f78b1	Bread wheat	GRS18-7005	21120044	GRS18-7005-4SB-M1-M3	2100245	GWP2100245
c643a053be7c	Durum wheat	GRS011-0195	21140241	GRS011-0195 1T-2A-0A-2M-4M	2100900	GWP2100900
c650daaf9a7a	Durum wheat	GRS011-0253	21140329	GRS011-0253 1T-1A-0A-1M-1M	2101009	GWP2101009
c655e218b6f0	Durum wheat	GRS011-458	21260560	GRS011-458 1T-2A-0A-1M-1SEA	2101818	GWP2101818
c67544a7c065	Durum wheat	GRS011-0191	21140230	GRS011-0191 1T-2A-0A-3M-2M	2100866	GWP2100866
c69876f3ab5f	Durum wheat	GRSW170080	21120127	GRSW170080-M0-M0-M2-M5	2100488	GWP2100488
c6b5056f12e7	Bread wheat	GRSW170056	21120098	GRSW170056-M0-M0-M3-M2	2100395	GWP2100395
c6de52861667	Durum wheat	GRS011-0257	21260531	GRS011-0257 1T-1A-0A-2M-1SEA	2101802	GWP2101802
c7060c46a922	Durum wheat	GRS011-0191	21140231	GRS011-0191-1M-4M	2100874	GWP2100874
c70f8050fe72	Durum wheat	Louiza	-	-	2101692	GWP2101692
c71a5e7fdd9c	Bread wheat	TCI19-7006	2111021	TCI19-7006-M2-M5	2100157	GWP2100157
c74b818b6083	Durum wheat	GRS011-465	21140558	GRS011-465 1T-1A-0A-1M-2M	2101369	GWP2101369
c79b4bff272e	Durum wheat	GRS011-0104	21260104	GRS011-0104 1T-2A-0A-2M-2SEA	2101520	GWP2101520
c7a79aa980ab	Durum wheat	GRS011-465	21140554	GRS011-465 1T-3A-0A-1M-1M	2101347	GWP2101347
c83fd250435a	Durum wheat	GRS011-395	21140475	GRS011-395 1T-2A-0A-1M-1M	2101223	GWP2101223
c84b8f1895f3	Bread wheat	GRSW170047	21120070	GRSW170047-M0-M0-M1-M7	2100326	GWP2100326
c86142a08371	Durum wheat	GRS011-0253	21140327	GRS011-0253-1M-3M	2101003	GWP2101003
c88b740b54a0	Durum wheat	GRS011-0261	2115013	GRS011-0261 1T-3A-0A-2M-1M	2101466	GWP2101466
c8a9a8b183f0	Durum wheat	GRS011-0150	21140151	GRS011-0150-1M-3M	2100762	GWP2100762
c8d1e41507db	Durum wheat	GRS011-0256	21140350	GRS011-0256-1M-2M	2101051	GWP2101051
c8e24bc26a8b	Bread wheat	-	2113038	1504030-M0-1603073-M0-18070109-M0-20130021-M2-M2	2100605	GWP2100605
c8e9ab4c0ad8	Durum wheat	GRS011-0253	21140325	GRS011-0253 1T-1A-0A-2M-1M	2100999	GWP2100999
c9008e8a1e42	Durum wheat	GRS11-498	21140158	GRS011-498 1T-1A-0A-3M-1M	2100768	GWP2100768
c9314bd8fea7	Durum wheat	GRSW170076	21120120	GRSW170076-M0-M0-M1-M2	2100463	GWP2100463
c933e6d082e1	Bread wheat	GRSW170083	Repl-31	GRSW170083-M0-M0-M1-AN1	2100373	GWP2100373
c93b2795bc93	Durum wheat	MMVT21-30	Repl-67	Taghouti	2100472	GWP2100472
c960c5e6c8ad	Durum wheat	GRS011-0250	21140525	GRS011-0250-2M-4M	2101293	GWP2101293
c96c8d0c2b69	Bread wheat	GRS011-0277	21140414	GRS011-0277-2M-3M	2101164	GWP2101164
c99de3dbc8dd	Durum wheat	GRS011-0179	21260190	GRS011-0179-1M-2SEA	2101548	GWP2101548
c9a7eef26192	Durum wheat	GRS011-317	21260439	GRS011-317 1T-3A-0A-1M-1SEA	2101777	GWP2101777
c9b0f283eb0c	Durum wheat	GRS011-0189	21140500	GRS011-0189-2M-2M	2101252	GWP2101252
c9e17d562cc5	Bread wheat	GRS18-7001	21120007	GRS18-7001-3SB-M1-M1	2100186	GWP2100186
c9e848bf649e	Bread wheat	GRS18-7005	21120046	GRS18-7005-7SB-M2-M3	2100254	GWP2100254
ca050215a457	Durum wheat	GRS011-0149	21140146	GRS011-0149 1T-1A-0A-2M-1M	2100748	GWP2100748
ca2eb37a48aa	Bread wheat	GRSW170062	21120104	GRSW170062-M0-M0-M3-M1	2100428	GWP2100428
ca2eeb6ece25	Durum wheat	GRS011-0173	21140181	GRS011-0173 1T-4A-0A-1M-2M	2100773	GWP2100773
ca60e2355cff	Durum wheat	GRS011-0192	21140501	GRS011-0192 1T-2A-0A-1M-1M	2101255	GWP2101255
cabdfb00045a	Durum wheat	GRS011-458	21260563	GRS011-458-2M-2SEA	2101826	GWP2101826
cad6cfc62b8f	Bread wheat	GRSW170056	21120096	GRSW170056-M0-M0-M1-M3	2100387	GWP2100387
cb221076943f	Durum wheat	GRS011-062	21260053	GRS011-062 1T-2A-0A-3M-2SEA	2101509	GWP2101509
cb4173e168ad	Durum wheat	GRS011-0149	21260147	GRS011-0149 1T-1A-0A-3M-1SEA	2101546	GWP2101546
cb474be3cd8e	Durum wheat	GRS011-373	21260467	GRS011-373 1T-1A-0A-2M-4SEA	2101789	GWP2101789
cb4d374dc976	Bread wheat	TCI19-7002	2111007	TCI19-7002-M1-M4	2100051	GWP2100051
cb5919728612	Durum wheat	MMVT21-19	Repl-77	CDSS07Y00461T-099Y-099M-1Y-3M-04Y-0B-0MCH-0MCH	2101648	GWP2101648
cb661472cdb8	Bread wheat	-	2113036	1504060-M0-1603041-M0-18070107-M0-20130020-M3-M1	2100597	GWP2100597
cbc4b59e7ce6	Durum wheat	GRS011-016	21140010	GRS011-016 1T-3A-0A-1M-2M	2100614	GWP2100614
cbfa7f92c17a	Durum wheat	GRS011-458	21140562	GRS011-458-1M-4M	2101385	GWP2101385
cc0b4f7f5e9b	Durum wheat	GRS011-322	21140552	GRS011-322 1T-4A-0A-1M-4M	2101346	GWP2101346
cc1fb725b5a5	Bread wheat	TCI19-7001	2111003	TCI19-7001-M1-M5	2100018	GWP2100018
cc3750332195	Durum wheat	GRS011-0255	21260343	GRS011-0255-3M-4SEA	2101660	GWP2101660
cc69d30521ec	Durum wheat	GRS011-470	21140446	GRS011-470 1T-4A-0A-1M-4M	2101198	GWP2101198
cc6ddbb066b1	Bread wheat	GRS18-7005	21120047	GRS18-7005-8SB-M1-M7	2100261	GWP2100261
cc8c391b0c42	Bread wheat	GRSW170083	21120134	GRSW170083-M0-M0-M3-M1	2100512	GWP2100512
cc99e58518f7	Durum wheat	GRS011-0200	21260263	GRS011-0200 1T-3A-0A-4M-1SEA	2101591	GWP2101591
cca0747a243f	Durum wheat	GRS011-099	21140102	GRS011-099 1T-2A-0A-4M-2M	2100700	GWP2100700
ccab4a61866a	Bread wheat	-	2113009	1504027-M0-1603016-M0-18070042-M0-20130007-M2-M3	2100547	GWP2100547
ccef4f837021	Durum wheat	GRS011-0200	21140262	GRS011-0200 1T-3A-0A-3M-1M	2100929	GWP2100929
cd2f92c7f3d4	Durum wheat	GRS011-0104	21140104	GRS011-0104 1T-2A-0A-2M-2M	2100703	GWP2100703
cd31a82ad3f2	Durum wheat	GRS011-0189	21140222	GRS011-0189 1T-2A-0A-2M-3M	2100838	GWP2100838
cd50afbe5790	Durum wheat	GRS011-0257	21260356	GRS011-0257 1T-2A-0A-2M-3SEA	2101673	GWP2101673
cd757b5577eb	Bread wheat	GRS18-7005	21120047	GRS18-7005-8SB-M1-M4	2100258	GWP2100258
cd8df092cf85	Durum wheat	GRS011-0276	21260405	GRS011-0276-2M-2SEA	2101745	GWP2101745
cde11cd7cd2a	Triticum turgidum subsp. durum	142006	-	-	2101866	GWP2101866
cde450e26cb6	Bread wheat	GRSW170054	21120092	GRSW170054-M0-M0-M3-M2	2100372	GWP2100372
cdfe6e060252	Durum wheat	GRS011-462	21140573	GRS011-462-1M-3M	2101420	GWP2101420
ce54ca8d8c36	Bread wheat	TCI19-7003	2111011	TCI19-7003-M1-M10	2100107	GWP2100107
ce7d097375c9	Bread wheat	GRSW170049	21120076	GRSW170049-M0-M0-M2-M1	2100331	GWP2100331
cea4fd105396	Durum wheat	GRS011-439	21140600	GRS011-439 1T-1A-0A-2M-4M	2101446	GWP2101446
cea54fc77f5a	Bread wheat	GRSW170041	21120063	GRSW170041-M0-M0-M1-M1	2100302	GWP2100302
ceb087ca3993	Bread wheat	TCI19-7006	2111021	TCI19-7006-M2-M13	2100165	GWP2100165
cebd43efc776	Durum wheat	GRS011-458	21140560	GRS011-458 1T-2A-0A-1M-1M	2101374	GWP2101374
cecb27ad9605	Bread wheat	TCI19-7006	2111021	TCI19-7006-M2-M8	2100160	GWP2100160
ced82bdcda33	Durum wheat	GRS011-034	21140046	GRS011-034 1T-1A-0A-1M-3M	2100649	GWP2100649
cee4860a9bff	Durum wheat	Louiza	-	-	2100752	GWP2100752
cef85571747f	Bread wheat	GRSW170083	21120134	GRSW170083-M0-M0-M3-M5	2100516	GWP2100516
cf0efd35cda9	Bread wheat	GRSW170083	21120132	GRSW170083-M0-M0-M1-M5	2100504	GWP2100504
cf26fe6fb25b	Durum wheat	GRS011-0104	21260103	GRS011-0104 1T-2A-0A-1M-2SEA	2101517	GWP2101517
cf39c150d252	Durum wheat	GRS011-070	21140161	GRS011-070-1M-1M	2100771	GWP2100771
cf3e924be7be	Durum wheat	GRS011-062	21260054	GRS011-062 1T-2A-0A-4M-1SEA	2101511	GWP2101511
cf8391f8d65a	Durum wheat	GRS011-0181	21140198	GRS011-0181-2M-1M	2100800	GWP2100800
cfc327d08308	Durum wheat	GRS011-0195	21140240	GRS011-0195 1T-2A-0A-1M-2M	2100895	GWP2100895
cff44b6ac388	Durum wheat	GRS011-0276	21260408	GRS011-0276 1T-1A-0A-1M-1SEA	2101756	GWP2101756
d00729223d8f	Bread wheat	GRSW170057	21120100	GRSW170057-M0-M0-M2-M2	2100406	GWP2100406
d0157c578085	Durum wheat	GRS011-034	21140047	GRS011-034 1T-1A-0A-2M-5M	2100655	GWP2100655
d04ec3c08fe9	Durum wheat	GRS011-028	21260040	GRS011-028 1T-1A-0A-2M-1SEA	2101507	GWP2101507
d0599c93f71e	Durum wheat	GRS011-0125	21260123	GRS011-0125-1M-1SEA	2101528	GWP2101528
d0626b47b6a9	Durum wheat	GRS011-020	2115001	GRS011-020 1T-1A-0A-1M-1M	2101449	GWP2101449
d07334963d15	Durum wheat	GRSW170019	21120051	GRSW170019-M0-M0-M2-M1	2100271	GWP2100271
d0834911d113	Durum wheat	GRS011-0135	21260134	GRS011-0135-3M-1SEA	2101535	GWP2101535
d0a621865d31	Bread wheat	GRSW170049	Repl-17	GRS18-7001-6SB-M1-AN1	2100353	GWP2100353
d0ccdf0fb705	Bread wheat	GRSW170049	21120076	GRSW170049-M0-M0-M2-M2	2100332	GWP2100332
d0d24c677c96	Bread wheat	TCI19-7003	2111011	TCI19-7003-M1-M9	2100106	GWP2100106
d0fe1406b7c6	Bread wheat	-	Repl-59	0-1M-AN1	2100454	GWP2100454
d10dc2b2cb8f	Bread wheat	GRSW170040	21120060	GRSW170040-M0-M0-M1-M6	2100296	GWP2100296
d1b745e7f831	Durum wheat	GRS011-0112	21140114	GRS011-0112 1T-3A-0A-1M-4M	2100713	GWP2100713
d1ee1836335e	Durum wheat	GRS011-016	21140011	GRS011-016 1T-3A-0A-2M-5M	2100624	GWP2100624
d1f7e5813441	Bread wheat	GRS18-7005	21120047	GRS18-7005-8SB-M1-M6	2100260	GWP2100260
d1fef4b4c2a1	Durum wheat	GRS011-0250	21140321	GRS011-0250 1T-1A-0A-1M-4M	2100990	GWP2100990
d21b3849ca21	Durum wheat	GRS011-0240	21140307	GRS011-0240 1T-2A-0A-3M-1M	2100981	GWP2100981
d23143e430b5	Durum wheat	GRS011-083	21140084	GRS011-083-3M-1M	2100680	GWP2100680
d259a6889a00	Durum wheat	GRS011-017	21260489	GRS011-017-1M-2SEA	2101791	GWP2101791
d25d49ca8c09	Bread wheat	GRSW170042	21120066	GRSW170042-M0-M0-M1-M2	2100314	GWP2100314
d26849155d5c	Durum wheat	GRS011-458	21140561	GRS011-458 1T-2A-0A-2M-6M	2101381	GWP2101381
d290c6795ec5	Durum wheat	GRS011-472	21140581	GRS011-472 1T-1A-0A-1M-1M	2101432	GWP2101432
d2eaa819fdad	Durum wheat	GRS011-0240	21260307	GRS011-0240 1T-2A-0A-3M-3SEA	2101624	GWP2101624
d2fbb98194eb	Bread wheat	GRS011-0287	21140427	GRS011-0287 1T-1A-0A-1M-1M	2101182	GWP2101182
d3046e56d9f7	Durum wheat	GRS011-462	21140566	GRS011-462-1M-1M	2101399	GWP2101399
d30ffa4210d2	Bread wheat	GRSW170056	21120096	GRSW170056-M0-M0-M1-M1	2100385	GWP2100385
d3128981d7bc	Bread wheat	TCI19-7003	2111009	TCI19-7003-M1-M3	2100074	GWP2100074
d34e1bbc8b7a	Durum wheat	GRSW170080	21120126	GRSW170080-M0-M0-M1-M1	2100477	GWP2100477
d36a4436d8db	Durum wheat	GRS011-013	21140009	GRS011-013 1T-3A-0A-1M-1M	2100611	GWP2100611
d37aae3142e9	Durum wheat	GRS011-0220	21140289	GRS011-0220 1T-1A-0A-2M-1M	2100959	GWP2100959
d3b67320ff31	Bread wheat	GRS18-7005	21120044	GRS18-7005-4SB-M1-M2	2100244	GWP2100244
d3dac005c5bb	Durum wheat	GRS011-0245	21260315	GRS011-0245-1M-1SEA	2101630	GWP2101630
d3e315b6eb70	Durum wheat	GRS011-0149	21140147	GRS011-0149 1T-1A-0A-3M-4M	2100755	GWP2100755
d410f4cb4c63	Bread wheat	TCI19-7007	2111022	TCI19-7007-M0-M10	2100177	GWP2100177
d41ff846b478	Durum wheat	GRS011-025	21140033	GRS011-025 1T-1A-0A-1M-1M	2100644	GWP2100644
d454ef0bbcc9	Bread wheat	TCI19-7006	2111018	TCI19-7006-M3-M6	2100138	GWP2100138
d4596dd688ac	Durum wheat	GRS011-0253	21260329	GRS011-0253 1T-1A-0A-1M-1SEA	2101644	GWP2101644
d4a4c3f3f7c7	Durum wheat	GRS011-0185	21140212	GRS011-0185 1T-1A-0A-4M-3M	2100824	GWP2100824
d4c256ff5ce2	Durum wheat	GRS011-0218	21260281	GRS011-0218 1T-1A-0A-1M-1SEA	2101608	GWP2101608
d4d1d7cabaeb	Durum wheat	GRS011-0255	21140342	GRS011-0255-2M-3M	2101042	GWP2101042
d4d6f865a8ff	Bread wheat	TCI19-7005	2111015	TCI19-7005-M2-M7	2100123	GWP2100123
d4de33981774	Durum wheat	GRS011-0137	21260137	GRS011-0137 1T-2A-0A-2M-1SEA	2101536	GWP2101536
d4ee86fe53bb	Durum wheat	GRS011-016	21140015	GRS011-016-3M-2M	2100630	GWP2100630
d4f4adf1d4a5	Durum wheat	GRS011-0125	21140128	GRS011-0125-2M-1M	2100723	GWP2100723
d56bdb1d74bd	Bread wheat	-	2113024	1504049-M0-1603088-M0-18070087-M0-20130015-M1-M3	2100572	GWP2100572
d5792f56e448	Durum wheat	GRS011-0257	21260356	GRS011-0257 1T-2A-0A-2M-1SEA	2101671	GWP2101671
d57ebf7c238f	Durum wheat	GRS011-0217	21140521	GRS011-0217 1T-3A-0A-1M-1M	2101284	GWP2101284
d5aaf1ca70fd	Bread wheat	TCI19-7002	2111005	TCI19-7002-M2-M5	2100034	GWP2100034
d5b7fd751386	Bread wheat	GRSW170041	21120063	GRSW170041-M0-M0-M1-M4	2100305	GWP2100305
d5c5c7572c10	Durum wheat	GRS011-083	21140077	GRS011-083 1T-2A-0A-1M-1M	2100678	GWP2100678
d608d75b2abb	Durum wheat	GRS011-0202	21140512	GRS011-0202 1T-3A-0A-1M-5M	2101271	GWP2101271
d611a8623a3c	Durum wheat	GRS011-062	21140052	GRS011-062 1T-2A-0A-2M-2M	2100667	GWP2100667
d61ee84dd7d9	Durum wheat	GRS011-0194	21260239	GRS011-0194 1T-3A-0A-2M-2SEA	2101581	GWP2101581
d62eb8d1170a	Triticum turgidum subsp. durum	141996	-	-	2101862	GWP2101862
d64d7446ddc3	Bread wheat	-	2113008	1504027-M0-1603016-M0-18070042-M0-20130007-M1-M2	2100542	GWP2100542
d65afbe60e52	Bread wheat	TCI19-7006	2111018	TCI19-7006-M3-M7	2100139	GWP2100139
d67592c6834e	Durum wheat	GRS011-078	21140060	GRS011-078 1T-1A-0A-1M-1M	2100670	GWP2100670
d6c5e8c16831	Durum wheat	Louiza	-	-	2100564	GWP2100564
d6e9bdac6342	Bread wheat	TCI19-7006	2111021	TCI19-7006-M2-M3	2100155	GWP2100155
d6ffb0ec75c3	Durum wheat	-	2115004	0-1M-1M	2101452	GWP2101452
d7023df6a023	Durum wheat	GRS011-0181	21260196	GRS011-0181 1T-2A-0A-1M-1SEA	2101553	GWP2101553
d70342e499f3	Durum wheat	GRS011-0179	21140193	GRS011-0179-4M-3M	2100795	GWP2100795
d705ff656764	Durum wheat	MMVT21-25	Repl-62	ICD08-361-BLMSD-0AP-3AP-0APT-7AP-OAP-0SAN-0MCH-012MCH-0sAN-0MCH-1SAN-0AREC	2100457	GWP2100457
d7550fdeaa5d	Durum wheat	GRS011-0193	21260237	GRS011-0193-3M-1SEA	2101578	GWP2101578
d75c238baba4	Bread wheat	-	2113008	1504027-M0-1603016-M0-18070042-M0-20130007-M1-M3	2100543	GWP2100543
d761f325a8cc	Durum wheat	GRS011-0189	21140223	GRS011-0189 1T-2A-0A-3M-3M	2100844	GWP2100844
d77ca425f25d	Durum wheat	GRS011-0202	21140269	GRS011-0202-1M-1M	2100937	GWP2100937
d78273ce1193	Durum wheat	GRS011-462	21140567	GRS011-462-2M-1M	2101404	GWP2101404
d7d17863b7c3	Bread wheat	GRS011-323	21140441	GRS011-323 1T-1A-0A-1M-1M	2101192	GWP2101192
d7d3266d4bc0	Durum wheat	GRSW170046	21120069	GRSW170046-M0-M0-M1-M1	2100318	GWP2100318
d7ea2e7454a6	Bread wheat	GRS011-0276	21140405	GRS011-0276-2M-1M	2101147	GWP2101147
d881d6d1069b	Durum wheat	GRS011-0112	21140115	GRS011-0112 1T-3A-0A-2M-2M	2100715	GWP2100715
d8907fd4c175	Durum wheat	GRS011-078	21140064	GRS011-078-1M-2M	2100676	GWP2100676
d8e7c4530220	Durum wheat	GRS011-0185	21140217	GRS011-0185 1T-2A-0A-2M-1M	2100826	GWP2100826
d8ecc76433f3	Durum wheat	GRSW170019	21240003	GRSW170019-M0-M0-M3-SEA1	2101871	GWP2101871
d8f67d3480bf	Bread wheat	TCI19-7007	2111022	TCI19-7007-M0-M5	2100172	GWP2100172
d9013fdb14f6	Durum wheat	GRS011-0146	21140144	GRS011-0146 1T-2A-0A-2M-3M	2100744	GWP2100744
d91253afab20	Bread wheat	GRSW170057	21240035	GRSW170057-M0-M0-M2-SEA1	2101877	GWP2101877
d918e9581124	Durum wheat	GRSW170080	21120128	GRSW170080-M0-M0-M3-M3	2100491	GWP2100491
d9263de6e947	Durum wheat	GRS011-332	21140587	GRS011-332 1T-1A-0A-1M-1M	2101436	GWP2101436
d954ebea2659	Bread wheat	TCI19-7002	2111005	TCI19-7002-M2-M2	2100031	GWP2100031
d990cd726875	Durum wheat	GRS011-0184	21140205	GRS011-0184 1T-1A-0A-2M-1M	2100810	GWP2100810
d997a5883a77	Durum wheat	GRSW170019	21120050	GRSW170019-M0-M0-M1-M7	2100269	GWP2100269
d9a690090024	Durum wheat	GRSW170076	21120121	GRSW170076-M0-M0-M2-M1	2100466	GWP2100466
d9e61537bfb5	Durum wheat	GRS011-462	21140571	GRS011-462-2M-1M	2101415	GWP2101415
da7a5460f22d	Bread wheat	TCI19-7006	2111021	TCI19-7006-M2-M4	2100156	GWP2100156
da8c69b86f4e	Durum wheat	GRS011-0125	21140127	GRS011-0125-1M-2M	2100721	GWP2100721
daa7dc8a5cbc	Durum wheat	GRS011-078	21140062	GRS011-078-2M-1M	2100672	GWP2100672
dab8903c346e	Durum wheat	GRS011-0189	21140222	GRS011-0189 1T-2A-0A-2M-4M	2100839	GWP2100839
dad4729d3ec9	Bread wheat	TCI19-7002	2111005	TCI19-7002-M2-M7	2100036	GWP2100036
dae9111d4bf0	Durum wheat	MMVT21-14	Repl-72	CDSS11Y00197S-099Y-025M-6Y-0M-06Y-0B	2100495	GWP2100495
daed4748d6ce	Durum wheat	GRS011-0181	21260201	GRS011-0181-1M-2SEA	2101561	GWP2101561
db01a15a9b28	Bread wheat	GRS011-0276	21140408	GRS011-0276 1T-1A-0A-1M-1M	2101151	GWP2101151
db0c50d914b4	Durum wheat	GRS011-0174	21140186	GRS011-0174 1T-2A-0A-3M-1M	2100777	GWP2100777
db2d36685344	Bread wheat	TCI19-7003	2111010	TCI19-7003-M1-M6	2100088	GWP2100088
dbbf9c2d9190	Durum wheat	GRS011-0253	21260335	GRS011-0253-1M-1SEA	2101653	GWP2101653
dbf89c3249c0	Durum wheat	GRS011-0207	21140518	GRS011-0207 1T-4A-0A-2M-1M	2101278	GWP2101278
dbfb44356809	Bread wheat	TCI19-7004	2111013	TCI19-7004-M0-M1	2100113	GWP2100113
dbfbaf09b70e	Durum wheat	GRS011-323	21260441	GRS011-323 1T-1A-0A-1M-1SEA	2101778	GWP2101778
dc033e75230a	Durum wheat	GRS011-0277	21260413	GRS011-0277-1M-1SEA	2101767	GWP2101767
dc0fbae880e0	Durum wheat	GRS011-0190	21140225	GRS011-0190 1T-3A-0A-2M-2M	2100854	GWP2100854
dc1ea5b5f9bd	Durum wheat	GRS011-0202	21140270	GRS011-0202-2M-2M	2101033	GWP2101033
dc237714d97d	Durum wheat	GRS011-0276	21260407	GRS011-0276 1T-5A-0A-2M-1SEA	2101751	GWP2101751
dc543e971728	Bread wheat	TCI19-7006	2111020	TCI19-7006-M1-M3	2100148	GWP2100148
dc7b952a819a	Durum wheat	GRS011-465	21140556	GRS011-465-2M-4M	2101362	GWP2101362
dc9d8a4abb57	Bread wheat	TCI19-7003	2111009	TCI19-7003-M1-M6	2100077	GWP2100077
dcae7d004c60	Durum wheat	GRS011-0253	21260334	GRS011-0253-2M-1SEA	2101651	GWP2101651
dcd349d4f420	Bread wheat	-	2113024	1504049-M0-1603088-M0-18070087-M0-20130015-M1-M2	2100571	GWP2100571
dcf7f6829b30	Bread wheat	TCI19-7007	2111022	TCI19-7007-M0-M13	2100180	GWP2100180
dd0090c4d85c	Durum wheat	GRS011-0255	21140341	GRS011-0255-1M-1M	2101037	GWP2101037
dd10b956a1c1	Durum wheat	GRS011-465	21260554	GRS011-465 1T-3A-0A-1M-2SEA	2101811	GWP2101811
dd7db6648093	Durum wheat	GRSW170019	Repl-9	GRS18-7001-1SB-M2-AN1	2100345	GWP2100345
dda28ca745a4	Durum wheat	GRS011-0209	21140272	GRS011-0209 1T-2A-0A-1M-2M	2100943	GWP2100943
dda7eb582fb3	Bread wheat	GRS011-0277	21140413	GRS011-0277-1M-3M	2101159	GWP2101159
ddb3c4abaa2e	Durum wheat	GRS011-310	21260548	GRS011-310 1T-1A-0A-2M-2SEA	2101809	GWP2101809
ddcd3f663128	Durum wheat	GRS011-0196	21140506	GRS011-0196 1T-1A-0A-1M-1M	2101259	GWP2101259
ddec10e3a6ad	Durum wheat	GRS011-0276	21260406	GRS011-0276 1T-5A-0A-1M-1SEA	2101748	GWP2101748
de14baf17c20	Bread wheat	TCI19-7003	2111011	TCI19-7003-M1-M2	2100099	GWP2100099
de2df87754b8	Bread wheat	TCI19-7003	2111011	TCI19-7003-M1-M4	2100101	GWP2100101
de41dcb3cdeb	Bread wheat	-	2113017	1504059-M0-1603094-M0-18070073-M0-20130012-M1-M1	2100552	GWP2100552
de460b39a9f3	Bread wheat	GRS011-0277	21140416	GRS011-0277 1T-1A-0A-2M-3M	2101173	GWP2101173
de73fb8b2ef3	Durum wheat	GRS011-0217	21140520	GRS011-0217 1T-2A-0A-1M-2M	2101283	GWP2101283
decfbc9ad6b4	Bread wheat	TCI19-7006	2111021	TCI19-7006-M2-M14	2100166	GWP2100166
def47121d5d3	Durum wheat	GRS011-439	21140600	GRS011-439 1T-1A-0A-2M-1M	2101443	GWP2101443
df10f94ee3ae	Durum wheat	GRS011-017	21260489	GRS011-017-1M-1SEA	2101790	GWP2101790
df3240872f6b	Durum wheat	GRS011-358	21260465	GRS011-358 1T-1A-0A-2M-1SEA	2101783	GWP2101783
df42c3ff04da	Durum wheat	Atlas	-	-	2101487	GWP2101487
df5c607afadf	Durum wheat	GRSW170080	21120126	GRSW170080-M0-M0-M1-M3	2100479	GWP2100479
dfb964ab6129	Durum wheat	GRS011-078	21260062	GRS011-078-2M-1SEA	2101512	GWP2101512
dfc3ffdd80bf	Bread wheat	TCI19-7001	2111002	TCI19-7001-M2-M1	2100001	GWP2100001
dfd0d36d0537	Durum wheat	GRS011-0207	21140517	GRS011-0207 1T-4A-0A-1M-2M	2101277	GWP2101277
dfd558ccd770	Durum wheat	GRS011-464	21140576	GRS011-464 1T-1A-0A-2M-2M	2101424	GWP2101424
e0277eb6a8b4	Durum wheat	GRS011-099	21140102	GRS011-099 1T-2A-0A-4M-1M	2100699	GWP2100699
e033f0d33790	Durum wheat	GRS011-0253	21140334	GRS011-0253-2M-2M	2101024	GWP2101024
e06d114d199c	Durum wheat	GRS011-022	21260022	GRS011-022-2M-1SEA	2101597	GWP2101597
e09355ce5b1d	Durum wheat	GRS011-433	21140484	GRS011-433-1M-1M	2101231	GWP2101231
e0ac4499c475	Durum wheat	GRSW170055	21120093	GRSW170055-M0-M0-M1-M3	2100377	GWP2100377
e119a1191a48	Bread wheat	GRS011-0291	21140431	GRS011-0291-1M-2M	2101184	GWP2101184
e13cad72d745	Durum wheat	GRS011-0217	21140522	GRS011-0217 1T-3A-0A-2M-1M	2101286	GWP2101286
e1bb6bc7f258	Durum wheat	GRS011-462	21260565	GRS011-462 1T-1A-0A-2M-3SEA	2101830	GWP2101830
e1edbc58d929	Durum wheat	GRS011-462	21260567	GRS011-462-2M-2SEA	2101834	GWP2101834
e2051768937f	Durum wheat	GRS011-0253	21140528	GRS011-0253 1T-3A-0A-1M-2M	2101298	GWP2101298
e2376fb81ac4	Bread wheat	GRS011-0277	21140413	GRS011-0277-1M-4M	2101160	GWP2101160
e24c54eda52f	Durum wheat	GRS011-0256	21260352	GRS011-0256-3M-3SEA	2101667	GWP2101667
e2743f1c01ae	Bread wheat	-	2113038	1504030-M0-1603073-M0-18070109-M0-20130021-M2-M1	2100604	GWP2100604
e2bef51904ab	Bread wheat	GRS18-7005	21120045	GRS18-7005-7SB-M1-M3	2100251	GWP2100251
e2e292ac211f	Bread wheat	GRS18-7001	Repl-1	GRS18-7001-1SB-M1-AN1	2100337	GWP2100337
e303b795e0f6	Durum wheat	GRS011-0185	21140212	GRS011-0185 1T-1A-0A-4M-1M	2100822	GWP2100822
e31bec27782c	Durum wheat	GRS011-0257	21140361	GRS011-0257 1T-2A-0A-2M-1M	2101066	GWP2101066
e353ab3442f4	Durum wheat	GRS011-462	21260573	GRS011-462-1M-2SEA	2101843	GWP2101843
e393cc46cc04	Bread wheat	-	Repl-38	1504066-M0-1603047-M0-18070022-M0-20130002-M2-AN1	2100383	GWP2100383
e397ef1b96ff	Durum wheat	GRS011-0273	21140399	GRS011-0273 1T-3A-0A-2M-2M	2101135	GWP2101135
e3d8075c4133	Durum wheat	GRS011-0146	21140144	GRS011-0146 1T-2A-0A-2M-4M	2100745	GWP2100745
e3e838515082	Durum wheat	GRSW170080	21120126	GRSW170080-M0-M0-M1-M6	2100482	GWP2100482
e3e9071dc25c	Bread wheat	TCI19-7002	2111005	TCI19-7002-M2-M6	2100035	GWP2100035
e3f3ac843f44	Bread wheat	GRS011-0277	21140413	GRS011-0277-1M-5M	2101161	GWP2101161
e4062c939289	Bread wheat	TCI19-7001	2111002	TCI19-7001-M2-M13	2100013	GWP2100013
e40ab21b0399	Bread wheat	GRSW170057	21120099	GRSW170057-M0-M0-M1-M3	2100399	GWP2100399
e40d5fd1a904	Bread wheat	GRSW170057	21120101	GRSW170057-M0-M0-M3-M5	2100413	GWP2100413
e452898e0bf7	Bread wheat	-	2113031	1504023-M0-1603069-M3-18070104-M0-20130018-M1-M1	2100581	GWP2100581
e47f3628855b	Durum wheat	GRS011-470	21260447	GRS011-470 1T-4A-0A-2M-3SEA	2101782	GWP2101782
e47fb575d806	Durum wheat	GRS011-0249	21140319	GRS011-0249 1T-1A-0A-1M-1M	2100985	GWP2100985
e4942856cb85	Durum wheat	GRSW170076	21120120	GRSW170076-M0-M0-M1-M1	2100462	GWP2100462
e4ef18c11c08	Bread wheat	GRS011-0294	21140444	GRS011-0294-1M-1M	2101194	GWP2101194
e4fe4b448502	Durum wheat	GRS011-0272	21260544	GRS011-0272 1T-1A-0A-2M-1SEA	2101807	GWP2101807
e50efc6ca95e	Bread wheat	-	2113009	1504027-M0-1603016-M0-18070042-M0-20130007-M2-M2	2100546	GWP2100546
e5257d63f72f	Durum wheat	Louiza	-	-	2100470	GWP2100470
e534f5521e2c	Durum wheat	GRS011-0209	21260272	GRS011-0209 1T-2A-0A-1M-3SEA	2101602	GWP2101602
e53c42b8c78f	Bread wheat	-	2113033	1504023-M0-1603069-M5-18070104-M0-20130018-M3-M3	2100591	GWP2100591
e53f28f85f57	Durum wheat	GRS011-0240	21260308	GRS011-0240-1M-2SEA	2101626	GWP2101626
e53f8e088864	Bread wheat	GRS18-7005	21120044	GRS18-7005-4SB-M1-M1	2100243	GWP2100243
e5432ba6cd97	Durum wheat	GRS011-0253	21140335	GRS011-0253-1M-2M	2101027	GWP2101027
e557f3a093b4	Bread wheat	GRS18-7001	21120008	GRS18-7001-3SB-M2-M3	2100195	GWP2100195
e58281b6b266	Bread wheat	TCI19-7003	2111011	TCI19-7003-M1-M7	2100104	GWP2100104
e597fe0fd943	Durum wheat	GRSW170019	Repl-10	GRS18-7001-1SB-M3-AN1	2100346	GWP2100346
e59bb9742e8b	Durum wheat	GRS011-472	21260581	GRS011-472 1T-1A-0A-1M-1SEA	2101850	GWP2101850
e5b71bd22752	Bread wheat	GRS18-7001	21120010	GRS18-7001-4SB-M1-M1	2100197	GWP2100197
e5be403c255b	Bread wheat	GRS011-0276	21140400	GRS011-0276 1T-3A-0A-1M-1M	2101137	GWP2101137
e5e0062f3298	Bread wheat	GRSW170040	21120060	GRSW170040-M0-M0-M1-M1	2100291	GWP2100291
e63106cbc9a5	Durum wheat	GRS011-0195	21140241	GRS011-0195 1T-2A-0A-2M-1M	2100897	GWP2100897
e637dc527c84	Bread wheat	-	2113031	1504023-M0-1603069-M3-18070104-M0-20130018-M1-M2	2100582	GWP2100582
e63838553094	Durum wheat	GRS011-0196	21140244	GRS011-0196 1T-2A-0A-2M-1M	2100906	GWP2100906
e64043378679	Durum wheat	GRS011-0253	21140337	GRS011-0253-3M-1M	2101032	GWP2101032
e64d7b1ac18b	Durum wheat	GRS011-0197	21260249	GRS011-0197-4M-1SEA	2101586	GWP2101586
e6540656432b	Durum wheat	GRS011-0271	21140393	GRS011-0271-2M-1M	2101121	GWP2101121
e6541ec3fd2c	Durum wheat	GRS011-465	21140555	GRS011-465-1M-2M	2101354	GWP2101354
e6620c2602d9	Bread wheat	TCI19-7002	2111007	TCI19-7002-M1-M11	2100058	GWP2100058
e666022d2f14	Bread wheat	GRS011-0276	21140401	GRS011-0276 1T-3A-0A-2M-6M	2101144	GWP2101144
e667a4c97818	Durum wheat	GRS011-0179	21140189	GRS011-0179 1T-1A-0A-1M-2M	2100782	GWP2100782
e66b2945685c	Durum wheat	GRS011-0217	21140522	GRS011-0217 1T-3A-0A-2M-2M	2101287	GWP2101287
e66f36d6bd50	Durum wheat	GRS011-458	21140563	GRS011-458-2M-4M	2101390	GWP2101390
e6c4f9ef1328	Durum wheat	MMVT21-28	Repl-65	CDSS11Y00225S-099Y-032M-10Y-0M-06Y-0B	2100460	GWP2100460
e6ea0993db02	Bread wheat	TCI19-7003	2111011	TCI19-7003-M1-M11	2100108	GWP2100108
e6eb93178c90	Durum wheat	GRS011-0185	21140218	GRS011-0185 1T-2A-0A-3M-2M	2100829	GWP2100829
e6f79878089d	Durum wheat	GRS011-465	21140556	GRS011-465-2M-6M	2101364	GWP2101364
e74059bdbcb7	Bread wheat	TCI19-7003	2111010	TCI19-7003-M1-M11	2100095	GWP2100095
e74326beb46e	Triticum aestivum subsp. compactum	44992	-	-	2101859	GWP2101859
e7452777b42c	Durum wheat	GRS011-0256	21140351	GRS011-0256-2M-2M	2101054	GWP2101054
e74bab3fa779	Durum wheat	GRS011-0106	21140110	GRS011-0106 1T-5A-0A-3M-3M	2100709	GWP2100709
e75300bd76da	Durum wheat	GRS011-0276	21260408	GRS011-0276 1T-1A-0A-1M-4SEA	2101759	GWP2101759
e78683032f2d	Durum wheat	GRS011-016	21140014	GRS011-016-2M-2M	2100627	GWP2100627
e788c77dacf7	Durum wheat	GRS011-0173	21260183	GRS011-0173 1T-4A-0A-3M-1SEA	2101585	GWP2101585
e7ac97a3efce	Bread wheat	GRS18-7001	21120003	GRS18-7001-1SB-M3-M1	2100183	GWP2100183
e7da8e43d1a8	Durum wheat	GRS011-0189	21140221	GRS011-0189 1T-2A-0A-1M-1M	2100832	GWP2100832
e7e704160bd2	Bread wheat	GRS18-7002	21120036	GRS18-7002-4SB-M1-M1	2100233	GWP2100233
e820662e09fb	Bread wheat	GRSW170057	21120101	GRSW170057-M0-M0-M3-M8	2100416	GWP2100416
e8a2c518e4ac	Durum wheat	GRS011-0209	21260274	GRS011-0209 1T-2A-0A-3M-1SEA	2101604	GWP2101604
e8c64c1fc527	Durum wheat	GRS011-0262	21260379	GRS011-0262-2M-1SEA	2101706	GWP2101706
e8d797c15f66	Durum wheat	GRS011-0253	21140331	GRS011-0253-2M-3M	2101017	GWP2101017
e8ebad7dcc56	Durum wheat	GRS011-0237	21260302	GRS011-0237 1T-3A-0A-2M-1SEA	2101617	GWP2101617
e905fee19c3e	Durum wheat	GRS011-0197	21140255	GRS011-0197-3M-3M	2100924	GWP2100924
e9a59e99d131	Bread wheat	GRSW170057	21120101	GRSW170057-M0-M0-M3-M7	2100415	GWP2100415
e9b01cce9f46	Durum wheat	GRS011-0276	21260401	GRS011-0276 1T-3A-0A-2M-3SEA	2101729	GWP2101729
e9b39becd61c	Durum wheat	GRS011-0106	21140110	GRS011-0106 1T-5A-0A-3M-1M	2100707	GWP2100707
ea0f0305524f	Durum wheat	GRS011-0146	21260143	GRS011-0146 1T-2A-0A-1M-1SEA	2101538	GWP2101538
ea2c9406dfee	Durum wheat	GRS011-0135	21140134	GRS011-0135-3M-1M	2100727	GWP2100727
ea756ffde15e	Durum wheat	GRS011-348	21140463	GRS011-348-2M-3M	2101214	GWP2101214
ea7dbcad2c06	Durum wheat	GRS011-462	21260569	GRS011-462-2M-1SEA	2101838	GWP2101838
eaa309a97d84	Bread wheat	TCI19-7002	2111006	TCI19-7002-M3-M1	2100037	GWP2100037
eaca21f3df17	Durum wheat	GRS011-034	21140047	GRS011-034 1T-1A-0A-2M-1M	2100651	GWP2100651
eaf6d8a8299c	Durum wheat	GRS011-0240	21260305	GRS011-0240 1T-2A-0A-1M-3SEA	2101620	GWP2101620
eb01097b6b88	Bread wheat	GRSW170044	21120068	GRSW170044-M0-M0-M1-M1	2100315	GWP2100315
eb086d491391	Durum wheat	GRS011-085	21260492	GRS011-085-1M-1SEA	2101792	GWP2101792
eb1e4523ab79	Durum wheat	GRS011-0135	21260131	GRS011-0135 1T-1A-0A-1M-1SEA	2101531	GWP2101531
eb43f32ba24d	Bread wheat	-	2113020	1504048-M0-1603086-M1-18070081-M0-20130013-M1-M3	2100559	GWP2100559
eb45306d1f6c	Durum wheat	GRS011-0260	21140372	GRS011-0260 1T-1A-0A-2M-1M	2101087	GWP2101087
eb5ad4e60f92	Bread wheat	TCI19-7002	2111007	TCI19-7002-M1-M5	2100052	GWP2100052
eb67368cfd95	Bread wheat	TCI19-7005	2111015	TCI19-7005-M2-M9	2100125	GWP2100125
eb696d3380ea	Durum wheat	GRS011-0112	21140114	GRS011-0112 1T-3A-0A-1M-1M	2100710	GWP2100710
eb786d2f0853	Bread wheat	GRSW170084	21120135	GRSW170084-M0-M0-M1-M1	2100519	GWP2100519
eb7af9ba62e8	Durum wheat	GRSW170019	21120052	GRSW170019-M0-M0-M3-M3	2100278	GWP2100278
ebc529040f8d	Durum wheat	GRS011-0257	21140362	GRS011-0257-1M-2M	2101070	GWP2101070
ebe3db17ef25	Bread wheat	TCI19-7002	2111006	TCI19-7002-M3-M11	2100047	GWP2100047
ebf243fa8955	Bread wheat	TCI19-7003	2111010	TCI19-7003-M1-M8	2100090	GWP2100090
ec1d52913242	Durum wheat	GRS011-402	21140480	GRS011-402 1T-1A-0A-2M-1M	2101224	GWP2101224
ec2df8d4c68f	Durum wheat	GRS011-321	21140550	GRS011-321 1T-3A-0A-1M-1M	2101336	GWP2101336
ec59c8e2bce6	Bread wheat	GRS011-0229	21140295	GRS011-0229 1T-1A-0A-2M-2M	2100965	GWP2100965
ec60e1d35d72	Bread wheat	TCI19-7003	2111009	TCI19-7003-M1-M7	2100078	GWP2100078
ec7165fc9fbb	Durum wheat	GRSW170080	21240060	GRSW170080-M0-M0-M2-1SEA	2101649	GWP2101649
ecd272210afe	Durum wheat	GRS011-062	21140051	GRS011-062 1T-2A-0A-1M-1M	2100662	GWP2100662
ece359954357	Durum wheat	GRS011-0258	21260365	GRS011-0258 1T-2A-0A-2M-1SEA	2101681	GWP2101681
ed1bd1780838	Bread wheat	GRSW170062	21120103	GRSW170062-M0-M0-M2-M1	2100423	GWP2100423
ed46ad188cfd	Durum wheat	GRS011-375	21140592	GRS011-375 1T-1A-0A-1M-1M	2101439	GWP2101439
ed72bd55f50a	Bread wheat	GRS011-0276	21140401	GRS011-0276 1T-3A-0A-2M-5M	2101143	GWP2101143
ed8f43e8a000	Bread wheat	GRSW170083	21120134	GRSW170083-M0-M0-M3-M6	2100517	GWP2100517
edbddb920deb	Durum wheat	GRS011-078	21140063	GRS011-078-3M-2M	2100674	GWP2100674
eddbcaf822c6	Bread wheat	GRSW170062	21120102	GRSW170062-M0-M0-M1-M6	2100422	GWP2100422
eddd5e30cbaa	Bread wheat	TCI19-7002	2111006	TCI19-7002-M3-M8	2100044	GWP2100044
ee009740bb7a	Durum wheat	GRS011-0202	21140512	GRS011-0202 1T-3A-0A-1M-1M	2101267	GWP2101267
ee20b0b614e9	Durum wheat	GRS011-470	21140446	GRS011-470 1T-4A-0A-1M-1M	2101195	GWP2101195
ee2b9f2d3c0a	Bread wheat	TCI19-7002	2111008	TCI19-7002-M1-M1	2100059	GWP2100059
ee3ba7a58d04	Durum wheat	GRS011-458	21140561	GRS011-458 1T-2A-0A-2M-3M	2101378	GWP2101378
ee3c339873a3	Bread wheat	GRS18-7005	21120047	GRS18-7005-8SB-M1-M2	2100256	GWP2100256
ee595f702909	Durum wheat	GRS011-0253	21140335	GRS011-0253-1M-4M	2101029	GWP2101029
ee6696f03185	Bread wheat	GRSW170084	21120137	GRSW170084-M0-M0-M3-M1	2100527	GWP2100527
eed27f5a9a32	Durum wheat	GRS011-016	21140010	GRS011-016 1T-3A-0A-1M-3M	2100615	GWP2100615
eefdc5cbb960	Bread wheat	GRS18-7001	21120027	GRS18-7001-9SB-M3-M2	2100220	GWP2100220
ef05953c1081	Bread wheat	GRS18-7001	21120023	GRS18-7001-8SB-M2-M3	2100212	GWP2100212
ef102da66c34	Durum wheat	GRS011-0174	21140187	GRS011-0174 1T-1A-0A-1M-1M	2100779	GWP2100779
ef7287831bcd	Durum wheat	GRS011-0253	21140335	GRS011-0253-1M-3M	2101028	GWP2101028
ef80c7b3cc53	Durum wheat	GRS011-0271	21140392	GRS011-0271-1M-1M	2101119	GWP2101119
ef8f7aa15670	Durum wheat	GRS011-0218	21260283	GRS011-0218 1T-1A-0A-3M-1SEA	2101609	GWP2101609
efa0af938ce1	Durum wheat	GRS011-465	21140559	GRS011-465 1T-1A-0A-2M-4M	2101373	GWP2101373
efc89a86b1d1	Durum wheat	GRS011-0181	21140200	GRS011-0181-4M-1M	2100802	GWP2100802
f0459be42bd0	Bread wheat	GRS18-7001	21120011	GRS18-7001-4SB-M2-M1	2100199	GWP2100199
f09a04b49d84	Bread wheat	GRS011-0276	21140403	GRS011-0276 1T-1A-0A-2M-1M	2101146	GWP2101146
f0a142ca532e	Bread wheat	-	Repl-49	1504023-M0-1603069-M3-18070104-M0-20130018-M1-AN1	2100444	GWP2100444
f0c6c72cfa63	Durum wheat	GRS011-0150	21260154	GRS011-0150-1M-1SEA	2101540	GWP2101540
f0c8860fd168	Bread wheat	-	2113038	1504030-M0-1603073-M0-18070109-M0-20130021-M2-M3	2100606	GWP2100606
f0cadafbb4d4	Durum wheat	GRS011-458	21140561	GRS011-458 1T-2A-0A-2M-5M	2101380	GWP2101380
f10efef062d4	Bread wheat	GRS18-7001	21120007	GRS18-7001-3SB-M1-M3	2100190	GWP2100190
f11cbd33dc0c	Durum wheat	GRS011-0257	21260356	GRS011-0257 1T-2A-0A-2M-4SEA	2101674	GWP2101674
f127dfc660b3	Bread wheat	GRS011-0277	21140414	GRS011-0277-2M-4M	2101165	GWP2101165
f13c10def621	Bread wheat	GRSW170083	21120133	GRSW170083-M0-M0-M2-M5	2100510	GWP2100510
f14137a3522e	Durum wheat	139826	-	-	2101476	GWP2101476
f1435ff1d5be	Durum wheat	GRS011-462	21140568	GRS011-462-1M-3M	2101408	GWP2101408
f1630570693d	Bread wheat	-	2113012	1504027-M0-1603016-M0-18070043-M0-20130008-M3-M2	2100549	GWP2100549
f17410f0b434	Durum wheat	GRS011-465	21140554	GRS011-465 1T-3A-0A-1M-5M	2101351	GWP2101351
f1dbccbf4715	Bread wheat	GRS011-0277	21140415	GRS011-0277 1T-1A-0A-1M-1M	2101169	GWP2101169
f1e377de0078	Durum wheat	GRS011-0209	21260274	GRS011-0209 1T-2A-0A-3M-3SEA	2101606	GWP2101606
f1f3d9b8204c	Durum wheat	GRS011-017	21140489	GRS011-017-1M-1M	2101233	GWP2101233
f2075cf6180a	Durum wheat	GRS011-0191	21140228	GRS011-0191 1T-2A-0A-1M-1M	2100861	GWP2100861
f2b2eb235413	Bread wheat	TCI19-7005	2111015	TCI19-7005-M2-M13	2100129	GWP2100129
f2f8e4cb27be	Durum wheat	GRS011-0258	21260364	GRS011-0258 1T-2A-0A-1M-3SEA	2101679	GWP2101679
f3063b8823c7	Bread wheat	TCI19-7003	2111009	TCI19-7003-M1-M5	2100076	GWP2100076
f3478b7627e7	Durum wheat	GRS011-0185	21140217	GRS011-0185 1T-2A-0A-2M-2M	2100827	GWP2100827
f35668867bce	Durum wheat	GRS011-0253	21140336	GRS011-0253-2M-1M	2101030	GWP2101030
f3672638f051	Bread wheat	GRS18-7001	21120010	GRS18-7001-4SB-M1-M2	2100198	GWP2100198
f38a488705b2	Durum wheat	GRSW170076	Repl-29	GRSW170076-M0-M0-M1-AN1	2100365	GWP2100365
f3d8b981a493	Bread wheat	TCI19-7005	2111015	TCI19-7005-M2-M10	2100126	GWP2100126
f3ddf3ae3b83	Bread wheat	TCI19-7007	2111022	TCI19-7007-M0-M8	2100175	GWP2100175
f3fa9e1a0cf6	Bread wheat	GRS18-7005	21120044	GRS18-7005-4SB-M1-M4	2100246	GWP2100246
f414453253d7	Durum wheat	GRS011-0138	21140138	GRS011-0138 1T-2A-0A-1M-3M	2100730	GWP2100730
f42321abf9ec	Durum wheat	GRSW170019	21120050	GRSW170019-M0-M0-M1-M1	2100263	GWP2100263
f4334e9252f9	Durum wheat	Faraj	-	-	2101481	GWP2101481
f4362a04df7e	Durum wheat	GRS011-078	21260066	GRS011-078-3M-1SEA	2101515	GWP2101515
f493d61ed005	Durum wheat	MMVT21-12	Repl-70	ICD06-0172-BLMSD-0AP-3AP-0T-1AP-0T-7AP-0APT-1BR-0AP-0AN-0MCH[TIMSJGAA][MTrJTs]-0AUB-0MCH	2100493	GWP2100493
f4972e07ba75	Bread wheat	-	2113039	1504030-M0-1603073-M0-18070109-M0-20130021-M3-M2	2100609	GWP2100609
f4a53d2a6f1a	Bread wheat	GRSW170079	21120124	GRSW170079-M0-M0-M1-M2	2100476	GWP2100476
f4cf961b61e2	Durum wheat	GRS011-458	21260561	GRS011-458 1T-2A-0A-2M-1SEA	2101823	GWP2101823
f4e84fd2fd90	Durum wheat	GRS011-017	21140016	GRS011-017 1T-1A-0A-1M-1M	2100634	GWP2100634
f51d4f9b4671	Durum wheat	GRS011-465	21140554	GRS011-465 1T-3A-0A-1M-3M	2101349	GWP2101349
f5233e093195	Durum wheat	GRS011-0202	21260265	GRS011-0202-2M-1SEA	2101596	GWP2101596
f57f59723091	Durum wheat	GRS011-0253	21140331	GRS011-0253-2M-2M	2101016	GWP2101016
f5a3e0306fc8	Bread wheat	TCI19-7002	2111008	TCI19-7002-M1-M3	2100061	GWP2100061
f6110a02da86	Bread wheat	GRSW170057	21120101	GRSW170057-M0-M0-M3-M1	2100409	GWP2100409
f62dc900e452	Durum wheat	GRS011-0181	21140201	GRS011-0181-1M-3M	2100805	GWP2100805
f637bc058301	Bread wheat	GRSW170083	21120134	GRSW170083-M0-M0-M3-M3	2100514	GWP2100514
f6485648fe5d	Durum wheat	GRS011-321	21140550	GRS011-321 1T-3A-0A-1M-2M	2101337	GWP2101337
f67a0540e29b	Bread wheat	GRS18-7001	21120020	GRS18-7001-7SB-M2-M1	2100208	GWP2100208
f6d7cca6f2bf	Bread wheat	TCI19-7006	2111021	TCI19-7006-M2-M12	2100164	GWP2100164
f6e209f152bc	Durum wheat	GRSW170070	21120107	GRSW170070-M0-M0-M1-M2	2100431	GWP2100431
f6e620f853d8	Bread wheat	-	Repl-40	1504027-M0-1603016-M0-18070043-M0-20130008-M1-AN1	2100435	GWP2100435
f720340c16f8	Durum wheat	GRS011-0138	21140140	GRS011-0138 1T-2A-0A-3M-5M	2100735	GWP2100735
f72db134fa07	Durum wheat	GRS011-011	21260006	GRS011-011 1T-4A-0A-2M-1SEA	2101496	GWP2101496
f743583a54b1	Durum wheat	GRS011-472	21140581	GRS011-472 1T-1A-0A-1M-2M	2101433	GWP2101433
f799f747c690	Durum wheat	GRS011-0276	21260402	GRS011-0276 1T-1A-0A-1M-2SEA	2101736	GWP2101736
f7d7cfb7cc83	Durum wheat	GRS011-0125	21140122	GRS011-0125 1T-1A-0A-2M-3M	2100719	GWP2100719
f7fcb4a50ad7	Durum wheat	GRS011-0253	21140336	GRS011-0253-2M-2M	2101031	GWP2101031
f80002c40500	Durum wheat	GRS011-462	21260569	GRS011-462-2M-2SEA	2101839	GWP2101839
f802f74581a1	Durum wheat	GRS011-0253	21260325	GRS011-0253 1T-1A-0A-2M-3SEA	2101636	GWP2101636
f813307570db	Durum wheat	GRS011-083	21140085	GRS011-083 1T-3A-0A-1M-1M	2100681	GWP2100681
f819f13da5aa	Durum wheat	GRS011-0258	21260368	GRS011-0258 1T-1A-0A-2M-2SEA	2101689	GWP2101689
f820baa7fd22	Bread wheat	GRSW170054	21120091	GRSW170054-M0-M0-M2-M1	2100369	GWP2100369
f84b4fa2b874	Bread wheat	TCI19-7002	2111007	TCI19-7002-M1-M1	2100048	GWP2100048
f86fd6b5e9f1	Bread wheat	GRS011-0276	21140410	GRS011-0276 1T-1A-0A-1M-1M	2101156	GWP2101156
f8876ae54e71	Durum wheat	GRS011-087	21140088	GRS011-087 1T-2A-0A-1M-1M	2100683	GWP2100683
f8bc2ccf1449	Durum wheat	GRS011-0250	21140321	GRS011-0250 1T-1A-0A-1M-1M	2100987	GWP2100987
f8bf3668acab	Durum wheat	GRS011-0255	21140341	GRS011-0255-1M-3M	2101039	GWP2101039
f8c3414e9b87	Durum wheat	GRS011-472	21260579	GRS011-472 1T-1A-0A-1M-2SEA	2101848	GWP2101848
f9077a415f35	Durum wheat	GRS011-0273	21140399	GRS011-0273 1T-3A-0A-2M-3M	2101136	GWP2101136
f922a80cd587	Durum wheat	GRS011-462	21140565	GRS011-462 1T-1A-0A-2M-4M	2101398	GWP2101398
f9322aae24fe	Bread wheat	GRSW170056	21120096	GRSW170056-M0-M0-M1-M5	2100389	GWP2100389
f96faa35174e	Durum wheat	GRS011-099	21140101	GRS011-099 1T-2A-0A-3M-2M	2100697	GWP2100697
f9b06bb2ba2c	Durum wheat	GRS011-315	21140549	GRS011-315 1T-2A-0A-1M-1M	2101335	GWP2101335
f9c4b0e0b77a	Durum wheat	GRS11-498	21140156	GRS011-498 1T-1A-0A-1M-3M	2100767	GWP2100767
fa4a7954b54e	Bread wheat	GRSW170083	21120134	GRSW170083-M0-M0-M3-M4	2100515	GWP2100515
fa6ae11c74aa	Bread wheat	GRSW170057	Repl-26	GRS18-7002-4SB-M1-AN1	2100362	GWP2100362
fa99080bf483	Bread wheat	TCI19-7002	2111006	TCI19-7002-M3-M6	2100042	GWP2100042
fac96e9cf2f0	Durum wheat	GRS011-0196	21260506	GRS011-0196 1T-1A-0A-1M-2SEA	2101796	GWP2101796
fada299e0ae3	Durum wheat	GRS011-0272	21140546	GRS011-0272 1T-1A-0A-1M-1M	2101325	GWP2101325
fae4cab1fef1	Durum wheat	Louiza	-	-	2101128	GWP2101128
fb6de3182178	Durum wheat	GRS011-0253	21260328	GRS011-0253-2M-1SEA	2101640	GWP2101640
fb74edd3c4ac	Bread wheat	-	Repl-56	GRS011-020 1T-1A-0A-1M-AN1	2100451	GWP2100451
fbf506612f36	Durum wheat	GRS011-0174	21140496	GRS011-0174 1T-1A-0A-1M-1M	2101242	GWP2101242
fc0bf0c4bfc0	Durum wheat	GRS011-0197	21140250	GRS011-0197-1M-2M	2100916	GWP2100916
fc1ce9e5c0c4	Durum wheat	GRS011-0253	21140324	GRS011-0253 1T-1A-0A-1M-1M	2100995	GWP2100995
fc5aeaaecd8d	Bread wheat	-	2113012	1504027-M0-1603016-M0-18070043-M0-20130008-M3-M1	2100548	GWP2100548
fc6f8068f8af	Bread wheat	GRSW170047	21120070	GRSW170047-M0-M0-M1-M2	2100321	GWP2100321
fc9a1a0b9137	Bread wheat	-	2113032	1504023-M0-1603069-M4-18070104-M0-20130018-M2-M2	2100588	GWP2100588
fcb78afaf384	Bread wheat	GRSW170062	21120102	GRSW170062-M0-M0-M1-M2	2100418	GWP2100418
fcdf2d7c7565	Durum wheat	GRS011-0272	21140395	GRS011-0272 1T-2A-0A-2M-2M	2101125	GWP2101125
fce06af3a902	Bread wheat	TCI19-7003	2111011	TCI19-7003-M1-M6	2100103	GWP2100103
fd068ea38e58	Durum wheat	GRS011-462	21140573	GRS011-462-1M-4M	2101421	GWP2101421
fd290e89c0f9	Bread wheat	GRSW170084	21120136	GRSW170084-M0-M0-M2-M4	2100525	GWP2100525
fd51e5afea0a	Durum wheat	GRS011-0189	21140499	GRS011-0189-1M-3M	2101250	GWP2101250
fd582653cf52	Durum wheat	GRS011-0193	21140235	GRS011-0193-1M-1M	2100882	GWP2100882
fd5b7566ada8	Durum wheat	GRS011-0258	21260367	GRS011-0258 1T-1A-0A-1M-2SEA	2101687	GWP2101687
fd8f2ba4b813	Durum wheat	GRS011-0185	21140211	GRS011-0185 1T-1A-0A-3M-3M	2100819	GWP2100819
fd962663ae4a	Bread wheat	GRSW170040	21120060	GRSW170040-M0-M0-M1-M5	2100295	GWP2100295
fdec2275e1db	Durum wheat	GRS011-0255	21260343	GRS011-0255-3M-2SEA	2101658	GWP2101658
fdfd8549ca00	Durum wheat	GRS011-0272	21140544	GRS011-0272 1T-1A-0A-2M-1M	2101320	GWP2101320
fe13938c70dd	Durum wheat	GRS011-310	21140547	GRS011-310 1T-1A-0A-1M-4M	2101330	GWP2101330
fe56861704b3	Durum wheat	GRS011-016	21140013	GRS011-016-1M-1M	2100625	GWP2100625
fe5d6a45ef0c	Bread wheat	GRS011-0291	21140431	GRS011-0291-1M-1M	2101183	GWP2101183
fe97dd15c0e4	Bread wheat	TCI19-7003	2111009	TCI19-7003-M1-M10	2100081	GWP2100081
feae3ed74429	Bread wheat	GRSW170057	21120101	GRSW170057-M0-M0-M3-M3	2100411	GWP2100411
feb0c683d149	Bread wheat	Tesfa	-	-	2101488	GWP2101488
fed39e352356	Durum wheat	GRS011-0181	21140197	GRS011-0181-1M-1M	2100798	GWP2100798
ff26e285a0ab	Durum wheat	GRS011-465	21140557	GRS011-465 1T-3A-0A-1M-1M	2101365	GWP2101365
ff4696454969	Durum wheat	GRS011-0262	21140379	GRS011-0262-2M-2M	2101105	GWP2101105
ff88db9a0e7a	Durum wheat	GRS011-0197	21140253	GRS011-0197-1M-1M	2100918	GWP2100918
ff9612854201	Bread wheat	TCI19-7002	2111008	TCI19-7002-M1-M12	2100070	GWP2100070
ffaf5dbac72e	Durum wheat	GRS011-310	21140548	GRS011-310 1T-1A-0A-2M-1M	2101331	GWP2101331
