rs#	alleles	chrom	pos
TaDArTAG000661	A/G	1A	4445686
TaDArTAG007882	A/G	1A	4834839
TaDArTAG000011	A/G	1A	5080465
TaDArTAG000013	G/A	1A	5185919
TaDArTAG000050	A/G	1A	5186783
TaDArTAG000012	A/G	1A	5187071
TaDArTAG000722	A/G	1A	6145150
TaDArTAG007883	A/G	1A	8462318
TaDArTAG005736	A/G	1A	8982189
TaDArTAG005737	A/G	1A	9635714
TaDArTAG005739	A/G	1A	9668176
TaDArTAG005741	A/G	1A	10949402
TaDArTAG005633	A/G	1A	11418356
TaDArTAG005635	A/G	1A	13310405
TaDArTAG005637	A/G	1A	13313766
TaDArTAG000491	G/A	1A	13317927
TaDArTAG005643	A/G	1A	15682098
TaDArTAG000492	A/G	1A	15701499
TaDArTAG005647	A/G	1A	18270274
TaDArTAG005650	A/G	1A	21988165
TaDArTAG000359	A/G	1A	22129400
TaDArTAG000493	G/A	1A	22130122
TaDArTAG000645	G/A	1A	27952344
TaDArTAG005654	A/G	1A	29394904
TaDArTAG000647	A/G	1A	29654165
TaDArTAG007889	A/G	1A	30796752
TaDArTAG005657	A/G	1A	33904652
TaDArTAG000346	G/A	1A	35557287
TaDArTAG007376	A/G	1A	38554675
TaDArTAG000667	A/G	1A	44172151
TaDArTAG007892	A/G	1A	48359426
TaDArTAG000495	G/A	1A	48781640
TaDArTAG000677	A/G	1A	50078603
TaDArTAG000700	A/G	1A	51549259
TaDArTAG007894	A/G	1A	51838809
TaDArTAG007383	A/G	1A	69296331
TaDArTAG007384	A/G	1A	78847209
TaDArTAG007385	A/G	1A	88524235
TaDArTAG000350	A/G	1A	94822175
TaDArTAG005742	G/A	1A	98666377
TaDArTAG000148	G/A	1A	108046684
TaDArTAG007900	A/G	1A	121822570
TaDArTAG007360	G/A	1A	129198577
TaDArTAG007361	A/G	1A	134588462
TaDArTAG005644	A/G	1A	149435009
TaDArTAG007363	G/A	1A	157119125
TaDArTAG007364	G/A	1A	168327517
TaDArTAG000644	G/A	1A	251172988
TaDArTAG000648	A/G	1A	277565431
TaDArTAG007913	G/A	1A	281616341
TaDArTAG007366	A/G	1A	288715798
TaDArTAG007914	G/A	1A	291121257
TaDArTAG007367	G/A	1A	293856394
TaDArTAG007368	G/A	1A	306714702
TaDArTAG007917	A/G	1A	306720969
TaDArTAG000345	G/A	1A	310508413
TaDArTAG007920	A/G	1A	313480505
TaDArTAG007921	A/G	1A	314677095
TaDArTAG007369	A/G	1A	321855331
TaDArTAG000658	A/G	1A	321962045
TaDArTAG007370	A/G	1A	338157432
TaDArTAG007371	A/G	1A	341547373
TaDArTAG007372	A/G	1A	346662219
TaDArTAG007925	A/G	1A	351950625
TaDArTAG007926	A/G	1A	353412330
TaDArTAG007373	A/G	1A	355437472
TaDArTAG007374	A/G	1A	360259466
TaDArTAG007377	A/G	1A	370510631
TaDArTAG007930	A/G	1A	373867401
TaDArTAG007378	G/A	1A	378965285
TaDArTAG007379	A/G	1A	419184024
TaDArTAG005666	A/G	1A	443070674
TaDArTAG005667	A/G	1A	460135699
TaDArTAG007941	A/G	1A	464141715
TaDArTAG000348	G/A	1A	464498084
TaDArTAG000673	A/G	1A	465195865
TaDArTAG007942	A/G	1A	466490315
TaDArTAG000675	A/G	1A	473343125
TaDArTAG005668	G/A	1A	479272211
TaDArTAG000684	A/G	1A	479553148
TaDArTAG000685	A/G	1A	482154805
TaDArTAG005669	A/G	1A	483925743
TaDArTAG000690	A/G	1A	485230897
TaDArTAG000699	A/G	1A	490849843
TaDArTAG005671	A/G	1A	491866977
TaDArTAG000702	A/G	1A	493568317
TaDArTAG000200	A/G	1A	495916941
TaDArTAG000705	A/G	1A	496714741
TaDArTAG005672	A/G	1A	497828968
TaDArTAG000201	A/G	1A	498714167
TaDArTAG000202	A/G	1A	498714274
TaDArTAG005674	A/G	1A	500312875
TaDArTAG000203	A/G	1A	501357772
TaDArTAG000204	A/G	1A	501358044
TaDArTAG000205	A/G	1A	501358049
TaDArTAG005676	A/G	1A	502464627
TaDArTAG007950	A/G	1A	508358330
TaDArTAG000008	A/G	1A	510221352
TaDArTAG000007	A/G	1A	510221437
TaDArTAG007951	A/G	1A	511932602
TaDArTAG008126	A/G	1A	512573012
TaDArTAG000727	A/G	1A	513103335
TaDArTAG005682	A/G	1A	518064729
TaDArTAG005683	A/G	1A	518143648
TaDArTAG005684	A/G	1A	519161250
TaDArTAG005685	A/G	1A	519162549
TaDArTAG005686	A/G	1A	519640418
TaDArTAG005687	A/G	1A	522309082
TaDArTAG000745	A/G	1A	523699071
TaDArTAG005689	A/G	1A	533356833
TaDArTAG000754	A/G	1A	534468487
TaDArTAG005690	A/G	1A	535144169
TaDArTAG005692	A/G	1A	536736758
TaDArTAG005695	A/G	1A	538136370
TaDArTAG000497	A/G	1A	538360348
TaDArTAG005698	A/G	1A	543882833
TaDArTAG000498	A/G	1A	544912146
TaDArTAG005699	A/G	1A	545792672
TaDArTAG005700	A/G	1A	545907572
TaDArTAG005703	A/G	1A	547760198
TaDArTAG005705	A/G	1A	550312550
TaDArTAG005707	G/A	1A	551180219
TaDArTAG005708	A/G	1A	552336966
TaDArTAG005709	A/G	1A	553348610
TaDArTAG005711	A/G	1A	553525733
TaDArTAG005712	A/G	1A	556214860
TaDArTAG000786	A/G	1A	556684027
TaDArTAG007954	A/G	1A	560266889
TaDArTAG000793	A/G	1A	562569024
TaDArTAG005714	A/G	1A	568181356
TaDArTAG005713	A/G	1A	568181483
TaDArTAG005719	A/G	1A	580832681
TaDArTAG005718	A/G	1A	580832686
TaDArTAG005721	A/G	1A	581589956
TaDArTAG007956	A/G	1A	584182961
TaDArTAG000829	A/G	1A	585832659
TaDArTAG005722	A/G	1A	587219981
TaDArTAG005723	A/G	1A	588817212
TaDArTAG005724	A/G	1A	588848198
TaDArTAG000356	G/A	1A	589012499
TaDArTAG000207	A/G	1A	589971512
TaDArTAG000208	A/G	1A	589971512
TaDArTAG000209	A/G	1A	589981817
TaDArTAG000210	A/G	1A	589981844
TaDArTAG005726	A/G	1A	591673775
TaDArTAG005729	G/A	1A	593602532
TaDArTAG005730	A/G	1A	594181145
TaDArTAG005733	A/G	1A	595703063
TaDArTAG007959	A/G	1B	1421675
TaDArTAG000886	A/G	1B	3767958
TaDArTAG007960	A/G	1B	4141342
TaDArTAG000014	A/G	1B	6140568
TaDArTAG000054	A/G	1B	6140784
TaDArTAG000055	G/A	1B	6886250
TaDArTAG000015	A/G	1B	6887072
TaDArTAG005818	A/G	1B	10071632
TaDArTAG005743	A/G	1B	15893837
TaDArTAG000344	A/G	1B	18176608
TaDArTAG000866	A/G	1B	18389609
TaDArTAG007966	G/A	1B	18611362
TaDArTAG000211	A/G	1B	19385027
TaDArTAG000149	A/G	1B	21384153
TaDArTAG005747	A/G	1B	21385437
TaDArTAG000352	G/A	1B	23225420
TaDArTAG000870	A/G	1B	25176621
TaDArTAG000872	A/G	1B	25609924
TaDArTAG005750	A/G	1B	28019579
TaDArTAG007397	A/G	1B	34046000
TaDArTAG008044	A/G	1B	40618500
TaDArTAG007967	A/G	1B	44553898
TaDArTAG000930	A/G	1B	51508193
TaDArTAG007969	A/G	1B	52451293
TaDArTAG000119	A/G	1B	64520854
TaDArTAG001014	G/A	1B	64522467
TaDArTAG001029	A/G	1B	66044201
TaDArTAG007410	A/G	1B	68840070
TaDArTAG007411	A/G	1B	73310793
TaDArTAG007972	G/A	1B	90735498
TaDArTAG007412	A/G	1B	93461242
TaDArTAG000068	A/G	1B	97144329
TaDArTAG001106	A/G	1B	101537179
TaDArTAG007386	A/G	1B	107411941
TaDArTAG000858	A/G	1B	113160492
TaDArTAG000090	A/G	1B	115973547
TaDArTAG007974	A/G	1B	117899279
TaDArTAG007387	G/A	1B	126611861
TaDArTAG007388	A/G	1B	156856896
TaDArTAG007389	A/G	1B	157776350
TaDArTAG000351	A/G	1B	163225727
TaDArTAG007390	A/G	1B	165923519
TaDArTAG000867	A/G	1B	187676305
TaDArTAG007391	G/A	1B	189932847
TaDArTAG007392	G/A	1B	202851193
TaDArTAG005749	G/A	1B	218795341
TaDArTAG007982	A/G	1B	231555413
TaDArTAG000875	A/G	1B	274361524
TaDArTAG007394	A/G	1B	275574339
TaDArTAG007365	G/A	1B	295212565
TaDArTAG000878	A/G	1B	298283877
TaDArTAG005752	G/A	1B	319569776
TaDArTAG007396	A/G	1B	321050372
TaDArTAG007986	A/G	1B	323314327
TaDArTAG000880	A/G	1B	332271314
TaDArTAG007988	A/G	1B	342998453
TaDArTAG000884	A/G	1B	346670225
TaDArTAG007399	A/G	1B	366025049
TaDArTAG007400	A/G	1B	370398268
TaDArTAG000889	A/G	1B	373510898
TaDArTAG007401	A/G	1B	379204085
TaDArTAG000892	A/G	1B	383971249
TaDArTAG000894	A/G	1B	386523531
TaDArTAG000900	A/G	1B	397390248
TaDArTAG000904	A/G	1B	408019560
TaDArTAG000912	A/G	1B	417922597
TaDArTAG007994	A/G	1B	423359033
TaDArTAG007402	A/G	1B	425130417
TaDArTAG000915	A/G	1B	426767383
TaDArTAG007403	A/G	1B	430295371
TaDArTAG000917	A/G	1B	432359610
TaDArTAG000919	A/G	1B	433502059
TaDArTAG000353	A/G	1B	437318117
TaDArTAG007404	A/G	1B	439453441
TaDArTAG000347	G/A	1B	439486457
TaDArTAG005754	A/G	1B	453121256
TaDArTAG005755	A/G	1B	457018102
TaDArTAG007996	A/G	1B	457511227
TaDArTAG000923	A/G	1B	458692531
TaDArTAG005757	A/G	1B	462152712
TaDArTAG000500	A/G	1B	463752075
TaDArTAG000928	A/G	1B	464211902
TaDArTAG005758	A/G	1B	469401619
TaDArTAG000931	A/G	1B	479700901
TaDArTAG000934	A/G	1B	489283921
TaDArTAG000936	A/G	1B	493553456
TaDArTAG007999	A/G	1B	494792467
TaDArTAG007405	A/G	1B	500275489
TaDArTAG000940	A/G	1B	503469924
TaDArTAG000941	A/G	1B	504153336
TaDArTAG000944	A/G	1B	507434806
TaDArTAG000946	A/G	1B	509402631
TaDArTAG007406	A/G	1B	514580324
TaDArTAG000948	A/G	1B	514739896
TaDArTAG000949	A/G	1B	518815896
TaDArTAG000950	A/G	1B	525388771
TaDArTAG007407	G/A	1B	527403482
TaDArTAG008000	A/G	1B	527721016
TaDArTAG000955	A/G	1B	533944450
TaDArTAG007640	A/G	1B	534055132
TaDArTAG008001	A/G	1B	536690476
TaDArTAG007408	A/G	1B	542284984
TaDArTAG000354	G/A	1B	546149912
TaDArTAG008003	A/G	1B	547474134
TaDArTAG000967	A/G	1B	550101629
TaDArTAG000206	A/G	1B	551190867
TaDArTAG000969	A/G	1B	552106599
TaDArTAG005763	A/G	1B	554310083
TaDArTAG005764	A/G	1B	554700034
TaDArTAG005765	A/G	1B	555338938
TaDArTAG005767	A/G	1B	555683132
TaDArTAG000976	A/G	1B	556733247
TaDArTAG008004	A/G	1B	557926257
TaDArTAG008005	A/G	1B	559841481
TaDArTAG000095	A/G	1B	562453489
TaDArTAG000978	A/G	1B	565241419
TaDArTAG007409	A/G	1B	566638136
TaDArTAG005769	A/G	1B	570199715
TaDArTAG000983	A/G	1B	571397090
TaDArTAG000213	A/G	1B	572977769
TaDArTAG000214	A/G	1B	572989433
TaDArTAG000215	A/G	1B	572990355
TaDArTAG005770	A/G	1B	573404203
TaDArTAG005772	A/G	1B	573487496
TaDArTAG000991	A/G	1B	576334891
TaDArTAG000996	A/G	1B	579070668
TaDArTAG000998	A/G	1B	579846319
TaDArTAG005773	A/G	1B	582868580
TaDArTAG008008	A/G	1B	584220453
TaDArTAG000098	A/G	1B	588459223
TaDArTAG005775	A/G	1B	589754126
TaDArTAG005776	A/G	1B	589944399
TaDArTAG005777	A/G	1B	590183725
TaDArTAG001002	A/G	1B	591345493
TaDArTAG005779	A/G	1B	593303134
TaDArTAG008009	A/G	1B	593309833
TaDArTAG005780	A/G	1B	595397184
TaDArTAG001008	A/G	1B	595426192
TaDArTAG008010	A/G	1B	598196410
TaDArTAG001025	A/G	1B	602512852
TaDArTAG001031	A/G	1B	610538485
TaDArTAG001034	A/G	1B	620615137
TaDArTAG005783	A/G	1B	621422477
TaDArTAG005784	A/G	1B	621541556
TaDArTAG000503	A/G	1B	626745745
TaDArTAG005785	A/G	1B	626746420
TaDArTAG005786	A/G	1B	626747822
TaDArTAG005787	A/G	1B	626751441
TaDArTAG005788	A/G	1B	626751867
TaDArTAG008013	A/G	1B	628324509
TaDArTAG001038	A/G	1B	631730599
TaDArTAG001046	A/G	1B	636564262
TaDArTAG001049	A/G	1B	638188024
TaDArTAG005710	A/G	1B	638289063
TaDArTAG001053	A/G	1B	643085041
TaDArTAG008014	A/G	1B	643985334
TaDArTAG007348	A/G	1B	644028229
TaDArTAG000217	A/G	1B	646812434
TaDArTAG000218	A/G	1B	646823017
TaDArTAG005791	A/G	1B	648597522
TaDArTAG001063	A/G	1B	648601330
TaDArTAG007336	A/G	1B	650013468
TaDArTAG007337	A/G	1B	650013468
TaDArTAG005792	A/G	1B	650074713
TaDArTAG001068	A/G	1B	652490333
TaDArTAG005795	A/G	1B	659800295
TaDArTAG005796	A/G	1B	661215653
TaDArTAG001084	A/G	1B	671272076
TaDArTAG005800	A/G	1B	675532558
TaDArTAG000355	G/A	1B	676703999
TaDArTAG000075	G/A	1B	678795639
TaDArTAG005802	A/G	1B	682341573
TaDArTAG008018	A/G	1B	683365904
TaDArTAG005806	A/G	1B	685344403
TaDArTAG001093	A/G	1B	685626161
TaDArTAG000504	A/G	1B	685783437
TaDArTAG008019	A/G	1B	687038022
TaDArTAG000357	A/G	1B	688156001
TaDArTAG001098	A/G	1B	690415148
TaDArTAG005816	G/A	1B	694518553
TaDArTAG000507	A/G	1B	695246610
TaDArTAG005812	A/G	1B	698173770
TaDArTAG008022	A/G	1B	698225950
TaDArTAG001127	A/G	1D	395120
TaDArTAG008023	A/G	1D	3051827
TaDArTAG000016	G/A	1D	3168687
TaDArTAG000018	A/G	1D	3168707
TaDArTAG008028	A/G	1D	4171843
TaDArTAG007884	A/G	1D	6770271
TaDArTAG008029	G/A	1D	6897178
TaDArTAG005880	A/G	1D	8296778
TaDArTAG008033	A/G	1D	10704487
TaDArTAG007964	A/G	1D	10841544
TaDArTAG005819	G/A	1D	10842001
TaDArTAG008035	A/G	1D	11082724
TaDArTAG005820	A/G	1D	11083992
TaDArTAG008036	A/G	1D	11088158
TaDArTAG005822	A/G	1D	12278658
TaDArTAG005827	A/G	1D	16561869
TaDArTAG008040	A/G	1D	17329567
TaDArTAG005828	A/G	1D	17533554
TaDArTAG008042	A/G	1D	19550983
TaDArTAG008043	A/G	1D	19963453
TaDArTAG001133	A/G	1D	32932755
TaDArTAG008046	A/G	1D	33540682
TaDArTAG008047	A/G	1D	33803650
TaDArTAG008049	A/G	1D	36169858
TaDArTAG008050	A/G	1D	36468418
TaDArTAG001147	A/G	1D	37752830
TaDArTAG008053	A/G	1D	41641210
TaDArTAG008055	A/G	1D	43070097
TaDArTAG008058	A/G	1D	45149691
TaDArTAG001183	A/G	1D	45290722
TaDArTAG007299	A/G	1D	46096428
TaDArTAG007297	A/G	1D	49403032
TaDArTAG007298	A/G	1D	49567314
TaDArTAG007893	A/G	1D	51622148
TaDArTAG008060	A/G	1D	53507782
TaDArTAG007420	A/G	1D	57118107
TaDArTAG008064	A/G	1D	58906981
TaDArTAG008065	A/G	1D	59980901
TaDArTAG001229	A/G	1D	61626117
TaDArTAG001232	A/G	1D	66833912
TaDArTAG008068	A/G	1D	71149566
TaDArTAG008070	A/G	1D	74484353
TaDArTAG007421	A/G	1D	83614069
TaDArTAG008075	A/G	1D	89379009
TaDArTAG007422	A/G	1D	96284509
TaDArTAG007978	A/G	1D	102861131
TaDArTAG007413	G/A	1D	103486068
TaDArTAG001108	A/G	1D	108483170
TaDArTAG005823	A/G	1D	124363076
TaDArTAG005824	A/G	1D	126152275
TaDArTAG007393	A/G	1D	142501694
TaDArTAG007414	A/G	1D	163799518
TaDArTAG007415	A/G	1D	183691688
TaDArTAG007395	G/A	1D	202159448
TaDArTAG007416	A/G	1D	206037781
TaDArTAG001123	A/G	1D	208821334
TaDArTAG007398	A/G	1D	225005107
TaDArTAG005833	G/A	1D	240673180
TaDArTAG008092	A/G	1D	252729294
TaDArTAG005834	G/A	1D	271460345
TaDArTAG008096	A/G	1D	274815585
TaDArTAG007417	A/G	1D	278264704
TaDArTAG007418	A/G	1D	280013775
TaDArTAG008097	A/G	1D	284051841
TaDArTAG007375	A/G	1D	292115396
TaDArTAG005836	A/G	1D	310829357
TaDArTAG001134	A/G	1D	310958347
TaDArTAG007380	G/A	1D	341184746
TaDArTAG007381	A/G	1D	348018126
TaDArTAG007382	A/G	1D	356786564
TaDArTAG008111	A/G	1D	359136198
TaDArTAG001150	A/G	1D	365503293
TaDArTAG008112	A/G	1D	368028344
TaDArTAG001152	A/G	1D	380932437
TaDArTAG008117	A/G	1D	389616690
TaDArTAG008122	A/G	1D	393607367
TaDArTAG000961	A/G	1D	399437409
TaDArTAG005841	G/A	1D	406072934
TaDArTAG005842	A/G	1D	410200616
TaDArTAG005845	A/G	1D	410329980
TaDArTAG005846	A/G	1D	410367863
TaDArTAG005847	A/G	1D	410529687
TaDArTAG001157	A/G	1D	411637403
TaDArTAG001160	A/G	1D	414163226
TaDArTAG005848	A/G	1D	414462232
TaDArTAG005850	A/G	1D	414528291
TaDArTAG000009	A/G	1D	414600322
TaDArTAG008124	A/G	1D	414656935
TaDArTAG005851	G/A	1D	427102392
TaDArTAG001192	A/G	1D	429427288
TaDArTAG001200	A/G	1D	434788923
TaDArTAG000485	A/G	1D	437816731
TaDArTAG005852	A/G	1D	438404809
TaDArTAG005853	A/G	1D	438669619
TaDArTAG005790	A/G	1D	455745346
TaDArTAG001218	A/G	1D	467971585
TaDArTAG001220	A/G	1D	475033678
TaDArTAG007419	A/G	1D	477837129
TaDArTAG005801	G/A	1D	481645600
TaDArTAG001222	A/G	1D	484144608
TaDArTAG008144	A/G	1D	487721083
TaDArTAG000361	A/G	1D	488222522
TaDArTAG005863	A/G	1D	488381938
TaDArTAG000506	A/G	1D	490606781
TaDArTAG005869	A/G	1D	491219184
TaDArTAG005870	G/A	1D	491219253
TaDArTAG005871	A/G	1D	492381410
TaDArTAG005872	A/G	1D	493762094
TaDArTAG005875	A/G	1D	494464783
TaDArTAG005876	A/G	1D	496007507
TaDArTAG005811	A/G	1D	497250395
TaDArTAG008152	A/G	2A	2447499
TaDArTAG001283	A/G	2A	2805632
TaDArTAG005896	A/G	2A	5303183
TaDArTAG008159	G/A	2A	17376821
TaDArTAG001254	A/G	2A	18048494
TaDArTAG001673	A/G	2A	18351340
TaDArTAG000219	G/A	2A	19621753
TaDArTAG000221	A/G	2A	20940281
TaDArTAG008163	A/G	2A	22865401
TaDArTAG001271	G/A	2A	25007674
TaDArTAG008165	A/G	2A	31778947
TaDArTAG001284	A/G	2A	34648976
TaDArTAG001738	A/G	2A	36111338
TaDArTAG008166	A/G	2A	36834696
TaDArTAG005897	A/G	2A	40703855
TaDArTAG000028	A/G	2A	41520419
TaDArTAG001331	A/G	2A	48127100
TaDArTAG008168	A/G	2A	49820992
TaDArTAG001349	A/G	2A	54168514
TaDArTAG008171	A/G	2A	62680641
TaDArTAG005903	A/G	2A	64336196
TaDArTAG007453	A/G	2A	67052377
TaDArTAG008173	A/G	2A	67059598
TaDArTAG001391	A/G	2A	70086865
TaDArTAG008176	A/G	2A	75735819
TaDArTAG001479	A/G	2A	77888627
TaDArTAG001480	A/G	2A	77900644
TaDArTAG001531	A/G	2A	80360247
TaDArTAG008179	A/G	2A	81867192
TaDArTAG007458	A/G	2A	84433603
TaDArTAG001565	A/G	2A	84915386
TaDArTAG001570	A/G	2A	91099626
TaDArTAG000368	A/G	2A	93472253
TaDArTAG001572	A/G	2A	99072521
TaDArTAG001246	A/G	2A	111453306
TaDArTAG007423	A/G	2A	116086047
TaDArTAG005648	A/G	2A	138125775
TaDArTAG008183	A/G	2A	141896027
TaDArTAG001252	A/G	2A	149309958
TaDArTAG001253	A/G	2A	154109862
TaDArTAG007425	A/G	2A	155877007
TaDArTAG000199	A/G	2A	158059842
TaDArTAG007426	A/G	2A	162509880
TaDArTAG001257	A/G	2A	164474558
TaDArTAG001259	A/G	2A	169545736
TaDArTAG001263	A/G	2A	185134175
TaDArTAG001267	A/G	2A	202025533
TaDArTAG001269	A/G	2A	208082581
TaDArTAG007427	A/G	2A	209714064
TaDArTAG001270	A/G	2A	211343736
TaDArTAG007428	A/G	2A	222716859
TaDArTAG007429	G/A	2A	233302076
TaDArTAG001272	A/G	2A	236787205
TaDArTAG007430	A/G	2A	246602457
TaDArTAG005890	A/G	2A	255405524
TaDArTAG007431	A/G	2A	267067973
TaDArTAG001276	A/G	2A	273086247
TaDArTAG001278	A/G	2A	285090882
TaDArTAG001279	A/G	2A	285355827
TaDArTAG001280	G/A	2A	290066893
TaDArTAG001281	A/G	2A	296129117
TaDArTAG007432	A/G	2A	308039949
TaDArTAG001289	A/G	2A	314691550
TaDArTAG000118	A/G	2A	325477356
TaDArTAG001294	A/G	2A	328903861
TaDArTAG001309	G/A	2A	357935397
TaDArTAG007433	A/G	2A	373785317
TaDArTAG001315	A/G	2A	382614746
TaDArTAG001320	A/G	2A	388459165
TaDArTAG007434	G/A	2A	398180013
TaDArTAG001322	A/G	2A	410677561
TaDArTAG001324	A/G	2A	419447767
TaDArTAG007435	A/G	2A	424369271
TaDArTAG007436	A/G	2A	434780177
TaDArTAG007437	A/G	2A	436665490
TaDArTAG001333	A/G	2A	443128732
TaDArTAG000508	A/G	2A	453251774
TaDArTAG001335	A/G	2A	454991900
TaDArTAG001336	A/G	2A	455519878
TaDArTAG007438	A/G	2A	459304122
TaDArTAG001338	A/G	2A	460238532
TaDArTAG001339	A/G	2A	464235935
TaDArTAG007439	A/G	2A	471108637
TaDArTAG001341	A/G	2A	475080927
TaDArTAG007440	A/G	2A	486975788
TaDArTAG001348	A/G	2A	495251618
TaDArTAG001350	A/G	2A	498978969
TaDArTAG001354	A/G	2A	505980607
TaDArTAG008190	A/G	2A	507331575
TaDArTAG001356	A/G	2A	510841962
TaDArTAG000065	A/G	2A	511842550
TaDArTAG001358	A/G	2A	514098901
TaDArTAG001363	A/G	2A	528373898
TaDArTAG007442	A/G	2A	530175936
TaDArTAG007443	G/A	2A	531977071
TaDArTAG007444	A/G	2A	539269630
TaDArTAG000362	A/G	2A	559709704
TaDArTAG007448	A/G	2A	563858643
TaDArTAG001375	A/G	2A	566707709
TaDArTAG001373	A/G	2A	570793912
TaDArTAG001371	A/G	2A	573218875
TaDArTAG001370	A/G	2A	573763550
TaDArTAG001368	A/G	2A	578427993
TaDArTAG008192	A/G	2A	579935471
TaDArTAG001366	A/G	2A	581394261
TaDArTAG007447	A/G	2A	582329306
TaDArTAG007449	A/G	2A	589430491
TaDArTAG007450	A/G	2A	601226945
TaDArTAG007451	A/G	2A	612384747
TaDArTAG001386	A/G	2A	615720217
TaDArTAG008196	A/G	2A	616168794
TaDArTAG008198	A/G	2A	622070919
TaDArTAG007452	A/G	2A	625355764
TaDArTAG001390	G/A	2A	646714945
TaDArTAG007455	A/G	2A	660490973
TaDArTAG007456	A/G	2A	666961610
TaDArTAG001392	A/G	2A	672140462
TaDArTAG008199	A/G	2A	678137255
TaDArTAG001396	A/G	2A	682245829
TaDArTAG000224	A/G	2A	695038308
TaDArTAG000225	A/G	2A	695088033
TaDArTAG000226	A/G	2A	695089831
TaDArTAG000227	A/G	2A	695403582
TaDArTAG008202	A/G	2A	695403782
TaDArTAG001413	A/G	2A	699564689
TaDArTAG008203	A/G	2A	703419608
TaDArTAG005906	G/A	2A	706882627
TaDArTAG001428	A/G	2A	711392311
TaDArTAG008204	G/A	2A	713455794
TaDArTAG000096	A/G	2A	713863547
TaDArTAG005907	A/G	2A	714121428
TaDArTAG001436	A/G	2A	715909358
TaDArTAG000093	A/G	2A	715938164
TaDArTAG005908	A/G	2A	719197371
TaDArTAG001442	A/G	2A	719279430
TaDArTAG000512	A/G	2A	727850843
TaDArTAG005911	A/G	2A	731585250
TaDArTAG005913	A/G	2A	738109278
TaDArTAG001492	A/G	2A	739667248
TaDArTAG005914	A/G	2A	743759275
TaDArTAG008215	A/G	2A	744113255
TaDArTAG006077	A/G	2A	746183707
TaDArTAG001505	A/G	2A	748607774
TaDArTAG000513	A/G	2A	748820022
TaDArTAG000514	A/G	2A	749048850
TaDArTAG008217	G/A	2A	751247689
TaDArTAG005921	A/G	2A	757755795
TaDArTAG000515	A/G	2A	758318765
TaDArTAG005922	A/G	2A	758466467
TaDArTAG005924	G/A	2A	758588483
TaDArTAG005925	A/G	2A	759904034
TaDArTAG001534	A/G	2A	761805242
TaDArTAG005928	A/G	2A	762115069
TaDArTAG005930	A/G	2A	764612360
TaDArTAG005941	A/G	2A	765432643
TaDArTAG005940	A/G	2A	765432873
TaDArTAG005939	A/G	2A	766878835
TaDArTAG008229	A/G	2A	767253728
TaDArTAG008228	A/G	2A	768645063
TaDArTAG008226	G/A	2A	771416177
TaDArTAG001562	A/G	2A	774598885
TaDArTAG000367	A/G	2A	774933399
TaDArTAG005936	A/G	2A	777085248
TaDArTAG000228	A/G	2A	778159865
TaDArTAG000229	A/G	2A	778159865
TaDArTAG001549	A/G	2A	780659732
TaDArTAG008222	A/G	2A	782502748
TaDArTAG005932	G/A	2A	785894633
TaDArTAG008220	G/A	2A	785915044
TaDArTAG006038	A/G	2B	7345755
TaDArTAG006032	A/G	2B	7474231
TaDArTAG008230	A/G	2B	9592447
TaDArTAG005994	A/G	2B	9701638
TaDArTAG001686	A/G	2B	10472816
TaDArTAG000370	G/A	2B	11460867
TaDArTAG001571	A/G	2B	15179869
TaDArTAG005966	A/G	2B	19848364
TaDArTAG000230	A/G	2B	27912452
TaDArTAG000231	A/G	2B	27916501
TaDArTAG000232	A/G	2B	27928060
TaDArTAG000233	A/G	2B	27928089
TaDArTAG007338	A/G	2B	27928105
TaDArTAG005986	A/G	2B	28045661
TaDArTAG007295	A/G	2B	29594097
TaDArTAG001698	A/G	2B	32390615
TaDArTAG005992	G/A	2B	34441898
TaDArTAG001717	A/G	2B	45213246
TaDArTAG000520	A/G	2B	46408429
TaDArTAG008236	A/G	2B	46852378
TaDArTAG001730	A/G	2B	49888705
TaDArTAG006011	A/G	2B	54440936
TaDArTAG005893	A/G	2B	56092786
TaDArTAG000234	A/G	2B	57850959
TaDArTAG000235	A/G	2B	57851005
TaDArTAG000236	A/G	2B	58185287
TaDArTAG000237	A/G	2B	58333327
TaDArTAG001758	A/G	2B	60764966
TaDArTAG001782	A/G	2B	66705698
TaDArTAG008238	A/G	2B	72777271
TaDArTAG008167	G/A	2B	72917031
TaDArTAG001838	A/G	2B	75718542
TaDArTAG008239	A/G	2B	75890070
TaDArTAG001901	A/G	2B	80274912
TaDArTAG000238	A/G	2B	83366589
TaDArTAG000239	A/G	2B	83382095
TaDArTAG008240	A/G	2B	84702096
TaDArTAG002031	A/G	2B	90348235
TaDArTAG002033	A/G	2B	94661709
TaDArTAG006114	A/G	2B	99153328
TaDArTAG000152	A/G	2B	100732374
TaDArTAG000151	A/G	2B	100732557
TaDArTAG000153	A/G	2B	100732589
TaDArTAG002043	A/G	2B	104194264
TaDArTAG008241	A/G	2B	107344470
TaDArTAG000517	A/G	2B	109645981
TaDArTAG005944	A/G	2B	112185171
TaDArTAG005947	A/G	2B	118464625
TaDArTAG000121	G/A	2B	125556737
TaDArTAG001596	A/G	2B	126006589
TaDArTAG008243	A/G	2B	134836579
TaDArTAG008245	A/G	2B	145089465
TaDArTAG001602	A/G	2B	147193048
TaDArTAG005958	G/A	2B	156593066
TaDArTAG005959	A/G	2B	158888933
TaDArTAG001622	A/G	2B	163135347
TaDArTAG008246	A/G	2B	166613114
TaDArTAG008247	A/G	2B	173073879
TaDArTAG001631	A/G	2B	176157240
TaDArTAG000023	A/G	2B	179147612
TaDArTAG005965	A/G	2B	183020922
TaDArTAG008249	A/G	2B	185735509
TaDArTAG005967	A/G	2B	187474939
TaDArTAG001642	A/G	2B	190581137
TaDArTAG001656	A/G	2B	206835818
TaDArTAG000100	A/G	2B	208668070
TaDArTAG005976	A/G	2B	210827939
TaDArTAG001658	A/G	2B	215665118
TaDArTAG005977	A/G	2B	218312814
TaDArTAG001666	A/G	2B	235643033
TaDArTAG000519	A/G	2B	239594930
TaDArTAG007459	A/G	2B	242552359
TaDArTAG001667	A/G	2B	243166849
TaDArTAG001669	A/G	2B	244586834
TaDArTAG001678	A/G	2B	251773004
TaDArTAG005982	A/G	2B	253065777
TaDArTAG001679	A/G	2B	253108122
TaDArTAG001685	A/G	2B	258169407
TaDArTAG005989	A/G	2B	262027349
TaDArTAG007460	G/A	2B	262933517
TaDArTAG007461	G/A	2B	280962101
TaDArTAG007463	A/G	2B	302852391
TaDArTAG001695	A/G	2B	315571745
TaDArTAG007464	A/G	2B	326678848
TaDArTAG005993	A/G	2B	328063882
TaDArTAG007467	A/G	2B	375751299
TaDArTAG005996	A/G	2B	385741945
TaDArTAG007466	A/G	2B	386227741
TaDArTAG007468	A/G	2B	399415061
TaDArTAG007469	G/A	2B	414766401
TaDArTAG007470	A/G	2B	422521201
TaDArTAG007472	A/G	2B	426906192
TaDArTAG001727	A/G	2B	429340228
TaDArTAG000510	A/G	2B	429693644
TaDArTAG007473	A/G	2B	432426681
TaDArTAG007474	A/G	2B	433942845
TaDArTAG001729	A/G	2B	443232779
TaDArTAG001734	A/G	2B	457942042
TaDArTAG007475	A/G	2B	458313684
TaDArTAG006002	A/G	2B	461722685
TaDArTAG006003	A/G	2B	461728170
TaDArTAG006004	A/G	2B	464594171
TaDArTAG006009	A/G	2B	471974207
TaDArTAG007476	A/G	2B	484557034
TaDArTAG001739	A/G	2B	484866997
TaDArTAG007477	A/G	2B	502472168
TaDArTAG001742	A/G	2B	502955863
TaDArTAG007478	A/G	2B	507328117
TaDArTAG001746	A/G	2B	515893224
TaDArTAG001752	G/A	2B	520653522
TaDArTAG007446	A/G	2B	525428181
TaDArTAG001754	A/G	2B	530868102
TaDArTAG001755	A/G	2B	532259093
TaDArTAG007479	A/G	2B	533543817
TaDArTAG001756	A/G	2B	536847157
TaDArTAG006016	A/G	2B	538727268
TaDArTAG007480	A/G	2B	547594537
TaDArTAG006017	A/G	2B	547756344
TaDArTAG006018	A/G	2B	548367394
TaDArTAG006019	A/G	2B	548371072
TaDArTAG001763	A/G	2B	558619672
TaDArTAG006023	A/G	2B	562206300
TaDArTAG001767	A/G	2B	572817890
TaDArTAG001770	A/G	2B	573061378
TaDArTAG001772	A/G	2B	580256067
TaDArTAG001774	A/G	2B	581751476
TaDArTAG001775	A/G	2B	583798525
TaDArTAG007481	A/G	2B	583869183
TaDArTAG001776	A/G	2B	589334653
TaDArTAG007482	A/G	2B	589602754
TaDArTAG001778	A/G	2B	593117697
TaDArTAG006029	A/G	2B	599857956
TaDArTAG006031	A/G	2B	600396918
TaDArTAG001785	A/G	2B	604446258
TaDArTAG007483	A/G	2B	614967257
TaDArTAG007484	A/G	2B	618629140
TaDArTAG001790	A/G	2B	633973155
TaDArTAG001793	A/G	2B	642261251
TaDArTAG001794	A/G	2B	643020729
TaDArTAG000189	A/G	2B	647357479
TaDArTAG006039	A/G	2B	655931129
TaDArTAG006040	A/G	2B	656329441
TaDArTAG006042	A/G	2B	659775828
TaDArTAG001803	A/G	2B	660133028
TaDArTAG001821	A/G	2B	672129184
TaDArTAG001822	A/G	2B	674096285
TaDArTAG001825	A/G	2B	676381735
TaDArTAG001830	A/G	2B	679381736
TaDArTAG006045	A/G	2B	683327824
TaDArTAG001832	A/G	2B	684106179
TaDArTAG001836	A/G	2B	688394298
TaDArTAG008265	A/G	2B	691806641
TaDArTAG006047	A/G	2B	696491267
TaDArTAG001847	A/G	2B	697524603
TaDArTAG001849	A/G	2B	699867454
TaDArTAG001853	A/G	2B	701236268
TaDArTAG001857	A/G	2B	706173506
TaDArTAG008267	A/G	2B	708918127
TaDArTAG001862	A/G	2B	712616884
TaDArTAG001863	A/G	2B	712928209
TaDArTAG001872	A/G	2B	716875272
TaDArTAG001874	A/G	2B	717892245
TaDArTAG001876	A/G	2B	720470412
TaDArTAG006062	A/G	2B	722126056
TaDArTAG001883	A/G	2B	724558608
TaDArTAG001891	A/G	2B	726058591
TaDArTAG007485	A/G	2B	731743986
TaDArTAG001897	A/G	2B	733973688
TaDArTAG008271	A/G	2B	736779235
TaDArTAG008272	A/G	2B	738155427
TaDArTAG006069	A/G	2B	742429329
TaDArTAG001914	A/G	2B	744769115
TaDArTAG001917	A/G	2B	746604061
TaDArTAG001932	A/G	2B	754972272
TaDArTAG008276	A/G	2B	757038186
TaDArTAG006082	A/G	2B	759632000
TaDArTAG006085	A/G	2B	760791584
TaDArTAG001947	A/G	2B	761133953
TaDArTAG001948	A/G	2B	763985229
TaDArTAG001951	A/G	2B	768737921
TaDArTAG001953	A/G	2B	769083913
TaDArTAG008278	A/G	2B	769944626
TaDArTAG000375	A/G	2B	772991324
TaDArTAG008279	G/A	2B	773194690
TaDArTAG001964	A/G	2B	774036143
TaDArTAG008280	A/G	2B	774418821
TaDArTAG001968	A/G	2B	776185807
TaDArTAG000523	G/A	2B	784379166
TaDArTAG001986	A/G	2B	785493342
TaDArTAG000524	A/G	2B	793048847
TaDArTAG000241	A/G	2B	794568388
TaDArTAG006104	A/G	2B	794577096
TaDArTAG000242	A/G	2B	794795985
TaDArTAG000243	A/G	2B	794927659
TaDArTAG000244	A/G	2B	794927664
TaDArTAG002003	A/G	2B	797305325
TaDArTAG006105	A/G	2B	798641313
TaDArTAG002012	A/G	2B	800995957
TaDArTAG008282	G/A	2B	803452312
TaDArTAG002025	A/G	2B	804042747
TaDArTAG008284	A/G	2B	807540217
TaDArTAG006127	A/G	2D	2581826
TaDArTAG008287	A/G	2D	5453233
TaDArTAG000527	A/G	2D	7367452
TaDArTAG008290	A/G	2D	9071124
TaDArTAG006173	A/G	2D	9513176
TaDArTAG000369	G/A	2D	10560506
TaDArTAG002049	A/G	2D	13007128
TaDArTAG008294	A/G	2D	15152271
TaDArTAG008295	A/G	2D	15939645
TaDArTAG002054	A/G	2D	16874751
TaDArTAG008296	A/G	2D	18688244
TaDArTAG008297	A/G	2D	19274138
TaDArTAG006124	A/G	2D	21705931
TaDArTAG008298	A/G	2D	24088735
TaDArTAG007494	A/G	2D	31455602
TaDArTAG000035	A/G	2D	36206221
TaDArTAG000033	A/G	2D	36210696
TaDArTAG000240	A/G	2D	51840221
TaDArTAG007502	A/G	2D	59282206
TaDArTAG002122	A/G	2D	64249632
TaDArTAG007349	A/G	2D	65870537
TaDArTAG007350	A/G	2D	65870590
TaDArTAG008313	A/G	2D	69997080
TaDArTAG008314	A/G	2D	70001662
TaDArTAG008315	A/G	2D	70412683
TaDArTAG007351	A/G	2D	71173063
TaDArTAG008317	A/G	2D	71940709
TaDArTAG008318	A/G	2D	73065497
TaDArTAG007352	A/G	2D	75202868
TaDArTAG002151	A/G	2D	77270498
TaDArTAG008323	A/G	2D	78982670
TaDArTAG002156	A/G	2D	79159577
TaDArTAG008325	A/G	2D	79193877
TaDArTAG002162	A/G	2D	85219624
TaDArTAG008329	A/G	2D	85492815
TaDArTAG000529	A/G	2D	86767581
TaDArTAG008330	A/G	2D	99176007
TaDArTAG000518	A/G	2D	101516288
TaDArTAG007457	G/A	2D	101523181
TaDArTAG008331	A/G	2D	105228873
TaDArTAG002048	A/G	2D	113241839
TaDArTAG008248	A/G	2D	118302995
TaDArTAG006118	A/G	2D	119464178
TaDArTAG007486	A/G	2D	126149996
TaDArTAG007487	A/G	2D	129443280
TaDArTAG007488	A/G	2D	177875218
TaDArTAG007489	A/G	2D	199664516
TaDArTAG007490	A/G	2D	204240225
TaDArTAG005891	A/G	2D	209404406
TaDArTAG007491	A/G	2D	216181369
TaDArTAG007492	A/G	2D	231901055
TaDArTAG007465	A/G	2D	270269525
TaDArTAG000372	G/A	2D	301462414
TaDArTAG007495	A/G	2D	305031156
TaDArTAG007496	A/G	2D	323018869
TaDArTAG008188	A/G	2D	339602272
TaDArTAG007471	A/G	2D	353564162
TaDArTAG008345	G/A	2D	358507017
TaDArTAG006137	A/G	2D	372172921
TaDArTAG007497	A/G	2D	374103700
TaDArTAG002068	A/G	2D	385918506
TaDArTAG006007	G/A	2D	393519115
TaDArTAG007445	A/G	2D	406265653
TaDArTAG006140	A/G	2D	429098994
TaDArTAG001367	A/G	2D	432190999
TaDArTAG007498	G/A	2D	460971644
TaDArTAG000195	A/G	2D	463598169
TaDArTAG007499	A/G	2D	471980084
TaDArTAG006144	A/G	2D	482559510
TaDArTAG000378	A/G	2D	483826140
TaDArTAG007454	A/G	2D	487182230
TaDArTAG008354	A/G	2D	524700859
TaDArTAG007500	A/G	2D	539794340
TaDArTAG002072	A/G	2D	540074079
TaDArTAG007501	A/G	2D	550603706
TaDArTAG002074	A/G	2D	569719389
TaDArTAG002076	A/G	2D	571238815
TaDArTAG008358	A/G	2D	576815708
TaDArTAG000092	A/G	2D	577307827
TaDArTAG002081	A/G	2D	577769281
TaDArTAG002082	A/G	2D	578628042
TaDArTAG008361	A/G	2D	582546379
TaDArTAG002084	A/G	2D	582579741
TaDArTAG002085	A/G	2D	583125989
TaDArTAG008362	A/G	2D	583246632
TaDArTAG008364	A/G	2D	584571726
TaDArTAG002086	A/G	2D	585486221
TaDArTAG008366	A/G	2D	587245587
TaDArTAG008368	A/G	2D	587616001
TaDArTAG002087	A/G	2D	588505566
TaDArTAG008372	G/A	2D	589830035
TaDArTAG008373	A/G	2D	590275241
TaDArTAG008379	G/A	2D	596215220
TaDArTAG002091	A/G	2D	597477916
TaDArTAG008383	A/G	2D	598121197
TaDArTAG002093	A/G	2D	598442551
TaDArTAG008385	A/G	2D	599869900
TaDArTAG008386	A/G	2D	601216628
TaDArTAG002099	A/G	2D	602867136
TaDArTAG008390	A/G	2D	604189634
TaDArTAG008398	A/G	2D	615267757
TaDArTAG000525	A/G	2D	618079222
TaDArTAG005917	A/G	2D	619463425
TaDArTAG002123	A/G	2D	622096422
TaDArTAG008402	A/G	2D	627060224
TaDArTAG008403	A/G	2D	629540147
TaDArTAG006092	A/G	2D	630188210
TaDArTAG000526	A/G	2D	640004582
TaDArTAG002135	A/G	2D	641428089
TaDArTAG008409	G/A	2D	650899398
TaDArTAG008414	A/G	3A	54232
TaDArTAG008416	A/G	3A	1867035
TaDArTAG008418	A/G	3A	7236351
TaDArTAG000107	A/G	3A	7364338
TaDArTAG006212	A/G	3A	7504985
TaDArTAG002484	A/G	3A	7716016
TaDArTAG008420	A/G	3A	7981268
TaDArTAG008421	A/G	3A	8377142
TaDArTAG006217	A/G	3A	8673640
TaDArTAG008423	A/G	3A	9923169
TaDArTAG008426	A/G	3A	11269969
TaDArTAG006175	A/G	3A	11652763
TaDArTAG000530	A/G	3A	12436717
TaDArTAG000395	G/A	3A	12956256
TaDArTAG008428	A/G	3A	13174202
TaDArTAG008429	A/G	3A	13258213
TaDArTAG008430	A/G	3A	13266671
TaDArTAG000246	A/G	3A	13552684
TaDArTAG000247	A/G	3A	13552684
TaDArTAG002183	A/G	3A	19290520
TaDArTAG006181	A/G	3A	20680028
TaDArTAG008433	A/G	3A	20776577
TaDArTAG008435	A/G	3A	21856936
TaDArTAG008436	A/G	3A	22419678
TaDArTAG008437	A/G	3A	23154673
TaDArTAG008438	A/G	3A	23922255
TaDArTAG006182	A/G	3A	24474655
TaDArTAG000379	A/G	3A	25988265
TaDArTAG008439	A/G	3A	26563809
TaDArTAG008440	A/G	3A	26571168
TaDArTAG000182	A/G	3A	26827317
TaDArTAG008442	A/G	3A	33109224
TaDArTAG002223	A/G	3A	37787179
TaDArTAG006185	A/G	3A	38927132
TaDArTAG002234	G/A	3A	41687288
TaDArTAG002235	A/G	3A	41810991
TaDArTAG008444	A/G	3A	44895538
TaDArTAG009364	A/G	3A	47932095
TaDArTAG002258	A/G	3A	49687230
TaDArTAG002271	A/G	3A	51903941
TaDArTAG002293	A/G	3A	56146784
TaDArTAG008448	A/G	3A	56164780
TaDArTAG008450	A/G	3A	56564133
TaDArTAG008451	A/G	3A	56815153
TaDArTAG006199	A/G	3A	60385487
TaDArTAG002310	G/A	3A	61625456
TaDArTAG008453	A/G	3A	61734256
TaDArTAG008454	A/G	3A	61831102
TaDArTAG002342	G/A	3A	67785037
TaDArTAG006218	A/G	3A	86756047
TaDArTAG007535	A/G	3A	95444391
TaDArTAG006389	A/G	3A	102278129
TaDArTAG002166	A/G	3A	102368398
TaDArTAG006174	A/G	3A	106803450
TaDArTAG007503	A/G	3A	108096282
TaDArTAG007504	A/G	3A	122733746
TaDArTAG000250	A/G	3A	154966921
TaDArTAG007505	A/G	3A	164674254
TaDArTAG002184	A/G	3A	206571769
TaDArTAG002189	A/G	3A	215123734
TaDArTAG007507	A/G	3A	219915099
TaDArTAG002191	A/G	3A	221818816
TaDArTAG002199	A/G	3A	234298277
TaDArTAG007508	A/G	3A	239710144
TaDArTAG000251	A/G	3A	255292719
TaDArTAG007510	A/G	3A	281382314
TaDArTAG007511	A/G	3A	305232908
TaDArTAG007512	A/G	3A	307567480
TaDArTAG006183	A/G	3A	331809221
TaDArTAG007514	A/G	3A	352589890
TaDArTAG007515	A/G	3A	362400365
TaDArTAG006184	G/A	3A	379815027
TaDArTAG007518	A/G	3A	393274757
TaDArTAG007519	A/G	3A	412784684
TaDArTAG006186	A/G	3A	426163840
TaDArTAG007520	A/G	3A	434493420
TaDArTAG008461	A/G	3A	438617518
TaDArTAG006188	A/G	3A	444406261
TaDArTAG008462	A/G	3A	444975919
TaDArTAG002239	A/G	3A	446992914
TaDArTAG007521	A/G	3A	455795078
TaDArTAG006189	A/G	3A	472281293
TaDArTAG002247	A/G	3A	478270061
TaDArTAG007524	A/G	3A	482821146
TaDArTAG002251	A/G	3A	488622202
TaDArTAG002252	A/G	3A	488703081
TaDArTAG008464	A/G	3A	491258838
TaDArTAG007525	A/G	3A	506909519
TaDArTAG006193	A/G	3A	518824579
TaDArTAG002269	A/G	3A	523876180
TaDArTAG008471	A/G	3A	528142307
TaDArTAG002276	A/G	3A	530233437
TaDArTAG007526	A/G	3A	533371368
TaDArTAG002281	A/G	3A	537173596
TaDArTAG008477	A/G	3A	539837464
TaDArTAG007528	A/G	3A	540972251
TaDArTAG007527	A/G	3A	548498405
TaDArTAG008483	A/G	3A	549922044
TaDArTAG002287	A/G	3A	550112209
TaDArTAG008482	A/G	3A	550933929
TaDArTAG002286	A/G	3A	551117934
TaDArTAG008480	A/G	3A	552899311
TaDArTAG002283	A/G	3A	553594730
TaDArTAG002298	A/G	3A	559105140
TaDArTAG008490	A/G	3A	562451850
TaDArTAG008486	A/G	3A	565739613
TaDArTAG002292	A/G	3A	568343551
TaDArTAG002302	A/G	3A	574639698
TaDArTAG000364	G/A	3A	576165054
TaDArTAG002305	A/G	3A	594405740
TaDArTAG002307	A/G	3A	604289918
TaDArTAG007530	A/G	3A	613731048
TaDArTAG008499	A/G	3A	613732334
TaDArTAG008501	A/G	3A	618479983
TaDArTAG008502	A/G	3A	621061404
TaDArTAG007531	G/A	3A	627993230
TaDArTAG007532	A/G	3A	631567115
TaDArTAG008503	A/G	3A	638599318
TaDArTAG007533	A/G	3A	641572915
TaDArTAG002318	A/G	3A	646903762
TaDArTAG002327	A/G	3A	654054427
TaDArTAG006200	A/G	3A	659257680
TaDArTAG002336	A/G	3A	662989120
TaDArTAG008509	A/G	3A	663372219
TaDArTAG002339	A/G	3A	668575111
TaDArTAG008511	G/A	3A	671314489
TaDArTAG002341	A/G	3A	671904675
TaDArTAG002343	A/G	3A	675475744
TaDArTAG000188	G/A	3A	680519167
TaDArTAG007534	A/G	3A	683124481
TaDArTAG008515	A/G	3A	683336622
TaDArTAG002345	A/G	3A	685425926
TaDArTAG008516	A/G	3A	688798033
TaDArTAG002347	A/G	3A	695045808
TaDArTAG002349	A/G	3A	695975783
TaDArTAG002355	A/G	3A	697422016
TaDArTAG000138	G/A	3A	697799750
TaDArTAG008522	A/G	3A	705561260
TaDArTAG002361	A/G	3A	708324841
TaDArTAG006203	A/G	3A	711416885
TaDArTAG008524	A/G	3A	711878879
TaDArTAG002380	A/G	3A	714266526
TaDArTAG006204	A/G	3A	715004868
TaDArTAG002381	A/G	3A	715117109
TaDArTAG006205	A/G	3A	715126790
TaDArTAG006206	A/G	3A	715646268
TaDArTAG002396	A/G	3A	720305616
TaDArTAG008526	A/G	3A	721082657
TaDArTAG008528	A/G	3A	725075972
TaDArTAG008529	A/G	3A	725401222
TaDArTAG007353	A/G	3A	728215552
TaDArTAG002435	A/G	3A	728338181
TaDArTAG000108	A/G	3A	731158139
TaDArTAG002442	A/G	3A	731874706
TaDArTAG008531	A/G	3A	733353230
TaDArTAG000380	A/G	3A	733781619
TaDArTAG006209	A/G	3A	741142715
TaDArTAG008535	A/G	3A	741381518
TaDArTAG002465	A/G	3A	743409971
TaDArTAG006211	A/G	3A	745325226
TaDArTAG008536	A/G	3A	746495874
TaDArTAG002482	A/G	3A	752146012
TaDArTAG006215	A/G	3A	752860024
TaDArTAG008537	A/G	3A	752919823
TaDArTAG006214	A/G	3A	752987550
TaDArTAG002612	A/G	3B	1659333
TaDArTAG000252	A/G	3B	2415026
TaDArTAG000069	A/G	3B	3843099
TaDArTAG006267	A/G	3B	5712023
TaDArTAG000253	A/G	3B	5727657
TaDArTAG007321	A/G	3B	6210420
TaDArTAG000255	A/G	3B	12318875
TaDArTAG000254	A/G	3B	12318877
TaDArTAG002723	A/G	3B	12321866
TaDArTAG002523	A/G	3B	18832427
TaDArTAG008541	A/G	3B	19285944
TaDArTAG000532	A/G	3B	28636859
TaDArTAG006236	A/G	3B	30642847
TaDArTAG002597	A/G	3B	34031601
TaDArTAG000180	A/G	3B	38380510
TaDArTAG006241	A/G	3B	39865188
TaDArTAG002611	A/G	3B	40174922
TaDArTAG006243	A/G	3B	45947087
TaDArTAG007544	A/G	3B	49458683
TaDArTAG002634	A/G	3B	59587654
TaDArTAG002645	A/G	3B	66416317
TaDArTAG000533	A/G	3B	71375637
TaDArTAG002692	A/G	3B	75271158
TaDArTAG008543	A/G	3B	78170075
TaDArTAG002711	A/G	3B	80188462
TaDArTAG000534	A/G	3B	80644887
TaDArTAG002727	A/G	3B	84958026
TaDArTAG002730	A/G	3B	85064855
TaDArTAG008544	A/G	3B	87241168
TaDArTAG000056	G/A	3B	93810681
TaDArTAG007296	A/G	3B	94249702
TaDArTAG002854	A/G	3B	94490312
TaDArTAG002860	A/G	3B	106932657
TaDArTAG007536	A/G	3B	114495190
TaDArTAG002496	A/G	3B	119716263
TaDArTAG002503	A/G	3B	125708769
TaDArTAG002504	A/G	3B	126977689
TaDArTAG002506	A/G	3B	127839952
TaDArTAG008547	A/G	3B	130831324
TaDArTAG002510	A/G	3B	134715409
TaDArTAG002511	A/G	3B	135035179
TaDArTAG002512	A/G	3B	137765922
TaDArTAG007537	A/G	3B	141256169
TaDArTAG002517	A/G	3B	141997462
TaDArTAG002524	A/G	3B	147895857
TaDArTAG002528	A/G	3B	155975332
TaDArTAG002529	A/G	3B	155975471
TaDArTAG007538	A/G	3B	157656930
TaDArTAG006221	A/G	3B	184029829
TaDArTAG006222	A/G	3B	186781115
TaDArTAG006177	G/A	3B	189663317
TaDArTAG002558	A/G	3B	201040167
TaDArTAG007539	A/G	3B	202822947
TaDArTAG007540	A/G	3B	214465325
TaDArTAG008555	A/G	3B	218845546
TaDArTAG002566	A/G	3B	226077930
TaDArTAG007541	A/G	3B	229733460
TaDArTAG002573	A/G	3B	236936031
TaDArTAG006227	A/G	3B	241782373
TaDArTAG006230	A/G	3B	244056287
TaDArTAG007542	A/G	3B	248506926
TaDArTAG002579	A/G	3B	251843058
TaDArTAG002584	A/G	3B	253906385
TaDArTAG002587	A/G	3B	257546428
TaDArTAG002598	G/A	3B	291779080
TaDArTAG002614	A/G	3B	352790793
TaDArTAG008557	A/G	3B	363344739
TaDArTAG007462	A/G	3B	376666219
TaDArTAG002615	A/G	3B	388031193
TaDArTAG002619	A/G	3B	390506428
TaDArTAG007543	A/G	3B	399252943
TaDArTAG002622	A/G	3B	406711507
TaDArTAG006245	A/G	3B	421600765
TaDArTAG002623	A/G	3B	426760877
TaDArTAG006247	A/G	3B	427401578
TaDArTAG008562	A/G	3B	429108528
TaDArTAG006187	A/G	3B	431260468
TaDArTAG006249	A/G	3B	432430901
TaDArTAG007546	A/G	3B	434956652
TaDArTAG007545	A/G	3B	438419446
TaDArTAG007547	A/G	3B	447436163
TaDArTAG007548	G/A	3B	465169026
TaDArTAG006252	A/G	3B	465614487
TaDArTAG006253	A/G	3B	475225395
TaDArTAG007549	A/G	3B	479217535
TaDArTAG008564	A/G	3B	482434105
TaDArTAG002631	A/G	3B	493425293
TaDArTAG000385	G/A	3B	493995579
TaDArTAG008566	A/G	3B	498783447
TaDArTAG007550	A/G	3B	501573759
TaDArTAG002636	A/G	3B	508584203
TaDArTAG007552	G/A	3B	515959956
TaDArTAG002638	A/G	3B	518322761
TaDArTAG008569	A/G	3B	520787774
TaDArTAG006262	A/G	3B	524740810
TaDArTAG007553	A/G	3B	535601236
TaDArTAG008573	A/G	3B	538783379
TaDArTAG002640	A/G	3B	540633138
TaDArTAG002641	A/G	3B	541390053
TaDArTAG002643	A/G	3B	558274120
TaDArTAG008481	A/G	3B	558866835
TaDArTAG006264	G/A	3B	558868447
TaDArTAG007554	A/G	3B	562662537
TaDArTAG008576	A/G	3B	566158877
TaDArTAG007555	G/A	3B	567473812
TaDArTAG008577	A/G	3B	572171554
TaDArTAG006271	A/G	3B	577634803
TaDArTAG002648	A/G	3B	580447394
TaDArTAG006272	A/G	3B	580894897
TaDArTAG006274	A/G	3B	587891670
TaDArTAG006275	A/G	3B	589861008
TaDArTAG000387	A/G	3B	594412486
TaDArTAG002660	A/G	3B	596382599
TaDArTAG006277	A/G	3B	597515207
TaDArTAG002665	A/G	3B	600787169
TaDArTAG002666	A/G	3B	601226365
TaDArTAG006284	A/G	3B	603523656
TaDArTAG002670	G/A	3B	605705488
TaDArTAG006285	A/G	3B	610740779
TaDArTAG002672	A/G	3B	617599317
TaDArTAG002676	A/G	3B	621295978
TaDArTAG007556	G/A	3B	626171778
TaDArTAG002684	A/G	3B	638583980
TaDArTAG006289	A/G	3B	642821650
TaDArTAG002689	A/G	3B	644501998
TaDArTAG006492	G/A	3B	645070200
TaDArTAG006292	A/G	3B	645274626
TaDArTAG002690	A/G	3B	645305924
TaDArTAG006293	A/G	3B	651496517
TaDArTAG006294	A/G	3B	663695176
TaDArTAG006295	A/G	3B	665558326
TaDArTAG006297	A/G	3B	674739314
TaDArTAG006305	A/G	3B	687263600
TaDArTAG007300	A/G	3B	687536369
TaDArTAG002702	A/G	3B	688166981
TaDArTAG007557	G/A	3B	691496388
TaDArTAG002704	A/G	3B	697960172
TaDArTAG007558	G/A	3B	698365437
TaDArTAG007301	G/A	3B	698953088
TaDArTAG002707	A/G	3B	700442703
TaDArTAG002710	A/G	3B	701194316
TaDArTAG006307	A/G	3B	704512847
TaDArTAG008342	A/G	3B	706323134
TaDArTAG007559	G/A	3B	708936358
TaDArTAG008588	A/G	3B	713510797
TaDArTAG007560	A/G	3B	715257448
TaDArTAG008589	A/G	3B	734929019
TaDArTAG006313	A/G	3B	737734805
TaDArTAG002724	A/G	3B	741213647
TaDArTAG006323	A/G	3B	745957856
TaDArTAG006325	A/G	3B	751353569
TaDArTAG006328	A/G	3B	753183225
TaDArTAG000086	A/G	3B	753970262
TaDArTAG006330	A/G	3B	756401844
TaDArTAG002735	A/G	3B	757580033
TaDArTAG008592	A/G	3B	760866543
TaDArTAG006331	A/G	3B	762830655
TaDArTAG000390	A/G	3B	765267666
TaDArTAG002754	A/G	3B	772790081
TaDArTAG000256	A/G	3B	772800319
TaDArTAG000257	A/G	3B	773696357
TaDArTAG000258	A/G	3B	773743840
TaDArTAG000259	A/G	3B	773769660
TaDArTAG000260	A/G	3B	773915456
TaDArTAG000261	A/G	3B	773915512
TaDArTAG007339	A/G	3B	773916835
TaDArTAG000139	A/G	3B	775482948
TaDArTAG000137	A/G	3B	775483125
TaDArTAG000392	A/G	3B	775913106
TaDArTAG002771	A/G	3B	777656006
TaDArTAG000263	A/G	3B	778004059
TaDArTAG000264	A/G	3B	778108163
TaDArTAG000265	A/G	3B	778416342
TaDArTAG000266	A/G	3B	778416379
TaDArTAG002780	A/G	3B	780888579
TaDArTAG008593	A/G	3B	788056711
TaDArTAG008594	A/G	3B	791663759
TaDArTAG006340	A/G	3B	795892830
TaDArTAG000267	A/G	3B	798736126
TaDArTAG002803	A/G	3B	798898841
TaDArTAG000393	A/G	3B	799907112
TaDArTAG002807	A/G	3B	804615121
TaDArTAG008595	A/G	3B	805984255
TaDArTAG006344	A/G	3B	812990529
TaDArTAG002813	A/G	3B	813451345
TaDArTAG000268	G/A	3B	817747495
TaDArTAG008597	A/G	3B	820348031
TaDArTAG002816	A/G	3B	825806463
TaDArTAG002819	A/G	3B	829733802
TaDArTAG002825	A/G	3B	833871129
TaDArTAG008598	A/G	3B	834524248
TaDArTAG002831	A/G	3B	839317555
TaDArTAG002834	A/G	3B	840070375
TaDArTAG007561	A/G	3B	846065720
TaDArTAG002852	A/G	3B	847233040
TaDArTAG002845	A/G	3B	848582169
TaDArTAG002843	A/G	3B	850162244
TaDArTAG008603	A/G	3D	1005505
TaDArTAG006347	G/A	3D	2626746
TaDArTAG002870	A/G	3D	3560107
TaDArTAG008611	A/G	3D	6860849
TaDArTAG008614	A/G	3D	7242197
TaDArTAG002861	A/G	3D	10093393
TaDArTAG008618	A/G	3D	14266696
TaDArTAG000181	G/A	3D	18746451
TaDArTAG008624	A/G	3D	21829514
TaDArTAG007567	A/G	3D	22280703
TaDArTAG002867	A/G	3D	23516319
TaDArTAG002868	A/G	3D	26162094
TaDArTAG008626	A/G	3D	29253000
TaDArTAG008627	A/G	3D	32312117
TaDArTAG002680	A/G	3D	38272330
TaDArTAG008630	A/G	3D	40609218
TaDArTAG000196	G/A	3D	41656632
TaDArTAG000388	A/G	3D	42625446
TaDArTAG008635	A/G	3D	46729735
TaDArTAG007582	G/A	3D	56733926
TaDArTAG007562	A/G	3D	59351544
TaDArTAG006387	A/G	3D	64886776
TaDArTAG002917	A/G	3D	79260761
TaDArTAG007586	A/G	3D	86385156
TaDArTAG007587	A/G	3D	94608869
TaDArTAG008638	A/G	3D	96242810
TaDArTAG008639	A/G	3D	98469464
TaDArTAG008643	A/G	3D	131466053
TaDArTAG007564	A/G	3D	134598974
TaDArTAG008644	A/G	3D	153168355
TaDArTAG007506	A/G	3D	160027355
TaDArTAG008645	A/G	3D	170816312
TaDArTAG002864	A/G	3D	171638729
TaDArTAG007566	A/G	3D	210229559
TaDArTAG007569	A/G	3D	242052090
TaDArTAG006353	A/G	3D	264812890
TaDArTAG006355	A/G	3D	283875289
TaDArTAG007570	A/G	3D	287179618
TaDArTAG006357	A/G	3D	301139093
TaDArTAG007572	A/G	3D	315141976
TaDArTAG007571	A/G	3D	321000684
TaDArTAG007573	A/G	3D	330895755
TaDArTAG007522	A/G	3D	338735712
TaDArTAG006358	G/A	3D	342093701
TaDArTAG007574	A/G	3D	342121356
TaDArTAG006190	G/A	3D	357247429
TaDArTAG008659	A/G	3D	364925770
TaDArTAG006361	A/G	3D	379827427
TaDArTAG008575	A/G	3D	419359581
TaDArTAG007576	A/G	3D	427048153
TaDArTAG008489	A/G	3D	427869225
TaDArTAG002871	A/G	3D	437167697
TaDArTAG000386	G/A	3D	437568855
TaDArTAG007577	A/G	3D	442090377
TaDArTAG006282	A/G	3D	448004672
TaDArTAG007529	A/G	3D	463615387
TaDArTAG007579	A/G	3D	489658260
TaDArTAG006851	A/G	3D	491005659
TaDArTAG008585	A/G	3D	492703950
TaDArTAG002873	A/G	3D	495295873
TaDArTAG002878	A/G	3D	511976767
TaDArTAG007580	A/G	3D	511978862
TaDArTAG002703	A/G	3D	515579833
TaDArTAG000396	A/G	3D	525495314
TaDArTAG006375	A/G	3D	536592869
TaDArTAG008690	A/G	3D	547187933
TaDArTAG007581	A/G	3D	548414980
TaDArTAG008692	A/G	3D	549036167
TaDArTAG008693	A/G	3D	552463710
TaDArTAG006377	A/G	3D	552756997
TaDArTAG002883	A/G	3D	555190324
TaDArTAG000389	G/A	3D	555784368
TaDArTAG006378	A/G	3D	562810172
TaDArTAG006379	A/G	3D	564048462
TaDArTAG000391	A/G	3D	564057317
TaDArTAG008701	A/G	3D	572199293
TaDArTAG008703	A/G	3D	572719786
TaDArTAG000184	A/G	3D	572909082
TaDArTAG002887	A/G	3D	574816652
TaDArTAG000142	A/G	3D	577101099
TaDArTAG000146	G/A	3D	578169299
TaDArTAG000145	A/G	3D	578540476
TaDArTAG006381	A/G	3D	580001476
TaDArTAG008706	A/G	3D	581776685
TaDArTAG002889	A/G	3D	583752739
TaDArTAG007583	G/A	3D	585624762
TaDArTAG002890	A/G	3D	589130769
TaDArTAG008707	A/G	3D	591529134
TaDArTAG008710	A/G	3D	598953671
TaDArTAG006384	A/G	3D	603821529
TaDArTAG007584	G/A	3D	606970859
TaDArTAG000397	G/A	3D	611012658
TaDArTAG000398	A/G	3D	611028276
TaDArTAG008718	A/G	3D	611437392
TaDArTAG009108	G/A	3D	612535510
TaDArTAG008719	A/G	3D	613067066
TaDArTAG002898	A/G	3D	613472109
TaDArTAG002901	A/G	3D	614000176
TaDArTAG002909	A/G	3D	616225404
TaDArTAG002916	A/G	3D	617799978
TaDArTAG006414	A/G	4A	3427336
TaDArTAG006480	A/G	4A	7358988
TaDArTAG008728	A/G	4A	11756129
TaDArTAG002923	A/G	4A	11923027
TaDArTAG008730	A/G	4A	12472451
TaDArTAG008731	A/G	4A	13507030
TaDArTAG006412	A/G	4A	29096539
TaDArTAG008733	A/G	4A	29822461
TaDArTAG008734	A/G	4A	30164233
TaDArTAG007600	A/G	4A	30316358
TaDArTAG007606	G/A	4A	37290992
TaDArTAG008736	A/G	4A	40823945
TaDArTAG008738	A/G	4A	46124770
TaDArTAG006418	A/G	4A	48536313
TaDArTAG006419	A/G	4A	48536373
TaDArTAG002955	A/G	4A	59934656
TaDArTAG002962	G/A	4A	60333882
TaDArTAG006460	A/G	4A	68553620
TaDArTAG007624	A/G	4A	90363449
TaDArTAG006392	A/G	4A	100615718
TaDArTAG006394	A/G	4A	100654155
TaDArTAG006395	A/G	4A	102603803
TaDArTAG006399	A/G	4A	113768236
TaDArTAG000538	A/G	4A	114497846
TaDArTAG006400	A/G	4A	114498221
TaDArTAG002922	A/G	4A	118536137
TaDArTAG006404	G/A	4A	118983713
TaDArTAG002926	A/G	4A	124098571
TaDArTAG002927	A/G	4A	133864946
TaDArTAG002928	A/G	4A	134342130
TaDArTAG006405	A/G	4A	135159853
TaDArTAG002929	G/A	4A	137315814
TaDArTAG007589	A/G	4A	159218980
TaDArTAG007590	A/G	4A	162116804
TaDArTAG008750	G/A	4A	186383320
TaDArTAG007591	A/G	4A	190827763
TaDArTAG007592	A/G	4A	195075125
TaDArTAG007593	A/G	4A	210658851
TaDArTAG007594	A/G	4A	216046405
TaDArTAG008751	A/G	4A	224908106
TaDArTAG007595	A/G	4A	240583133
TaDArTAG007599	A/G	4A	268812323
TaDArTAG007603	A/G	4A	285118680
TaDArTAG007596	A/G	4A	297425764
TaDArTAG007597	A/G	4A	304434199
TaDArTAG007602	A/G	4A	321853480
TaDArTAG007609	A/G	4A	426896032
TaDArTAG007610	G/A	4A	434426676
TaDArTAG007611	A/G	4A	448423250
TaDArTAG007612	A/G	4A	451726535
TaDArTAG006416	G/A	4A	453235842
TaDArTAG006417	A/G	4A	464533321
TaDArTAG007613	A/G	4A	466062107
TaDArTAG007615	A/G	4A	487314491
TaDArTAG007616	G/A	4A	491934798
TaDArTAG007617	A/G	4A	513692379
TaDArTAG007618	G/A	4A	520170223
TaDArTAG008760	A/G	4A	520963959
TaDArTAG006422	A/G	4A	533271930
TaDArTAG000269	A/G	4A	533590479
TaDArTAG006423	A/G	4A	534460777
TaDArTAG008763	A/G	4A	540348441
TaDArTAG008764	A/G	4A	543370179
TaDArTAG008766	A/G	4A	543867403
TaDArTAG008767	A/G	4A	544093565
TaDArTAG008768	A/G	4A	544580199
TaDArTAG008977	A/G	4A	545276319
TaDArTAG008769	A/G	4A	550456955
TaDArTAG008770	G/A	4A	556289841
TaDArTAG007619	A/G	4A	561307695
TaDArTAG007620	A/G	4A	565513876
TaDArTAG008773	A/G	4A	575846920
TaDArTAG006427	A/G	4A	580394296
TaDArTAG006428	A/G	4A	580673825
TaDArTAG006429	A/G	4A	582803366
TaDArTAG006430	G/A	4A	582840729
TaDArTAG006431	G/A	4A	582856386
TaDArTAG006433	A/G	4A	583698396
TaDArTAG002948	A/G	4A	585220381
TaDArTAG006434	A/G	4A	593035940
TaDArTAG006435	A/G	4A	593041390
TaDArTAG006436	A/G	4A	593107496
TaDArTAG008777	A/G	4A	595827455
TaDArTAG006437	A/G	4A	596712424
TaDArTAG002958	A/G	4A	601133630
TaDArTAG002963	A/G	4A	606070069
TaDArTAG007354	G/A	4A	608249120
TaDArTAG000076	A/G	4A	608813081
TaDArTAG006442	A/G	4A	613099916
TaDArTAG006443	A/G	4A	613099985
TaDArTAG006444	A/G	4A	613951901
TaDArTAG006445	A/G	4A	614774350
TaDArTAG008784	A/G	4A	615930642
TaDArTAG002974	A/G	4A	616190391
TaDArTAG008785	G/A	4A	619086331
TaDArTAG002977	A/G	4A	620598748
TaDArTAG008788	A/G	4A	624453793
TaDArTAG006447	A/G	4A	627326733
TaDArTAG006448	A/G	4A	627833875
TaDArTAG000270	A/G	4A	643223947
TaDArTAG000271	A/G	4A	647295039
TaDArTAG008793	A/G	4A	648709980
TaDArTAG006453	A/G	4A	649599002
TaDArTAG000462	A/G	4A	649906114
TaDArTAG002993	A/G	4A	650130971
TaDArTAG008795	A/G	4A	650763710
TaDArTAG002998	A/G	4A	655725343
TaDArTAG006455	G/A	4A	662507634
TaDArTAG003006	A/G	4A	662710167
TaDArTAG006457	A/G	4A	668032631
TaDArTAG000542	A/G	4A	674285618
TaDArTAG003015	A/G	4A	680762428
TaDArTAG007622	A/G	4A	687013020
TaDArTAG006458	A/G	4A	687044107
TaDArTAG006461	A/G	4A	690265094
TaDArTAG003020	A/G	4A	691728866
TaDArTAG007623	A/G	4A	695941145
TaDArTAG003024	A/G	4A	697674375
TaDArTAG003027	A/G	4A	697976354
TaDArTAG003028	A/G	4A	701830662
TaDArTAG003032	A/G	4A	704644800
TaDArTAG006462	A/G	4A	706330642
TaDArTAG008581	A/G	4A	706436626
TaDArTAG008803	A/G	4A	709772136
TaDArTAG006465	A/G	4A	713540563
TaDArTAG006464	A/G	4A	713540719
TaDArTAG008807	A/G	4A	714898562
TaDArTAG008809	A/G	4A	715502416
TaDArTAG000272	A/G	4A	718361553
TaDArTAG006468	A/G	4A	718557630
TaDArTAG000274	A/G	4A	719102134
TaDArTAG000275	A/G	4A	719106959
TaDArTAG000273	G/A	4A	719484759
TaDArTAG006471	A/G	4A	719755955
TaDArTAG000165	A/G	4A	725219123
TaDArTAG000464	A/G	4A	726095571
TaDArTAG000465	A/G	4A	726095590
TaDArTAG000276	A/G	4A	726628294
TaDArTAG000277	A/G	4A	726645263
TaDArTAG003073	A/G	4A	726716581
TaDArTAG000278	A/G	4A	726739008
TaDArTAG000279	A/G	4A	726741065
TaDArTAG000280	A/G	4A	726741406
TaDArTAG007340	A/G	4A	728943291
TaDArTAG000281	A/G	4A	728943344
TaDArTAG000282	A/G	4A	729363251
TaDArTAG000284	A/G	4A	729606414
TaDArTAG003082	A/G	4A	732382889
TaDArTAG006474	A/G	4A	732769671
TaDArTAG006475	G/A	4A	732777179
TaDArTAG000543	A/G	4A	733350160
TaDArTAG006476	A/G	4A	734255138
TaDArTAG000285	A/G	4A	738515834
TaDArTAG000286	A/G	4A	738516167
TaDArTAG000467	A/G	4A	740454618
TaDArTAG006477	A/G	4A	740958187
TaDArTAG003103	A/G	4A	742467247
TaDArTAG008816	A/G	4A	746762406
TaDArTAG006481	A/G	4A	751560728
TaDArTAG006482	G/A	4A	751612127
TaDArTAG003118	A/G	4A	753384028
TaDArTAG008781	A/G	4B	3357250
TaDArTAG008827	A/G	4B	5084917
TaDArTAG006509	A/G	4B	5666010
TaDArTAG006508	A/G	4B	5666065
TaDArTAG008830	G/A	4B	5878719
TaDArTAG008829	A/G	4B	5987163
TaDArTAG003159	A/G	4B	7004287
TaDArTAG008828	A/G	4B	7461605
TaDArTAG008833	A/G	4B	10403146
TaDArTAG007355	A/G	4B	15040875
TaDArTAG003127	A/G	4B	16132079
TaDArTAG006488	A/G	4B	19191413
TaDArTAG003134	A/G	4B	19637503
TaDArTAG003139	A/G	4B	23050847
TaDArTAG007635	A/G	4B	28623741
TaDArTAG006493	A/G	4B	29264679
TaDArTAG000081	A/G	4B	30022435
TaDArTAG008835	A/G	4B	30674729
TaDArTAG008836	A/G	4B	30842115
TaDArTAG003268	A/G	4B	31511549
TaDArTAG008837	A/G	4B	34584597
TaDArTAG003148	A/G	4B	35012059
TaDArTAG007645	A/G	4B	41016954
TaDArTAG003155	A/G	4B	45759281
TaDArTAG006499	A/G	4B	45997595
TaDArTAG008839	A/G	4B	48103254
TaDArTAG006501	A/G	4B	49791606
TaDArTAG007657	A/G	4B	55545974
TaDArTAG006502	A/G	4B	57872759
TaDArTAG007660	A/G	4B	62313591
TaDArTAG007662	A/G	4B	63305086
TaDArTAG007664	A/G	4B	70587808
TaDArTAG008847	A/G	4B	94348911
TaDArTAG008761	A/G	4B	95670976
TaDArTAG008849	A/G	4B	98102060
TaDArTAG006520	A/G	4B	98365726
TaDArTAG007302	A/G	4B	98845776
TaDArTAG008850	A/G	4B	100902677
TaDArTAG008853	A/G	4B	102558775
TaDArTAG008855	A/G	4B	106482935
TaDArTAG008988	A/G	4B	108147676
TaDArTAG000191	A/G	4B	110748844
TaDArTAG003123	A/G	4B	111714587
TaDArTAG008858	A/G	4B	122431152
TaDArTAG003124	A/G	4B	128487829
TaDArTAG007614	G/A	4B	146399222
TaDArTAG007625	A/G	4B	158429081
TaDArTAG007626	G/A	4B	159114665
TaDArTAG007627	A/G	4B	170720997
TaDArTAG003137	G/A	4B	190916069
TaDArTAG007630	G/A	4B	209039438
TaDArTAG007632	A/G	4B	233221097
TaDArTAG007638	A/G	4B	285742644
TaDArTAG007639	A/G	4B	306825570
TaDArTAG006494	A/G	4B	310932723
TaDArTAG007641	A/G	4B	337734613
TaDArTAG007642	A/G	4B	350477238
TaDArTAG007643	G/A	4B	360113473
TaDArTAG007644	G/A	4B	367449859
TaDArTAG003151	G/A	4B	372845830
TaDArTAG006495	A/G	4B	373095458
TaDArTAG007646	A/G	4B	387140378
TaDArTAG007647	A/G	4B	391891961
TaDArTAG006496	G/A	4B	395046362
TaDArTAG008866	A/G	4B	403691700
TaDArTAG007648	A/G	4B	404551050
TaDArTAG008748	G/A	4B	405843793
TaDArTAG008869	A/G	4B	409704093
TaDArTAG008871	A/G	4B	412318223
TaDArTAG003153	A/G	4B	414072527
TaDArTAG003154	A/G	4B	415396574
TaDArTAG007649	A/G	4B	417828353
TaDArTAG008874	A/G	4B	418753098
TaDArTAG007650	A/G	4B	422112411
TaDArTAG007651	A/G	4B	426306367
TaDArTAG000539	A/G	4B	426522096
TaDArTAG006500	A/G	4B	448105153
TaDArTAG008880	A/G	4B	449884742
TaDArTAG007652	A/G	4B	453871209
TaDArTAG003157	A/G	4B	459361927
TaDArTAG007516	A/G	4B	462071765
TaDArTAG007653	A/G	4B	468275318
TaDArTAG008882	A/G	4B	475603408
TaDArTAG003160	A/G	4B	480448124
TaDArTAG003164	A/G	4B	494272279
TaDArTAG007655	A/G	4B	513709995
TaDArTAG000400	A/G	4B	518345638
TaDArTAG003168	A/G	4B	518490392
TaDArTAG003169	A/G	4B	518563578
TaDArTAG007656	A/G	4B	519303801
TaDArTAG008889	A/G	4B	526185025
TaDArTAG008890	A/G	4B	527144263
TaDArTAG003171	A/G	4B	528712538
TaDArTAG003173	A/G	4B	532624623
TaDArTAG008892	A/G	4B	534205010
TaDArTAG003177	A/G	4B	535227879
TaDArTAG008894	A/G	4B	536584062
TaDArTAG003571	G/A	4B	538105167
TaDArTAG008896	A/G	4B	538150890
TaDArTAG008897	A/G	4B	538660370
TaDArTAG008898	A/G	4B	541071894
TaDArTAG008899	A/G	4B	543429004
TaDArTAG008901	A/G	4B	544574958
TaDArTAG008902	A/G	4B	544993058
TaDArTAG003186	A/G	4B	545168950
TaDArTAG003187	A/G	4B	547305920
TaDArTAG008904	A/G	4B	552371569
TaDArTAG008905	A/G	4B	555264539
TaDArTAG008906	A/G	4B	555276047
TaDArTAG003193	A/G	4B	557186659
TaDArTAG003196	A/G	4B	558822665
TaDArTAG000401	A/G	4B	559179200
TaDArTAG003197	A/G	4B	564222696
TaDArTAG003203	A/G	4B	572486021
TaDArTAG007658	A/G	4B	574692853
TaDArTAG000546	A/G	4B	575563686
TaDArTAG008908	A/G	4B	580135029
TaDArTAG000109	A/G	4B	585601029
TaDArTAG008909	A/G	4B	586489603
TaDArTAG007659	A/G	4B	587451841
TaDArTAG008911	A/G	4B	589128390
TaDArTAG007661	A/G	4B	596008891
TaDArTAG008912	A/G	4B	600327991
TaDArTAG008913	A/G	4B	600467544
TaDArTAG003207	A/G	4B	600880851
TaDArTAG008914	A/G	4B	601711892
TaDArTAG003212	A/G	4B	606613385
TaDArTAG000402	A/G	4B	612004667
TaDArTAG007663	A/G	4B	617446400
TaDArTAG003219	A/G	4B	623020299
TaDArTAG003220	A/G	4B	628548656
TaDArTAG003221	A/G	4B	629282814
TaDArTAG006512	A/G	4B	637033367
TaDArTAG003222	A/G	4B	641947961
TaDArTAG008922	A/G	4B	642791116
TaDArTAG000287	A/G	4B	643463290
TaDArTAG000288	A/G	4B	643463305
TaDArTAG000405	A/G	4B	643810162
TaDArTAG008925	A/G	4B	645297266
TaDArTAG006513	A/G	4B	645369759
TaDArTAG003225	A/G	4B	647153562
TaDArTAG008927	A/G	4B	648756787
TaDArTAG000547	G/A	4B	649636567
TaDArTAG003227	A/G	4B	649965915
TaDArTAG008928	A/G	4B	650000193
TaDArTAG008929	A/G	4B	651340185
TaDArTAG003230	A/G	4B	653348214
TaDArTAG006515	G/A	4B	656719487
TaDArTAG008933	A/G	4B	657111061
TaDArTAG006516	G/A	4B	657727707
TaDArTAG006517	A/G	4B	657888113
TaDArTAG006518	A/G	4B	657894535
TaDArTAG008934	A/G	4B	660552554
TaDArTAG003234	A/G	4B	660752040
TaDArTAG008936	A/G	4B	660806171
TaDArTAG008938	A/G	4B	662257997
TaDArTAG000290	A/G	4B	663717213
TaDArTAG008940	A/G	4B	664544979
TaDArTAG003237	A/G	4B	664679664
TaDArTAG008941	A/G	4B	664914992
TaDArTAG006519	A/G	4B	666204283
TaDArTAG003238	A/G	4B	667566006
TaDArTAG008944	A/G	4B	667823677
TaDArTAG003240	A/G	4B	671095874
TaDArTAG008946	A/G	4B	672756722
TaDArTAG008947	G/A	4B	673397187
TaDArTAG008948	A/G	4B	673442456
TaDArTAG008949	A/G	4D	1408251
TaDArTAG007670	A/G	4D	1862380
TaDArTAG008953	A/G	4D	3390221
TaDArTAG008954	A/G	4D	3391491
TaDArTAG006527	A/G	4D	3416810
TaDArTAG006535	G/A	4D	5083640
TaDArTAG008961	A/G	4D	6754390
TaDArTAG008776	A/G	4D	7225434
TaDArTAG008964	A/G	4D	12915111
TaDArTAG007666	A/G	4D	13163955
TaDArTAG008965	G/A	4D	13587980
TaDArTAG000025	A/G	4D	19189848
TaDArTAG000024	A/G	4D	19189865
TaDArTAG008966	A/G	4D	24949951
TaDArTAG007677	A/G	4D	27085064
TaDArTAG008969	A/G	4D	32966846
TaDArTAG008976	A/G	4D	49135811
TaDArTAG007687	A/G	4D	54941859
TaDArTAG008989	A/G	4D	74423798
TaDArTAG008991	A/G	4D	78790942
TaDArTAG003276	A/G	4D	79254866
TaDArTAG007688	A/G	4D	89894848
TaDArTAG006521	A/G	4D	101104261
TaDArTAG000548	A/G	4D	111863316
TaDArTAG007665	A/G	4D	124505757
TaDArTAG007668	A/G	4D	139423897
TaDArTAG009007	A/G	4D	160365366
TaDArTAG007671	A/G	4D	198791687
TaDArTAG009008	G/A	4D	206321604
TaDArTAG007672	A/G	4D	220541701
TaDArTAG007673	A/G	4D	239986814
TaDArTAG007674	A/G	4D	243958411
TaDArTAG007678	G/A	4D	284185143
TaDArTAG003247	A/G	4D	309737014
TaDArTAG007679	A/G	4D	310156143
TaDArTAG003248	G/A	4D	318677731
TaDArTAG007680	A/G	4D	323010701
TaDArTAG007588	G/A	4D	341128718
TaDArTAG007681	A/G	4D	349966824
TaDArTAG008744	A/G	4D	360465474
TaDArTAG007682	A/G	4D	375101982
TaDArTAG009038	A/G	4D	378215112
TaDArTAG009039	A/G	4D	380393590
TaDArTAG003253	A/G	4D	386180638
TaDArTAG007683	A/G	4D	396601732
TaDArTAG009044	A/G	4D	403113380
TaDArTAG007684	A/G	4D	404009996
TaDArTAG007685	A/G	4D	414872836
TaDArTAG003255	A/G	4D	425828958
TaDArTAG009048	A/G	4D	433631014
TaDArTAG006530	A/G	4D	437480516
TaDArTAG007686	A/G	4D	444745670
TaDArTAG006532	A/G	4D	455456398
TaDArTAG000293	A/G	4D	455524273
TaDArTAG006533	A/G	4D	455546737
TaDArTAG009055	A/G	4D	455548376
TaDArTAG000294	A/G	4D	455552281
TaDArTAG000295	A/G	4D	455674458
TaDArTAG009056	A/G	4D	455689230
TaDArTAG009057	G/A	4D	455693857
TaDArTAG009058	A/G	4D	455733113
TaDArTAG009060	A/G	4D	456286808
TaDArTAG003260	A/G	4D	456459899
TaDArTAG003262	A/G	4D	465761790
TaDArTAG003263	A/G	4D	468867641
TaDArTAG006534	A/G	4D	481189726
TaDArTAG009072	A/G	4D	481346717
TaDArTAG003265	A/G	4D	482028236
TaDArTAG009078	A/G	4D	490475736
TaDArTAG009079	A/G	4D	491417587
TaDArTAG000403	G/A	4D	497070133
TaDArTAG009082	A/G	4D	498199559
TaDArTAG009084	A/G	4D	498976220
TaDArTAG003273	A/G	4D	509488084
TaDArTAG008945	A/G	4D	515317402
TaDArTAG006552	A/G	5A	320746
TaDArTAG006782	A/G	5A	1190766
TaDArTAG006546	G/A	5A	3028913
TaDArTAG006549	A/G	5A	3553868
TaDArTAG003309	A/G	5A	4550800
TaDArTAG003431	A/G	5A	6837819
TaDArTAG006690	A/G	5A	9857028
TaDArTAG000856	A/G	5A	11271018
TaDArTAG000178	A/G	5A	11696413
TaDArTAG009093	G/A	5A	14794570
TaDArTAG003278	A/G	5A	16794642
TaDArTAG003280	A/G	5A	19523650
TaDArTAG006543	A/G	5A	21206084
TaDArTAG009094	A/G	5A	24893226
TaDArTAG009095	A/G	5A	28399733
TaDArTAG009096	A/G	5A	30164871
TaDArTAG003296	A/G	5A	31677370
TaDArTAG003298	A/G	5A	31998380
TaDArTAG009097	G/A	5A	33414978
TaDArTAG009099	A/G	5A	37136531
TaDArTAG003314	A/G	5A	39688745
TaDArTAG000407	A/G	5A	39694337
TaDArTAG006560	A/G	5A	43281242
TaDArTAG006581	A/G	5A	48050867
TaDArTAG000552	A/G	5A	51334728
TaDArTAG003386	A/G	5A	53611305
TaDArTAG003440	A/G	5A	58939715
TaDArTAG009102	A/G	5A	62001873
TaDArTAG009104	A/G	5A	68691547
TaDArTAG006685	A/G	5A	72322745
TaDArTAG009109	G/A	5A	74965847
TaDArTAG003535	A/G	5A	75655691
TaDArTAG003547	A/G	5A	84081563
TaDArTAG006691	A/G	5A	85053774
TaDArTAG007709	A/G	5A	89694796
TaDArTAG003557	A/G	5A	101126558
TaDArTAG006538	G/A	5A	113026143
TaDArTAG007689	A/G	5A	118892579
TaDArTAG006539	A/G	5A	120042047
TaDArTAG009105	G/A	5A	121212263
TaDArTAG006540	A/G	5A	131836804
TaDArTAG007690	A/G	5A	136433617
TaDArTAG003279	A/G	5A	151239052
TaDArTAG006541	A/G	5A	159436345
TaDArTAG007691	A/G	5A	159436529
TaDArTAG006542	A/G	5A	192495591
TaDArTAG006547	G/A	5A	220881573
TaDArTAG003290	A/G	5A	259619869
TaDArTAG007693	A/G	5A	275826162
TaDArTAG007694	A/G	5A	299590136
TaDArTAG000406	G/A	5A	305037585
TaDArTAG009111	A/G	5A	311530413
TaDArTAG007695	A/G	5A	316047394
TaDArTAG007696	A/G	5A	322428724
TaDArTAG009112	A/G	5A	342298433
TaDArTAG006554	A/G	5A	344952806
TaDArTAG007697	A/G	5A	375606376
TaDArTAG003318	A/G	5A	382494881
TaDArTAG009118	G/A	5A	395803839
TaDArTAG009117	A/G	5A	397569839
TaDArTAG009116	A/G	5A	399454691
TaDArTAG009114	G/A	5A	401755516
TaDArTAG007699	G/A	5A	408344823
TaDArTAG009120	A/G	5A	413195683
TaDArTAG009243	G/A	5A	413345506
TaDArTAG006558	A/G	5A	414199086
TaDArTAG006562	A/G	5A	414901636
TaDArTAG006563	A/G	5A	416266755
TaDArTAG003322	A/G	5A	417222166
TaDArTAG000549	A/G	5A	417447739
TaDArTAG009121	G/A	5A	419532151
TaDArTAG003324	A/G	5A	422211739
TaDArTAG006566	A/G	5A	425120219
TaDArTAG007701	A/G	5A	426112384
TaDArTAG003325	A/G	5A	432209724
TaDArTAG007356	A/G	5A	437476634
TaDArTAG006568	A/G	5A	439298461
TaDArTAG003328	A/G	5A	440819282
TaDArTAG009122	A/G	5A	442531147
TaDArTAG003329	G/A	5A	446756582
TaDArTAG006572	A/G	5A	448392530
TaDArTAG006573	A/G	5A	450739455
TaDArTAG000550	A/G	5A	450831243
TaDArTAG003331	A/G	5A	452551414
TaDArTAG007703	A/G	5A	455831465
TaDArTAG009123	A/G	5A	456582942
TaDArTAG009175	G/A	5A	457616176
TaDArTAG003332	A/G	5A	460293622
TaDArTAG006577	A/G	5A	461039786
TaDArTAG003334	A/G	5A	462411422
TaDArTAG006586	A/G	5A	463351871
TaDArTAG006588	A/G	5A	463568576
TaDArTAG000179	A/G	5A	465780397
TaDArTAG003336	A/G	5A	466509568
TaDArTAG009177	G/A	5A	467853838
TaDArTAG006593	A/G	5A	468937715
TaDArTAG003345	A/G	5A	470649391
TaDArTAG006594	A/G	5A	471923659
TaDArTAG006597	A/G	5A	472770739
TaDArTAG003352	A/G	5A	475823066
TaDArTAG009127	G/A	5A	477934562
TaDArTAG006602	A/G	5A	479293840
TaDArTAG006604	A/G	5A	480751514
TaDArTAG006605	A/G	5A	482354666
TaDArTAG003363	A/G	5A	483252907
TaDArTAG006609	A/G	5A	486291708
TaDArTAG003370	A/G	5A	488402668
TaDArTAG006612	A/G	5A	490780329
TaDArTAG009128	A/G	5A	491705551
TaDArTAG007704	A/G	5A	494158496
TaDArTAG003372	A/G	5A	497232440
TaDArTAG006617	A/G	5A	503654612
TaDArTAG000409	A/G	5A	506106903
TaDArTAG003384	A/G	5A	514839606
TaDArTAG003387	A/G	5A	520639646
TaDArTAG009129	A/G	5A	522792166
TaDArTAG006622	A/G	5A	527322551
TaDArTAG009130	A/G	5A	528614189
TaDArTAG003394	A/G	5A	530756460
TaDArTAG007705	A/G	5A	534615460
TaDArTAG000554	A/G	5A	535799483
TaDArTAG003399	A/G	5A	539222909
TaDArTAG009134	A/G	5A	540676821
TaDArTAG000296	A/G	5A	548923145
TaDArTAG000297	A/G	5A	548923151
TaDArTAG000298	A/G	5A	549074264
TaDArTAG000299	A/G	5A	549108766
TaDArTAG003405	A/G	5A	550059512
TaDArTAG009136	G/A	5A	552152308
TaDArTAG003409	A/G	5A	553177872
TaDArTAG009137	G/A	5A	554141684
TaDArTAG006634	A/G	5A	558351698
TaDArTAG006635	A/G	5A	560799561
TaDArTAG003414	A/G	5A	561567589
TaDArTAG003415	A/G	5A	563318692
TaDArTAG009139	A/G	5A	567511059
TaDArTAG000410	A/G	5A	569473325
TaDArTAG003430	A/G	5A	569739333
TaDArTAG009141	G/A	5A	571662190
TaDArTAG006637	A/G	5A	574767968
TaDArTAG009142	A/G	5A	579963730
TaDArTAG003447	A/G	5A	581215819
TaDArTAG006644	A/G	5A	582691550
TaDArTAG007706	A/G	5A	585906690
TaDArTAG006647	A/G	5A	588157684
TaDArTAG006651	A/G	5A	588455470
TaDArTAG000087	A/G	5A	588575312
TaDArTAG000040	A/G	5A	589260035
TaDArTAG000038	A/G	5A	589260685
TaDArTAG000036	A/G	5A	590394614
TaDArTAG000411	A/G	5A	592984505
TaDArTAG000412	A/G	5A	596400316
TaDArTAG009145	A/G	5A	597357026
TaDArTAG003475	A/G	5A	610135222
TaDArTAG006659	A/G	5A	611013144
TaDArTAG006660	A/G	5A	612793685
TaDArTAG003481	G/A	5A	616201418
TaDArTAG006662	A/G	5A	618290183
TaDArTAG000414	A/G	5A	618643541
TaDArTAG003487	A/G	5A	618644430
TaDArTAG003489	A/G	5A	620534617
TaDArTAG000415	A/G	5A	620816600
TaDArTAG006663	A/G	5A	627566187
TaDArTAG009147	A/G	5A	628122483
TaDArTAG007707	A/G	5A	635612632
TaDArTAG007708	A/G	5A	638191810
TaDArTAG003492	A/G	5A	642969081
TaDArTAG009148	A/G	5A	650936711
TaDArTAG003493	A/G	5A	651970934
TaDArTAG009071	A/G	5A	663928508
TaDArTAG006669	A/G	5A	665846114
TaDArTAG006671	A/G	5A	666062463
TaDArTAG003495	A/G	5A	667464873
TaDArTAG006674	A/G	5A	667872908
TaDArTAG006675	G/A	5A	672352181
TaDArTAG006677	A/G	5A	673080169
TaDArTAG006510	G/A	5A	678941859
TaDArTAG006678	A/G	5A	680033243
TaDArTAG008923	G/A	5A	683272257
TaDArTAG006679	A/G	5A	685129272
TaDArTAG003512	A/G	5A	686827851
TaDArTAG006682	A/G	5A	691751994
TaDArTAG009152	A/G	5A	692326310
TaDArTAG003517	A/G	5A	700062717
TaDArTAG009154	A/G	5A	700306311
TaDArTAG009155	G/A	5A	702649701
TaDArTAG009090	A/G	5A	705565862
TaDArTAG003524	A/G	5A	706068654
TaDArTAG006684	A/G	5A	707541793
TaDArTAG006686	A/G	5A	710074180
TaDArTAG003835	A/G	5B	6551704
TaDArTAG009158	G/A	5B	7031404
TaDArTAG000422	A/G	5B	8227227
TaDArTAG000423	G/A	5B	8404706
TaDArTAG009159	A/G	5B	10489843
TaDArTAG006692	A/G	5B	12626993
TaDArTAG003575	A/G	5B	18104450
TaDArTAG003582	A/G	5B	20938682
TaDArTAG000301	G/A	5B	24508331
TaDArTAG007341	A/G	5B	24863119
TaDArTAG000303	A/G	5B	24891409
TaDArTAG003595	G/A	5B	26215450
TaDArTAG003609	A/G	5B	31515412
TaDArTAG009219	A/G	5B	36357550
TaDArTAG003634	A/G	5B	42136422
TaDArTAG003648	A/G	5B	44998488
TaDArTAG000304	A/G	5B	48664027
TaDArTAG007315	A/G	5B	48672527
TaDArTAG003670	A/G	5B	49227706
TaDArTAG006732	G/A	5B	52259188
TaDArTAG003737	A/G	5B	56111794
TaDArTAG006735	A/G	5B	59635745
TaDArTAG006737	A/G	5B	61846301
TaDArTAG009164	A/G	5B	62430308
TaDArTAG006741	A/G	5B	64500108
TaDArTAG000553	G/A	5B	70942461
TaDArTAG006773	A/G	5B	72200459
TaDArTAG003895	A/G	5B	72583090
TaDArTAG006774	A/G	5B	75603103
TaDArTAG006775	A/G	5B	77158117
TaDArTAG006776	A/G	5B	83461186
TaDArTAG006777	A/G	5B	83674544
TaDArTAG009103	A/G	5B	83689447
TaDArTAG006778	A/G	5B	87586406
TaDArTAG006779	A/G	5B	88550729
TaDArTAG006780	A/G	5B	89285659
TaDArTAG009165	A/G	5B	89667643
TaDArTAG000575	G/A	5B	93591980
TaDArTAG007710	A/G	5B	108799740
TaDArTAG007711	A/G	5B	130171034
TaDArTAG003565	A/G	5B	135159413
TaDArTAG009166	A/G	5B	136207755
TaDArTAG006693	A/G	5B	142714309
TaDArTAG003568	A/G	5B	150843158
TaDArTAG007713	A/G	5B	153028026
TaDArTAG003577	A/G	5B	184749118
TaDArTAG007714	G/A	5B	187293043
TaDArTAG009167	A/G	5B	188620046
TaDArTAG007715	A/G	5B	190562119
TaDArTAG007716	G/A	5B	194100925
TaDArTAG007717	A/G	5B	210016641
TaDArTAG007718	G/A	5B	226344407
TaDArTAG003589	A/G	5B	229947253
TaDArTAG003590	A/G	5B	231469972
TaDArTAG007719	A/G	5B	239443603
TaDArTAG003592	A/G	5B	244326637
TaDArTAG000418	A/G	5B	270201463
TaDArTAG009169	A/G	5B	271578031
TaDArTAG007721	A/G	5B	276231755
TaDArTAG007722	A/G	5B	284668021
TaDArTAG006695	A/G	5B	290722916
TaDArTAG003605	A/G	5B	292321327
TaDArTAG006696	A/G	5B	292741296
TaDArTAG006553	G/A	5B	295636313
TaDArTAG007723	A/G	5B	297715852
TaDArTAG007724	A/G	5B	311981876
TaDArTAG003612	A/G	5B	321052149
TaDArTAG003617	A/G	5B	330574372
TaDArTAG006697	A/G	5B	330744111
TaDArTAG009171	G/A	5B	331335512
TaDArTAG003618	A/G	5B	333887157
TaDArTAG006700	A/G	5B	342605523
TaDArTAG009172	A/G	5B	355535887
TaDArTAG009174	A/G	5B	377484278
TaDArTAG003623	A/G	5B	381872923
TaDArTAG007726	A/G	5B	386214959
TaDArTAG000563	A/G	5B	391555266
TaDArTAG003628	A/G	5B	391555361
TaDArTAG007727	A/G	5B	396852374
TaDArTAG006704	A/G	5B	400442542
TaDArTAG006705	A/G	5B	400843079
TaDArTAG006706	A/G	5B	406150654
TaDArTAG006708	A/G	5B	406514487
TaDArTAG006709	A/G	5B	406745289
TaDArTAG003633	A/G	5B	411177376
TaDArTAG006712	A/G	5B	413461835
TaDArTAG006714	A/G	5B	420321496
TaDArTAG003640	A/G	5B	425372987
TaDArTAG009176	A/G	5B	430158186
TaDArTAG003642	A/G	5B	432696023
TaDArTAG006716	A/G	5B	433930453
TaDArTAG006717	G/A	5B	434664119
TaDArTAG006718	A/G	5B	440505130
TaDArTAG007513	A/G	5B	440895427
TaDArTAG006720	A/G	5B	441344634
TaDArTAG007323	A/G	5B	459028434
TaDArTAG007324	A/G	5B	459030795
TaDArTAG003656	A/G	5B	460120309
TaDArTAG009180	G/A	5B	463515362
TaDArTAG003660	G/A	5B	464660513
TaDArTAG006722	A/G	5B	465152848
TaDArTAG003663	A/G	5B	469431524
TaDArTAG000419	A/G	5B	477968853
TaDArTAG006723	A/G	5B	478604722
TaDArTAG006614	G/A	5B	479451148
TaDArTAG006724	A/G	5B	480499444
TaDArTAG006726	A/G	5B	481125400
TaDArTAG007357	A/G	5B	482707893
TaDArTAG003671	A/G	5B	487716226
TaDArTAG006135	A/G	5B	490264788
TaDArTAG003672	A/G	5B	490410000
TaDArTAG003673	A/G	5B	490874128
TaDArTAG006728	A/G	5B	493686999
TaDArTAG007729	A/G	5B	494516834
TaDArTAG003678	A/G	5B	495116486
TaDArTAG003680	A/G	5B	501696230
TaDArTAG009183	A/G	5B	502370918
TaDArTAG003683	A/G	5B	507270084
TaDArTAG009186	G/A	5B	511330305
TaDArTAG003689	A/G	5B	514109100
TaDArTAG000306	A/G	5B	516751583
TaDArTAG000307	A/G	5B	516752361
TaDArTAG003697	G/A	5B	523190921
TaDArTAG003699	A/G	5B	524172464
TaDArTAG003700	A/G	5B	528584389
TaDArTAG003701	A/G	5B	529751572
TaDArTAG003709	A/G	5B	533818144
TaDArTAG000564	A/G	5B	534480350
TaDArTAG009187	G/A	5B	534796866
TaDArTAG009188	A/G	5B	536583449
TaDArTAG003718	A/G	5B	539754964
TaDArTAG003723	A/G	5B	541172414
TaDArTAG009189	G/A	5B	546065457
TaDArTAG003733	A/G	5B	552711942
TaDArTAG006733	A/G	5B	558451379
TaDArTAG006734	A/G	5B	559444759
TaDArTAG003741	A/G	5B	560421831
TaDArTAG007312	A/G	5B	560421945
TaDArTAG000567	A/G	5B	561604842
TaDArTAG006641	A/G	5B	561690470
TaDArTAG006643	G/A	5B	563032120
TaDArTAG003748	A/G	5B	570655300
TaDArTAG000568	A/G	5B	574044123
TaDArTAG003750	A/G	5B	574432043
TaDArTAG000122	A/G	5B	577013192
TaDArTAG003756	A/G	5B	579811205
TaDArTAG009193	A/G	5B	583540058
TaDArTAG003760	A/G	5B	586263108
TaDArTAG009301	A/G	5B	589173470
TaDArTAG003772	A/G	5B	593093181
TaDArTAG003788	A/G	5B	603417508
TaDArTAG000413	G/A	5B	603449879
TaDArTAG003794	A/G	5B	607478030
TaDArTAG000308	A/G	5B	610575738
TaDArTAG003797	A/G	5B	610898140
TaDArTAG003800	A/G	5B	614125042
TaDArTAG000309	A/G	5B	614170799
TaDArTAG009196	A/G	5B	614841772
TaDArTAG003802	A/G	5B	621784132
TaDArTAG003803	A/G	5B	621785420
TaDArTAG003807	A/G	5B	626554873
TaDArTAG000421	G/A	5B	630573516
TaDArTAG009197	A/G	5B	631299762
TaDArTAG003812	A/G	5B	634571187
TaDArTAG009198	A/G	5B	635856228
TaDArTAG003820	A/G	5B	640231005
TaDArTAG003827	A/G	5B	643082099
TaDArTAG003832	A/G	5B	646137666
TaDArTAG000570	A/G	5B	656923351
TaDArTAG000571	A/G	5B	657379063
TaDArTAG003837	A/G	5B	658096826
TaDArTAG000249	A/G	5B	659408865
TaDArTAG003839	A/G	5B	662851537
TaDArTAG009149	A/G	5B	664833705
TaDArTAG009201	A/G	5B	668641493
TaDArTAG003841	A/G	5B	669623091
TaDArTAG006750	A/G	5B	672151050
TaDArTAG006753	G/A	5B	679314439
TaDArTAG006754	A/G	5B	679974048
TaDArTAG006756	A/G	5B	680183280
TaDArTAG006758	A/G	5B	681426751
TaDArTAG006760	A/G	5B	683400806
TaDArTAG006761	A/G	5B	683921818
TaDArTAG006762	A/G	5B	685810404
TaDArTAG006763	A/G	5B	686268384
TaDArTAG003863	A/G	5B	690570278
TaDArTAG008786	A/G	5B	691299745
TaDArTAG003866	A/G	5B	692581738
TaDArTAG006764	A/G	5B	693966631
TaDArTAG006772	A/G	5B	695177348
TaDArTAG006769	A/G	5B	698078727
TaDArTAG003880	A/G	5B	698839951
TaDArTAG006767	A/G	5B	700615009
TaDArTAG007303	A/G	5B	700722506
TaDArTAG006765	A/G	5B	702153946
TaDArTAG007730	A/G	5B	708382654
TaDArTAG003891	A/G	5B	708874687
TaDArTAG003892	A/G	5B	712465043
TaDArTAG009206	A/G	5B	714564630
TaDArTAG006804	A/G	5D	297004
TaDArTAG000021	A/G	5D	3622936
TaDArTAG009210	G/A	5D	4754339
TaDArTAG003909	A/G	5D	12307678
TaDArTAG007732	G/A	5D	13804687
TaDArTAG007735	A/G	5D	18330568
TaDArTAG009213	A/G	5D	27111766
TaDArTAG009214	A/G	5D	28768133
TaDArTAG009216	A/G	5D	37699492
TaDArTAG009098	A/G	5D	43605986
TaDArTAG009221	A/G	5D	50724775
TaDArTAG000574	G/A	5D	60674741
TaDArTAG007755	A/G	5D	66923282
TaDArTAG006805	G/A	5D	74609797
TaDArTAG003908	A/G	5D	104312648
TaDArTAG009227	A/G	5D	114343841
TaDArTAG006781	G/A	5D	116726324
TaDArTAG007731	A/G	5D	118019398
TaDArTAG009228	G/A	5D	121030764
TaDArTAG009229	A/G	5D	123837407
TaDArTAG007712	A/G	5D	125495873
TaDArTAG009230	A/G	5D	129165353
TaDArTAG007734	A/G	5D	155196002
TaDArTAG003910	A/G	5D	164599882
TaDArTAG006783	A/G	5D	184551597
TaDArTAG003912	A/G	5D	198340546
TaDArTAG007736	A/G	5D	203514083
TaDArTAG007737	G/A	5D	219631895
TaDArTAG009232	G/A	5D	222507719
TaDArTAG009234	G/A	5D	231710587
TaDArTAG007738	A/G	5D	244100840
TaDArTAG007739	A/G	5D	249129323
TaDArTAG009236	G/A	5D	256353681
TaDArTAG007740	A/G	5D	270607857
TaDArTAG007742	A/G	5D	281399068
TaDArTAG006786	A/G	5D	283143698
TaDArTAG006787	G/A	5D	290572264
TaDArTAG003916	A/G	5D	295813437
TaDArTAG009239	A/G	5D	305668159
TaDArTAG007744	A/G	5D	306210256
TaDArTAG007745	A/G	5D	309244256
TaDArTAG009115	A/G	5D	309621494
TaDArTAG009240	A/G	5D	310407074
TaDArTAG009241	A/G	5D	311906495
TaDArTAG009242	G/A	5D	318924538
TaDArTAG007725	G/A	5D	319244836
TaDArTAG009173	G/A	5D	323285667
TaDArTAG000576	A/G	5D	326556895
TaDArTAG003917	A/G	5D	327671747
TaDArTAG007746	A/G	5D	330507210
TaDArTAG009250	A/G	5D	342036457
TaDArTAG006790	A/G	5D	344535539
TaDArTAG000089	A/G	5D	350360670
TaDArTAG007748	A/G	5D	350477802
TaDArTAG007749	A/G	5D	351487538
TaDArTAG009251	A/G	5D	356821805
TaDArTAG009253	G/A	5D	360864497
TaDArTAG006791	G/A	5D	364595467
TaDArTAG009256	A/G	5D	369665324
TaDArTAG006792	A/G	5D	372617356
TaDArTAG009257	A/G	5D	374739756
TaDArTAG007728	A/G	5D	378057935
TaDArTAG009179	G/A	5D	379295319
TaDArTAG009258	G/A	5D	386602302
TaDArTAG009260	A/G	5D	389469172
TaDArTAG003925	A/G	5D	390510000
TaDArTAG009190	G/A	5D	391670240
TaDArTAG007750	A/G	5D	393060422
TaDArTAG007751	G/A	5D	399584801
TaDArTAG007752	G/A	5D	405839720
TaDArTAG007753	A/G	5D	411804125
TaDArTAG009272	G/A	5D	421286814
TaDArTAG009278	A/G	5D	425345127
TaDArTAG003927	A/G	5D	430074630
TaDArTAG003695	A/G	5D	431688983
TaDArTAG009282	A/G	5D	434042337
TaDArTAG009285	G/A	5D	435690688
TaDArTAG009287	G/A	5D	440136250
TaDArTAG009290	G/A	5D	442443588
TaDArTAG009292	A/G	5D	443413312
TaDArTAG007754	A/G	5D	452148747
TaDArTAG003742	A/G	5D	462142753
TaDArTAG009297	A/G	5D	463656684
TaDArTAG009298	A/G	5D	472351673
TaDArTAG009299	A/G	5D	478514812
TaDArTAG009300	G/A	5D	479775286
TaDArTAG009302	A/G	5D	485107289
TaDArTAG003776	A/G	5D	485393948
TaDArTAG006736	A/G	5D	486490442
TaDArTAG009303	A/G	5D	487806141
TaDArTAG009194	A/G	5D	489079225
TaDArTAG009304	A/G	5D	491693799
TaDArTAG006794	A/G	5D	492712735
TaDArTAG009305	G/A	5D	494118326
TaDArTAG009306	G/A	5D	495287606
TaDArTAG003939	G/A	5D	497774686
TaDArTAG009307	A/G	5D	509217226
TaDArTAG009308	G/A	5D	518698595
TaDArTAG006796	A/G	5D	524503967
TaDArTAG009200	G/A	5D	529061124
TaDArTAG009316	A/G	5D	532270823
TaDArTAG003942	A/G	5D	535476140
TaDArTAG009318	A/G	5D	540613210
TaDArTAG006450	A/G	5D	540788282
TaDArTAG008791	A/G	5D	541638416
TaDArTAG003944	A/G	5D	545141992
TaDArTAG009321	A/G	5D	546060155
TaDArTAG009328	A/G	5D	548042763
TaDArTAG009203	A/G	5D	548123796
TaDArTAG000578	A/G	5D	548226828
TaDArTAG000085	A/G	5D	550851338
TaDArTAG003953	A/G	5D	551627860
TaDArTAG009332	A/G	5D	553492812
TaDArTAG008456	G/A	5D	553721751
TaDArTAG006799	A/G	5D	555932505
TaDArTAG006801	A/G	5D	557689945
TaDArTAG009336	G/A	5D	561274267
TaDArTAG009337	A/G	5D	566707472
TaDArTAG003972	A/G	5D	568629467
TaDArTAG009347	A/G	6A	2384355
TaDArTAG009348	A/G	6A	4072815
TaDArTAG009350	A/G	6A	6525047
TaDArTAG006856	G/A	6A	7168749
TaDArTAG000586	A/G	6A	8012989
TaDArTAG009509	G/A	6A	8483359
TaDArTAG007316	A/G	6A	10636422
TaDArTAG007317	A/G	6A	10654455
TaDArTAG009351	A/G	6A	12960769
TaDArTAG009352	A/G	6A	13785510
TaDArTAG006812	A/G	6A	15201146
TaDArTAG009353	G/A	6A	16201338
TaDArTAG009516	A/G	6A	18579566
TaDArTAG006815	A/G	6A	20726038
TaDArTAG003999	A/G	6A	21295071
TaDArTAG009355	A/G	6A	23583230
TaDArTAG009356	G/A	6A	24586180
TaDArTAG006817	A/G	6A	26227723
TaDArTAG004018	A/G	6A	26775761
TaDArTAG009357	A/G	6A	28316753
TaDArTAG004028	A/G	6A	29570187
TaDArTAG009525	A/G	6A	32601022
TaDArTAG007766	A/G	6A	34062487
TaDArTAG009362	A/G	6A	37142428
TaDArTAG009363	A/G	6A	37819463
TaDArTAG004038	A/G	6A	40271644
TaDArTAG008445	G/A	6A	41271985
TaDArTAG004071	A/G	6A	50979982
TaDArTAG006827	A/G	6A	54305422
TaDArTAG004081	A/G	6A	55066293
TaDArTAG000430	G/A	6A	55282700
TaDArTAG009367	A/G	6A	63585734
TaDArTAG004201	A/G	6A	66026932
TaDArTAG009371	G/A	6A	71030497
TaDArTAG009372	A/G	6A	73799037
TaDArTAG009374	G/A	6A	76986870
TaDArTAG000439	A/G	6A	80499668
TaDArTAG009375	A/G	6A	87002211
TaDArTAG004227	A/G	6A	87622168
TaDArTAG004228	A/G	6A	89180622
TaDArTAG009376	A/G	6A	89394148
TaDArTAG004234	A/G	6A	94256867
TaDArTAG009545	G/A	6A	94805911
TaDArTAG009379	G/A	6A	97143870
TaDArTAG006808	G/A	6A	103150884
TaDArTAG003976	A/G	6A	109527047
TaDArTAG003977	A/G	6A	110111940
TaDArTAG003981	A/G	6A	116011054
TaDArTAG003982	A/G	6A	117287067
TaDArTAG009382	A/G	6A	124454539
TaDArTAG007756	A/G	6A	128030420
TaDArTAG003995	A/G	6A	187210585
TaDArTAG003996	A/G	6A	187708621
TaDArTAG003997	A/G	6A	189676860
TaDArTAG004006	A/G	6A	201486912
TaDArTAG004008	A/G	6A	205385774
TaDArTAG007758	A/G	6A	215725057
TaDArTAG007759	A/G	6A	222240073
TaDArTAG007760	A/G	6A	224723467
TaDArTAG000066	A/G	6A	240302509
TaDArTAG004017	A/G	6A	244281274
TaDArTAG009390	A/G	6A	271574958
TaDArTAG006819	G/A	6A	278885702
TaDArTAG000427	G/A	6A	285565649
TaDArTAG007765	A/G	6A	310093688
TaDArTAG004034	A/G	6A	316910489
TaDArTAG007767	A/G	6A	324609065
TaDArTAG004036	A/G	6A	335644672
TaDArTAG007768	A/G	6A	336453864
TaDArTAG004040	A/G	6A	380606496
TaDArTAG009393	A/G	6A	382072035
TaDArTAG007770	A/G	6A	383439521
TaDArTAG004043	A/G	6A	386834474
TaDArTAG007771	A/G	6A	398611923
TaDArTAG009398	A/G	6A	414858510
TaDArTAG004051	G/A	6A	416746669
TaDArTAG007326	A/G	6A	419140793
TaDArTAG004053	A/G	6A	422855509
TaDArTAG009587	G/A	6A	422873483
TaDArTAG009401	A/G	6A	426544288
TaDArTAG004054	A/G	6A	432041257
TaDArTAG004057	A/G	6A	433723134
TaDArTAG009404	G/A	6A	438273947
TaDArTAG004061	A/G	6A	440175948
TaDArTAG004062	A/G	6A	444537418
TaDArTAG009407	A/G	6A	449873834
TaDArTAG009477	G/A	6A	452136929
TaDArTAG004064	A/G	6A	452251271
TaDArTAG004067	A/G	6A	457731031
TaDArTAG000164	A/G	6A	463559161
TaDArTAG007772	A/G	6A	469083118
TaDArTAG007773	A/G	6A	482358230
TaDArTAG000468	A/G	6A	483808508
TaDArTAG000469	A/G	6A	483808534
TaDArTAG006824	A/G	6A	486423036
TaDArTAG009409	G/A	6A	486662584
TaDArTAG000312	A/G	6A	487267466
TaDArTAG000428	G/A	6A	489163534
TaDArTAG006825	A/G	6A	496778242
TaDArTAG006826	G/A	6A	499135165
TaDArTAG009410	A/G	6A	499775209
TaDArTAG004076	A/G	6A	521037972
TaDArTAG006830	A/G	6A	522684055
TaDArTAG000313	A/G	6A	522995275
TaDArTAG000429	A/G	6A	523162063
TaDArTAG000314	A/G	6A	523176596
TaDArTAG006833	A/G	6A	524926967
TaDArTAG006835	G/A	6A	526369254
TaDArTAG004086	A/G	6A	528087542
TaDArTAG009411	A/G	6A	528582584
TaDArTAG006836	A/G	6A	532577231
TaDArTAG006839	A/G	6A	537459792
TaDArTAG006840	A/G	6A	537897913
TaDArTAG006841	A/G	6A	540531810
TaDArTAG004094	A/G	6A	540881346
TaDArTAG000315	A/G	6A	542602788
TaDArTAG004096	A/G	6A	544700271
TaDArTAG000432	A/G	6A	546609973
TaDArTAG000433	A/G	6A	546640163
TaDArTAG006842	A/G	6A	547555684
TaDArTAG004099	A/G	6A	549382237
TaDArTAG006843	A/G	6A	551641813
TaDArTAG006844	A/G	6A	552477114
TaDArTAG004103	A/G	6A	554039301
TaDArTAG008460	A/G	6A	554115152
TaDArTAG000316	A/G	6A	554874315
TaDArTAG004105	A/G	6A	555152734
TaDArTAG004109	A/G	6A	559034462
TaDArTAG004110	A/G	6A	559325112
TaDArTAG000435	A/G	6A	560071713
TaDArTAG006846	A/G	6A	565730504
TaDArTAG006847	A/G	6A	566171396
TaDArTAG006853	A/G	6A	570834425
TaDArTAG000536	A/G	6A	572469818
TaDArTAG000317	A/G	6A	575254531
TaDArTAG006854	A/G	6A	577214993
TaDArTAG004120	A/G	6A	582690289
TaDArTAG006855	A/G	6A	583124488
TaDArTAG009413	A/G	6A	584758967
TaDArTAG004123	A/G	6A	585427664
TaDArTAG007774	A/G	6A	588328862
TaDArTAG004134	A/G	6A	597701919
TaDArTAG004137	A/G	6A	597901652
TaDArTAG006859	A/G	6A	598463745
TaDArTAG000437	A/G	6A	598916050
TaDArTAG006861	A/G	6A	599210675
TaDArTAG009415	G/A	6A	603279084
TaDArTAG006866	A/G	6A	604266928
TaDArTAG006868	A/G	6A	605236087
TaDArTAG006872	A/G	6A	607660536
TaDArTAG009416	A/G	6A	608332014
TaDArTAG006875	A/G	6A	610964867
TaDArTAG006876	A/G	6A	611850893
TaDArTAG006877	A/G	6A	613347506
TaDArTAG006878	A/G	6A	614312217
TaDArTAG006880	A/G	6A	614579299
TaDArTAG006883	G/A	6A	614871867
TaDArTAG009417	G/A	6A	615310917
TaDArTAG006884	A/G	6A	616477412
TaDArTAG000585	A/G	6A	616765102
TaDArTAG000438	A/G	6A	619613603
TaDArTAG009422	A/G	6B	1553840
TaDArTAG000197	A/G	6B	5274007
TaDArTAG004387	A/G	6B	5586969
TaDArTAG009420	G/A	6B	6080063
TaDArTAG009421	A/G	6B	6653589
TaDArTAG009501	A/G	6B	10247410
TaDArTAG006990	G/A	6B	10939742
TaDArTAG000130	A/G	6B	15560709
TaDArTAG000590	A/G	6B	17811422
TaDArTAG000318	A/G	6B	20699476
TaDArTAG000319	A/G	6B	20714513
TaDArTAG003978	G/A	6B	20716148
TaDArTAG000320	A/G	6B	21255370
TaDArTAG000322	G/A	6B	21604235
TaDArTAG000323	A/G	6B	21607535
TaDArTAG007313	G/A	6B	21741538
TaDArTAG000136	A/G	6B	26016728
TaDArTAG006937	G/A	6B	28724197
TaDArTAG006939	A/G	6B	30110090
TaDArTAG009425	G/A	6B	32119908
TaDArTAG004369	A/G	6B	36461767
TaDArTAG004386	A/G	6B	39756069
TaDArTAG004398	A/G	6B	48442748
TaDArTAG004416	A/G	6B	52283503
TaDArTAG009432	A/G	6B	54672170
TaDArTAG004437	A/G	6B	56293492
TaDArTAG009433	A/G	6B	59478245
TaDArTAG007788	A/G	6B	60805950
TaDArTAG000079	A/G	6B	62263580
TaDArTAG009434	G/A	6B	64262461
TaDArTAG009437	A/G	6B	74496476
TaDArTAG006983	G/A	6B	78939132
TaDArTAG004572	A/G	6B	81379321
TaDArTAG006985	A/G	6B	82034572
TaDArTAG006986	A/G	6B	82924797
TaDArTAG004586	A/G	6B	85204809
TaDArTAG006988	A/G	6B	89882949
TaDArTAG009438	A/G	6B	91055331
TaDArTAG004594	A/G	6B	94483791
TaDArTAG006989	A/G	6B	95664959
TaDArTAG000183	A/G	6B	98031798
TaDArTAG004600	A/G	6B	101125194
TaDArTAG004245	A/G	6B	107821648
TaDArTAG004246	A/G	6B	112800944
TaDArTAG006901	A/G	6B	119221442
TaDArTAG004252	A/G	6B	120805288
TaDArTAG009440	A/G	6B	121958849
TaDArTAG009368	A/G	6B	123943393
TaDArTAG009369	G/A	6B	126403557
TaDArTAG009442	A/G	6B	127588990
TaDArTAG006895	G/A	6B	129705733
TaDArTAG009443	A/G	6B	131944756
TaDArTAG009444	G/A	6B	136144853
TaDArTAG004268	A/G	6B	139814909
TaDArTAG000020	A/G	6B	140409164
TaDArTAG009445	G/A	6B	142304309
TaDArTAG009544	A/G	6B	149758478
TaDArTAG006914	G/A	6B	152098753
TaDArTAG007743	G/A	6B	154959454
TaDArTAG009447	G/A	6B	154998228
TaDArTAG006898	A/G	6B	155354382
TaDArTAG004274	A/G	6B	157751586
TaDArTAG000591	A/G	6B	163835002
TaDArTAG009451	A/G	6B	170380420
TaDArTAG004298	A/G	6B	177250043
TaDArTAG009551	A/G	6B	178517292
TaDArTAG009452	A/G	6B	179824802
TaDArTAG004301	G/A	6B	181584102
TaDArTAG004302	A/G	6B	185274141
TaDArTAG009453	A/G	6B	187912316
TaDArTAG004307	A/G	6B	188855683
TaDArTAG004309	A/G	6B	188946742
TaDArTAG007775	A/G	6B	191849994
TaDArTAG004311	A/G	6B	193524693
TaDArTAG009455	A/G	6B	195459770
TaDArTAG006930	A/G	6B	197683565
TaDArTAG004317	A/G	6B	202849970
TaDArTAG009456	A/G	6B	205946928
TaDArTAG004324	A/G	6B	208485776
TaDArTAG004325	A/G	6B	208702621
TaDArTAG009383	G/A	6B	209844402
TaDArTAG004331	A/G	6B	213311500
TaDArTAG007776	A/G	6B	219098153
TaDArTAG004332	A/G	6B	219356559
TaDArTAG009457	A/G	6B	224122444
TaDArTAG000440	A/G	6B	229315135
TaDArTAG004338	A/G	6B	235134272
TaDArTAG004339	A/G	6B	235757315
TaDArTAG006935	A/G	6B	239748809
TaDArTAG007777	A/G	6B	243729473
TaDArTAG006936	A/G	6B	245306893
TaDArTAG009459	G/A	6B	256922961
TaDArTAG009460	A/G	6B	259572173
TaDArTAG004342	A/G	6B	262796979
TaDArTAG009461	A/G	6B	264526260
TaDArTAG009463	A/G	6B	295795131
TaDArTAG004357	A/G	6B	302171679
TaDArTAG009464	A/G	6B	307059273
TaDArTAG009391	A/G	6B	310243906
TaDArTAG009389	G/A	6B	315840554
TaDArTAG009465	A/G	6B	315874460
TaDArTAG007000	A/G	6B	319312854
TaDArTAG004361	A/G	6B	323190628
TaDArTAG009466	A/G	6B	327467813
TaDArTAG009467	A/G	6B	333008728
TaDArTAG009468	A/G	6B	339314275
TaDArTAG007779	A/G	6B	340575236
TaDArTAG007780	A/G	6B	347158893
TaDArTAG007781	A/G	6B	363290120
TaDArTAG007782	A/G	6B	367050514
TaDArTAG004390	A/G	6B	375623990
TaDArTAG009470	A/G	6B	384484277
TaDArTAG004391	A/G	6B	393587380
TaDArTAG009472	A/G	6B	401275393
TaDArTAG007783	A/G	6B	410636898
TaDArTAG004395	A/G	6B	412147553
TaDArTAG009473	A/G	6B	417037666
TaDArTAG007769	A/G	6B	417038684
TaDArTAG007784	A/G	6B	429131363
TaDArTAG009394	G/A	6B	431539581
TaDArTAG007785	A/G	6B	447214643
TaDArTAG009395	G/A	6B	447639495
TaDArTAG006940	A/G	6B	448742500
TaDArTAG007786	A/G	6B	453289765
TaDArTAG004399	A/G	6B	459729112
TaDArTAG009474	G/A	6B	460425877
TaDArTAG002499	G/A	6B	460803503
TaDArTAG006941	A/G	6B	462161729
TaDArTAG000592	A/G	6B	463672721
TaDArTAG000326	A/G	6B	465864096
TaDArTAG004401	A/G	6B	465876635
TaDArTAG000327	A/G	6B	467576020
TaDArTAG000328	A/G	6B	467576085
TaDArTAG006944	A/G	6B	468289431
TaDArTAG006945	A/G	6B	469459831
TaDArTAG006946	A/G	6B	470340695
TaDArTAG006947	A/G	6B	470824902
TaDArTAG007325	A/G	6B	473854765
TaDArTAG004404	A/G	6B	477224279
TaDArTAG000593	A/G	6B	477440357
TaDArTAG000594	G/A	6B	479144189
TaDArTAG004406	A/G	6B	479257156
TaDArTAG004411	A/G	6B	484561626
TaDArTAG009592	A/G	6B	486676442
TaDArTAG004417	A/G	6B	490043385
TaDArTAG004425	A/G	6B	494910669
TaDArTAG004429	A/G	6B	500997782
TaDArTAG007787	A/G	6B	514932742
TaDArTAG000358	A/G	6B	515872758
TaDArTAG009408	A/G	6B	522862714
TaDArTAG006949	A/G	6B	526555480
TaDArTAG006950	G/A	6B	527562313
TaDArTAG004445	A/G	6B	534893896
TaDArTAG004449	A/G	6B	540888016
TaDArTAG009478	A/G	6B	552819142
TaDArTAG006952	A/G	6B	560516201
TaDArTAG006953	A/G	6B	563945553
TaDArTAG006954	A/G	6B	565551100
TaDArTAG004456	A/G	6B	566407130
TaDArTAG006958	A/G	6B	571448049
TaDArTAG004463	A/G	6B	575512473
TaDArTAG009479	A/G	6B	579159250
TaDArTAG004467	A/G	6B	580661766
TaDArTAG006961	A/G	6B	585247606
TaDArTAG006962	A/G	6B	585593030
TaDArTAG004471	A/G	6B	585833616
TaDArTAG007789	G/A	6B	595816142
TaDArTAG000431	G/A	6B	596226924
TaDArTAG004479	A/G	6B	616895745
TaDArTAG009481	A/G	6B	619201792
TaDArTAG004480	A/G	6B	619888265
TaDArTAG009482	A/G	6B	621674025
TaDArTAG004484	A/G	6B	625995827
TaDArTAG004492	A/G	6B	634861209
TaDArTAG009484	A/G	6B	640412463
TaDArTAG009485	A/G	6B	642079163
TaDArTAG004500	A/G	6B	642502707
TaDArTAG006966	A/G	6B	643332363
TaDArTAG006967	G/A	6B	643335508
TaDArTAG000521	G/A	6B	649495751
TaDArTAG000445	A/G	6B	650552468
TaDArTAG006970	A/G	6B	653622585
TaDArTAG009486	A/G	6B	654962689
TaDArTAG004514	A/G	6B	655831365
TaDArTAG007791	A/G	6B	665368437
TaDArTAG004521	A/G	6B	678248515
TaDArTAG004522	A/G	6B	681863136
TaDArTAG000598	A/G	6B	684233479
TaDArTAG009490	G/A	6B	686053040
TaDArTAG004536	A/G	6B	691177870
TaDArTAG006976	A/G	6B	696092759
TaDArTAG009491	A/G	6B	696386228
TaDArTAG004541	A/G	6B	700685953
TaDArTAG004544	A/G	6B	705448550
TaDArTAG009492	A/G	6B	708440308
TaDArTAG006874	G/A	6B	711082576
TaDArTAG004554	A/G	6B	713972960
TaDArTAG006979	A/G	6B	715547321
TaDArTAG009494	G/A	6B	716230386
TaDArTAG004560	A/G	6B	717654149
TaDArTAG007792	A/G	6B	718073927
TaDArTAG007327	A/G	6B	718126379
TaDArTAG007328	G/A	6B	718126430
TaDArTAG009495	A/G	6B	719738110
TaDArTAG000006	A/G	6B	721742577
TaDArTAG009496	A/G	6B	723976852
TaDArTAG004565	A/G	6B	725234436
TaDArTAG009418	A/G	6B	725636287
TaDArTAG007793	G/A	6B	726372100
TaDArTAG009497	G/A	6B	728344925
TaDArTAG009499	A/G	6B	730348754
TaDArTAG009423	G/A	6D	3649985
TaDArTAG007305	A/G	6D	5186345
TaDArTAG000174	A/G	6D	5325033
TaDArTAG000175	A/G	6D	6093826
TaDArTAG007306	A/G	6D	6822625
TaDArTAG004691	A/G	6D	7411055
TaDArTAG007052	A/G	6D	9583685
TaDArTAG006809	A/G	6D	10410835
TaDArTAG009512	A/G	6D	10527000
TaDArTAG009513	A/G	6D	11748807
TaDArTAG004607	A/G	6D	13503378
TaDArTAG006813	G/A	6D	14091963
TaDArTAG009514	A/G	6D	15187390
TaDArTAG009515	A/G	6D	16459484
TaDArTAG006995	A/G	6D	18275462
TaDArTAG009520	A/G	6D	23085359
TaDArTAG000176	G/A	6D	26997786
TaDArTAG009523	A/G	6D	26998167
TaDArTAG009427	G/A	6D	27629585
TaDArTAG009429	G/A	6D	30214576
TaDArTAG004630	A/G	6D	33442739
TaDArTAG009435	A/G	6D	38896819
TaDArTAG006968	A/G	6D	39735609
TaDArTAG007798	G/A	6D	42452887
TaDArTAG009528	G/A	6D	45425681
TaDArTAG009366	A/G	6D	63656835
TaDArTAG009534	A/G	6D	67499708
TaDArTAG009441	G/A	6D	70526125
TaDArTAG009537	A/G	6D	70573859
TaDArTAG004678	A/G	6D	76288473
TaDArTAG007044	A/G	6D	78505794
TaDArTAG006897	G/A	6D	78705689
TaDArTAG009540	G/A	6D	80021736
TaDArTAG007046	A/G	6D	82701341
TaDArTAG000448	A/G	6D	84048374
TaDArTAG009377	A/G	6D	90729877
TaDArTAG009446	G/A	6D	94572727
TaDArTAG009546	A/G	6D	100252209
TaDArTAG009547	A/G	6D	102763959
TaDArTAG000589	G/A	6D	103191674
TaDArTAG004696	A/G	6D	104464402
TaDArTAG000580	G/A	6D	105586666
TaDArTAG009550	A/G	6D	106150375
TaDArTAG009380	G/A	6D	108606483
TaDArTAG000449	A/G	6D	112871941
TaDArTAG007801	A/G	6D	113299127
TaDArTAG009553	A/G	6D	119171325
TaDArTAG009454	G/A	6D	119491729
TaDArTAG009554	A/G	6D	123910996
TaDArTAG009555	G/A	6D	125494918
TaDArTAG006991	A/G	6D	132015828
TaDArTAG000447	A/G	6D	135577049
TaDArTAG009556	G/A	6D	150649711
TaDArTAG004608	A/G	6D	165631508
TaDArTAG008972	A/G	6D	166226849
TaDArTAG009387	A/G	6D	167423448
TaDArTAG009559	A/G	6D	168900460
TaDArTAG009560	A/G	6D	170414255
TaDArTAG000324	A/G	6D	170951257
TaDArTAG009462	G/A	6D	171371582
TaDArTAG007794	A/G	6D	172494786
TaDArTAG006993	A/G	6D	178936503
TaDArTAG009563	G/A	6D	184947881
TaDArTAG009565	A/G	6D	195467314
TaDArTAG007795	A/G	6D	200223425
TaDArTAG006820	A/G	6D	211258171
TaDArTAG009566	G/A	6D	211271900
TaDArTAG000426	G/A	6D	220630773
TaDArTAG007762	A/G	6D	223928607
TaDArTAG009569	A/G	6D	224427795
TaDArTAG007764	A/G	6D	224435909
TaDArTAG006999	G/A	6D	243206711
TaDArTAG009570	G/A	6D	257084721
TaDArTAG009571	G/A	6D	263389446
TaDArTAG007796	A/G	6D	292827349
TaDArTAG009576	A/G	6D	294816419
TaDArTAG007005	A/G	6D	297381495
TaDArTAG009577	G/A	6D	298591691
TaDArTAG009403	G/A	6D	312932311
TaDArTAG007006	A/G	6D	313754176
TaDArTAG009475	G/A	6D	313976775
TaDArTAG009581	A/G	6D	314642598
TaDArTAG009584	G/A	6D	315484067
TaDArTAG009402	G/A	6D	316809809
TaDArTAG009586	G/A	6D	316937005
TaDArTAG009400	G/A	6D	317863747
TaDArTAG004052	A/G	6D	321538745
TaDArTAG009589	G/A	6D	322551861
TaDArTAG009591	G/A	6D	327846720
TaDArTAG007797	A/G	6D	328350173
TaDArTAG009406	G/A	6D	329510353
TaDArTAG009593	G/A	6D	333747689
TaDArTAG009594	A/G	6D	338601704
TaDArTAG009596	A/G	6D	366863148
TaDArTAG007007	A/G	6D	376125276
TaDArTAG009599	A/G	6D	392956889
TaDArTAG007010	G/A	6D	403754136
TaDArTAG007011	A/G	6D	405144492
TaDArTAG009601	A/G	6D	407576388
TaDArTAG004477	A/G	6D	418614312
TaDArTAG007799	A/G	6D	425121604
TaDArTAG000443	A/G	6D	430642194
TaDArTAG007800	A/G	6D	431467213
TaDArTAG000599	A/G	6D	444088572
TaDArTAG004643	A/G	6D	444405636
TaDArTAG009606	G/A	6D	447542502
TaDArTAG006969	G/A	6D	449234091
TaDArTAG004644	A/G	6D	449962763
TaDArTAG000600	A/G	6D	455320636
TaDArTAG009609	A/G	6D	457438839
TaDArTAG000582	A/G	6D	457603146
TaDArTAG009611	G/A	6D	461270334
TaDArTAG000436	A/G	6D	466900549
TaDArTAG004646	A/G	6D	468130751
TaDArTAG009613	A/G	6D	471702172
TaDArTAG009616	G/A	6D	474126577
TaDArTAG009617	G/A	6D	475725301
TaDArTAG009621	A/G	6D	477344813
TaDArTAG004650	A/G	6D	478211243
TaDArTAG007018	A/G	6D	480197905
TaDArTAG006254	A/G	6D	480624066
TaDArTAG007020	G/A	6D	481955919
TaDArTAG009626	A/G	6D	482809871
TaDArTAG009628	G/A	6D	483903487
TaDArTAG007029	G/A	6D	484109450
TaDArTAG007031	A/G	6D	484697261
TaDArTAG009632	A/G	6D	486410329
TaDArTAG009633	A/G	6D	487738459
TaDArTAG009637	A/G	6D	494544103
TaDArTAG007127	A/G	7A	647780
TaDArTAG000451	A/G	7A	1716958
TaDArTAG008821	G/A	7A	1734041
TaDArTAG007066	A/G	7A	1757657
TaDArTAG007087	A/G	7A	2959427
TaDArTAG000331	A/G	7A	3663864
TaDArTAG000452	A/G	7A	4026429
TaDArTAG008818	G/A	7A	4186516
TaDArTAG008817	G/A	7A	4548915
TaDArTAG009641	A/G	7A	6870266
TaDArTAG000333	A/G	7A	8418516
TaDArTAG000334	A/G	7A	8418516
TaDArTAG005148	A/G	7A	9802843
TaDArTAG007053	G/A	7A	10698841
TaDArTAG004718	A/G	7A	12676607
TaDArTAG000329	A/G	7A	12680071
TaDArTAG000330	A/G	7A	12680083
TaDArTAG000283	A/G	7A	14719922
TaDArTAG007064	A/G	7A	15032214
TaDArTAG008757	A/G	7A	15465706
TaDArTAG009643	A/G	7A	17405402
TaDArTAG007074	A/G	7A	21123573
TaDArTAG007077	A/G	7A	22193557
TaDArTAG008802	A/G	7A	23814506
TaDArTAG007079	A/G	7A	23854074
TaDArTAG004778	A/G	7A	25407296
TaDArTAG004783	A/G	7A	26127653
TaDArTAG009668	A/G	7A	27906077
TaDArTAG009645	A/G	7A	28297069
TaDArTAG004815	A/G	7A	34108952
TaDArTAG007094	A/G	7A	44380108
TaDArTAG000332	A/G	7A	47783069
TaDArTAG007096	A/G	7A	49169345
TaDArTAG007100	A/G	7A	51841617
TaDArTAG009648	A/G	7A	54228873
TaDArTAG004899	A/G	7A	55784260
TaDArTAG004908	A/G	7A	58086702
TaDArTAG004946	A/G	7A	65036593
TaDArTAG000158	A/G	7A	69501026
TaDArTAG009651	A/G	7A	70990386
TaDArTAG005019	A/G	7A	72204712
TaDArTAG008753	G/A	7A	79190103
TaDArTAG007153	A/G	7A	83423850
TaDArTAG000470	A/G	7A	83943982
TaDArTAG005125	A/G	7A	84068220
TaDArTAG005134	A/G	7A	86576192
TaDArTAG005142	A/G	7A	93351273
TaDArTAG005143	A/G	7A	93688011
TaDArTAG000457	G/A	7A	96768288
TaDArTAG005154	A/G	7A	102857894
TaDArTAG004698	A/G	7A	103791808
TaDArTAG004699	A/G	7A	104383251
TaDArTAG007055	A/G	7A	112538145
TaDArTAG007056	A/G	7A	112545938
TaDArTAG009659	A/G	7A	117128002
TaDArTAG000114	A/G	7A	118889259
TaDArTAG004709	A/G	7A	119074075
TaDArTAG004711	A/G	7A	119681711
TaDArTAG007329	A/G	7A	120294962
TaDArTAG007330	A/G	7A	120298267
TaDArTAG007802	A/G	7A	123822770
TaDArTAG004720	A/G	7A	130680243
TaDArTAG007803	A/G	7A	159727251
TaDArTAG007804	A/G	7A	164695450
TaDArTAG007065	A/G	7A	167643830
TaDArTAG007806	A/G	7A	179946042
TaDArTAG007807	A/G	7A	193484375
TaDArTAG007808	A/G	7A	204929111
TaDArTAG009662	A/G	7A	209123345
TaDArTAG007075	A/G	7A	213039292
TaDArTAG004766	A/G	7A	222221260
TaDArTAG007809	A/G	7A	231363884
TaDArTAG009664	G/A	7A	236402258
TaDArTAG007081	A/G	7A	236983329
TaDArTAG004775	A/G	7A	242534766
TaDArTAG007810	A/G	7A	249019614
TaDArTAG004779	A/G	7A	250781657
TaDArTAG007811	A/G	7A	267016511
TaDArTAG004794	A/G	7A	267724232
TaDArTAG007083	A/G	7A	271182418
TaDArTAG007084	A/G	7A	272104694
TaDArTAG009666	G/A	7A	280052980
TaDArTAG007812	A/G	7A	285854018
TaDArTAG009820	G/A	7A	288992430
TaDArTAG004800	A/G	7A	292319044
TaDArTAG004801	A/G	7A	292490352
TaDArTAG004807	A/G	7A	304738767
TaDArTAG004812	A/G	7A	314004996
TaDArTAG004813	A/G	7A	325236710
TaDArTAG007813	A/G	7A	336560634
TaDArTAG007814	A/G	7A	343950849
TaDArTAG004820	A/G	7A	347766598
TaDArTAG007815	A/G	7A	348238507
TaDArTAG004823	A/G	7A	357571224
TaDArTAG004825	A/G	7A	358223206
TaDArTAG004832	A/G	7A	372394810
TaDArTAG004840	A/G	7A	390063678
TaDArTAG007816	A/G	7A	393381701
TaDArTAG004848	A/G	7A	404358201
TaDArTAG004854	A/G	7A	409471165
TaDArTAG004858	A/G	7A	416021663
TaDArTAG009669	A/G	7A	417588586
TaDArTAG004866	A/G	7A	428221483
TaDArTAG007817	A/G	7A	448350932
TaDArTAG004876	A/G	7A	453702138
TaDArTAG009670	A/G	7A	456120525
TaDArTAG007818	A/G	7A	488636365
TaDArTAG009671	A/G	7A	490445776
TaDArTAG000606	A/G	7A	491481038
TaDArTAG007819	A/G	7A	491863177
TaDArTAG009672	A/G	7A	495078842
TaDArTAG007102	A/G	7A	501018536
TaDArTAG009673	A/G	7A	505823381
TaDArTAG007820	A/G	7A	506918082
TaDArTAG009674	A/G	7A	510637091
TaDArTAG007106	A/G	7A	515614411
TaDArTAG004893	A/G	7A	517516556
TaDArTAG004897	A/G	7A	520596124
TaDArTAG004900	A/G	7A	533475892
TaDArTAG007822	G/A	7A	535209486
TaDArTAG004904	A/G	7A	540979507
TaDArTAG004907	A/G	7A	542312640
TaDArTAG000097	A/G	7A	545412846
TaDArTAG007110	A/G	7A	550005634
TaDArTAG007113	A/G	7A	557314582
TaDArTAG007114	A/G	7A	557920245
TaDArTAG007823	A/G	7A	560084382
TaDArTAG000078	A/G	7A	561460407
TaDArTAG007824	A/G	7A	566217372
TaDArTAG007331	A/G	7A	570920281
TaDArTAG004912	A/G	7A	570920463
TaDArTAG004915	A/G	7A	576970067
TaDArTAG004917	A/G	7A	579122124
TaDArTAG004919	A/G	7A	583561368
TaDArTAG004923	A/G	7A	590025783
TaDArTAG004924	A/G	7A	590188090
TaDArTAG009677	A/G	7A	593283555
TaDArTAG004928	A/G	7A	595974827
TaDArTAG009678	A/G	7A	600113088
TaDArTAG007193	A/G	7A	600480401
TaDArTAG004933	A/G	7A	608597257
TaDArTAG004936	A/G	7A	610670341
TaDArTAG007117	A/G	7A	613921693
TaDArTAG004941	A/G	7A	615591318
TaDArTAG007334	A/G	7A	619055839
TaDArTAG004945	A/G	7A	620875167
TaDArTAG009840	G/A	7A	627454202
TaDArTAG004953	A/G	7A	628687108
TaDArTAG009842	A/G	7A	629635483
TaDArTAG007825	A/G	7A	629737864
TaDArTAG009843	A/G	7A	635623097
TaDArTAG004961	A/G	7A	639031257
TaDArTAG004965	A/G	7A	644271442
TaDArTAG007123	G/A	7A	645618651
TaDArTAG009685	A/G	7A	646919751
TaDArTAG009686	G/A	7A	648776034
TaDArTAG007826	A/G	7A	650089248
TaDArTAG004969	A/G	7A	650977207
TaDArTAG004971	A/G	7A	656396333
TaDArTAG004972	A/G	7A	656641850
TaDArTAG007827	A/G	7A	663440550
TaDArTAG004977	A/G	7A	667805058
TaDArTAG004982	A/G	7A	670687476
TaDArTAG004991	A/G	7A	674012938
TaDArTAG009688	A/G	7A	676010762
TaDArTAG009690	A/G	7A	680690181
TaDArTAG007128	A/G	7A	684589153
TaDArTAG005020	A/G	7A	695991450
TaDArTAG007131	A/G	7A	697584874
TaDArTAG009747	G/A	7A	698717767
TaDArTAG007359	A/G	7A	699193342
TaDArTAG005052	A/G	7A	706961547
TaDArTAG007828	A/G	7A	710645730
TaDArTAG005061	A/G	7A	710904330
TaDArTAG000094	A/G	7A	713461108
TaDArTAG000455	A/G	7A	714726592
TaDArTAG007136	A/G	7A	717566892
TaDArTAG000456	A/G	7A	717929420
TaDArTAG007140	A/G	7A	720397079
TaDArTAG005079	A/G	7A	723667075
TaDArTAG007829	A/G	7A	725720648
TaDArTAG005090	A/G	7A	728471607
TaDArTAG009752	G/A	7A	729531831
TaDArTAG000194	A/G	7A	735889276
TaDArTAG000080	A/G	7A	735889515
TaDArTAG009694	A/G	7A	742239496
TaDArTAG007149	G/A	7A	744308746
TaDArTAG009205	A/G	7B	1267753
TaDArTAG009697	G/A	7B	1341031
TaDArTAG007178	A/G	7B	3667951
TaDArTAG007182	A/G	7B	4017564
TaDArTAG007203	A/G	7B	6711299
TaDArTAG005417	A/G	7B	7112168
TaDArTAG005179	G/A	7B	13814714
TaDArTAG007163	A/G	7B	17091405
TaDArTAG007833	A/G	7B	19159383
TaDArTAG007318	A/G	7B	19604057
TaDArTAG007319	A/G	7B	19604280
TaDArTAG005207	A/G	7B	21595112
TaDArTAG007835	A/G	7B	23782050
TaDArTAG007840	A/G	7B	30795886
TaDArTAG005225	A/G	7B	36304139
TaDArTAG005226	A/G	7B	36550046
TaDArTAG009701	A/G	7B	37557156
TaDArTAG009792	A/G	7B	38695900
TaDArTAG005229	A/G	7B	38839008
TaDArTAG005231	A/G	7B	39259417
TaDArTAG005236	A/G	7B	42772164
TaDArTAG009703	A/G	7B	43996298
TaDArTAG005239	A/G	7B	45715574
TaDArTAG000610	A/G	7B	47342857
TaDArTAG005241	A/G	7B	47510714
TaDArTAG009704	A/G	7B	51211535
TaDArTAG005273	A/G	7B	56716087
TaDArTAG005274	A/G	7B	56719185
TaDArTAG009656	A/G	7B	57124556
TaDArTAG000337	A/G	7B	57371573
TaDArTAG005291	A/G	7B	58768921
TaDArTAG007196	A/G	7B	60919037
TaDArTAG009706	A/G	7B	65634260
TaDArTAG005365	A/G	7B	67377867
TaDArTAG005434	A/G	7B	71988676
TaDArTAG005453	A/G	7B	73160708
TaDArTAG005470	A/G	7B	73904772
TaDArTAG000339	A/G	7B	75937556
TaDArTAG000342	A/G	7B	76924878
TaDArTAG005511	A/G	7B	81781563
TaDArTAG005512	A/G	7B	82011640
TaDArTAG005513	A/G	7B	84330240
TaDArTAG009708	A/G	7B	88875698
TaDArTAG000450	G/A	7B	94281724
TaDArTAG005515	A/G	7B	98309982
TaDArTAG005157	A/G	7B	107325225
TaDArTAG005158	A/G	7B	108895006
TaDArTAG005161	A/G	7B	116509662
TaDArTAG007830	A/G	7B	118281133
TaDArTAG005163	A/G	7B	118302111
TaDArTAG005170	A/G	7B	126605944
TaDArTAG000335	A/G	7B	127386390
TaDArTAG000336	G/A	7B	127386597
TaDArTAG005172	A/G	7B	128602594
TaDArTAG009660	A/G	7B	129382876
TaDArTAG000472	A/G	7B	129614321
TaDArTAG009711	A/G	7B	131119657
TaDArTAG007161	G/A	7B	136429858
TaDArTAG005182	A/G	7B	137458715
TaDArTAG005184	A/G	7B	141571069
TaDArTAG006703	A/G	7B	142618323
TaDArTAG007831	A/G	7B	143831872
TaDArTAG005187	A/G	7B	148732691
TaDArTAG005188	A/G	7B	151951494
TaDArTAG007832	A/G	7B	156156379
TaDArTAG005213	A/G	7B	160188203
TaDArTAG007844	A/G	7B	165983460
TaDArTAG005219	A/G	7B	167563057
TaDArTAG009712	A/G	7B	170366368
TaDArTAG007164	A/G	7B	172585009
TaDArTAG005194	A/G	7B	173513036
TaDArTAG009713	A/G	7B	178918482
TaDArTAG005197	A/G	7B	179978337
TaDArTAG005198	A/G	7B	181672009
TaDArTAG007168	G/A	7B	187441167
TaDArTAG007169	G/A	7B	191967125
TaDArTAG005200	A/G	7B	194609285
TaDArTAG007171	A/G	7B	196508208
TaDArTAG005201	A/G	7B	197475279
TaDArTAG009715	A/G	7B	200350937
TaDArTAG005203	A/G	7B	201927264
TaDArTAG007078	G/A	7B	202177991
TaDArTAG000609	A/G	7B	203474369
TaDArTAG005205	A/G	7B	210019188
TaDArTAG009716	G/A	7B	212671683
TaDArTAG009718	A/G	7B	224010394
TaDArTAG007834	A/G	7B	228704083
TaDArTAG005208	A/G	7B	236888451
TaDArTAG007836	G/A	7B	244238890
TaDArTAG005209	A/G	7B	254293831
TaDArTAG007837	A/G	7B	258920057
TaDArTAG003561	A/G	7B	265599530
TaDArTAG009719	G/A	7B	278024880
TaDArTAG007172	A/G	7B	279537173
TaDArTAG007839	A/G	7B	291432755
TaDArTAG007174	G/A	7B	300218437
TaDArTAG005210	A/G	7B	318526500
TaDArTAG007842	G/A	7B	319847974
TaDArTAG007843	G/A	7B	338107538
TaDArTAG009721	G/A	7B	341438459
TaDArTAG007845	G/A	7B	348480895
TaDArTAG005227	A/G	7B	353158045
TaDArTAG009723	G/A	7B	358838676
TaDArTAG007846	A/G	7B	366678953
TaDArTAG007185	A/G	7B	388588492
TaDArTAG009725	A/G	7B	402502701
TaDArTAG007847	A/G	7B	406198030
TaDArTAG005237	A/G	7B	412711357
TaDArTAG007848	A/G	7B	415812394
TaDArTAG007186	G/A	7B	426425069
TaDArTAG007187	A/G	7B	431567839
TaDArTAG009726	G/A	7B	445643996
TaDArTAG005242	A/G	7B	455447509
TaDArTAG007849	A/G	7B	475268752
TaDArTAG007850	A/G	7B	483203781
TaDArTAG005252	A/G	7B	484935190
TaDArTAG007821	A/G	7B	499305857
TaDArTAG005257	A/G	7B	499901386
TaDArTAG007852	A/G	7B	509502572
TaDArTAG000479	G/A	7B	511024421
TaDArTAG000480	A/G	7B	511210587
TaDArTAG007853	A/G	7B	516539292
TaDArTAG009730	A/G	7B	518315617
TaDArTAG007854	A/G	7B	521984063
TaDArTAG005258	A/G	7B	523416510
TaDArTAG005259	A/G	7B	528603750
TaDArTAG005260	A/G	7B	529076759
TaDArTAG005261	A/G	7B	530780955
TaDArTAG005263	A/G	7B	532492223
TaDArTAG007115	A/G	7B	542849381
TaDArTAG007192	A/G	7B	542851897
TaDArTAG009732	A/G	7B	544405284
TaDArTAG009733	A/G	7B	547590577
TaDArTAG005275	A/G	7B	550607797
TaDArTAG005281	A/G	7B	559044409
TaDArTAG005282	A/G	7B	559398511
TaDArTAG009735	A/G	7B	561221250
TaDArTAG005286	A/G	7B	564222107
TaDArTAG005289	A/G	7B	565863590
TaDArTAG009736	A/G	7B	567562152
TaDArTAG005293	A/G	7B	569749455
TaDArTAG009738	A/G	7B	572152003
TaDArTAG005297	A/G	7B	574766804
TaDArTAG005299	A/G	7B	574933123
TaDArTAG005300	A/G	7B	577085739
TaDArTAG007194	A/G	7B	579125439
TaDArTAG005303	A/G	7B	587273564
TaDArTAG005304	A/G	7B	588158793
TaDArTAG005305	A/G	7B	591585546
TaDArTAG009683	G/A	7B	594058414
TaDArTAG007855	A/G	7B	594423604
TaDArTAG005307	A/G	7B	597311002
TaDArTAG005308	G/A	7B	598729305
TaDArTAG007199	A/G	7B	602841881
TaDArTAG009741	A/G	7B	605761465
TaDArTAG005312	A/G	7B	608611012
TaDArTAG000338	A/G	7B	610148343
TaDArTAG007320	A/G	7B	610148343
TaDArTAG007201	A/G	7B	616702742
TaDArTAG005325	A/G	7B	621054902
TaDArTAG007856	A/G	7B	626098266
TaDArTAG009742	A/G	7B	631548294
TaDArTAG009743	A/G	7B	633084161
TaDArTAG005336	A/G	7B	634952712
TaDArTAG005338	A/G	7B	635020209
TaDArTAG005343	A/G	7B	636765287
TaDArTAG005344	A/G	7B	637829907
TaDArTAG005345	A/G	7B	642235595
TaDArTAG005348	A/G	7B	644503089
TaDArTAG005350	A/G	7B	646249344
TaDArTAG005354	A/G	7B	648297254
TaDArTAG005368	A/G	7B	653102190
TaDArTAG009745	A/G	7B	655001509
TaDArTAG005372	A/G	7B	656819557
TaDArTAG009746	A/G	7B	659135496
TaDArTAG005384	A/G	7B	661043024
TaDArTAG005385	A/G	7B	661825914
TaDArTAG005388	A/G	7B	663204815
TaDArTAG005397	A/G	7B	667223917
TaDArTAG007209	G/A	7B	672506558
TaDArTAG005401	A/G	7B	675262328
TaDArTAG005406	A/G	7B	677141190
TaDArTAG008980	A/G	7B	681305483
TaDArTAG005415	A/G	7B	684901072
TaDArTAG005419	A/G	7B	685325516
TaDArTAG005422	A/G	7B	687679131
TaDArTAG005429	G/A	7B	691314549
TaDArTAG007858	A/G	7B	695614841
TaDArTAG005433	A/G	7B	695975236
TaDArTAG007859	G/A	7B	701079934
TaDArTAG007213	A/G	7B	710879916
TaDArTAG007217	A/G	7B	713993538
TaDArTAG007220	A/G	7B	715675530
TaDArTAG007222	A/G	7B	716503322
TaDArTAG005458	A/G	7B	717756453
TaDArTAG005468	A/G	7B	721518743
TaDArTAG007227	A/G	7B	728045004
TaDArTAG007860	A/G	7B	731411168
TaDArTAG005491	A/G	7B	736812905
TaDArTAG007234	A/G	7B	741194204
TaDArTAG005497	A/G	7B	741197374
TaDArTAG000340	G/A	7B	745307434
TaDArTAG000341	A/G	7B	745307442
TaDArTAG007237	A/G	7B	751898031
TaDArTAG007861	A/G	7B	751898311
TaDArTAG000044	A/G	7B	752575650
TaDArTAG000611	A/G	7B	756070852
TaDArTAG007239	A/G	7B	763682337
TaDArTAG009757	A/G	7D	1331910
TaDArTAG007274	G/A	7D	4881142
TaDArTAG005579	A/G	7D	5734820
TaDArTAG000074	A/G	7D	6833196
TaDArTAG007293	A/G	7D	7803828
TaDArTAG007247	G/A	7D	11021638
TaDArTAG007248	G/A	7D	11327531
TaDArTAG006391	G/A	7D	13444883
TaDArTAG007253	A/G	7D	13850397
TaDArTAG006473	G/A	7D	17612630
TaDArTAG005535	A/G	7D	19477117
TaDArTAG005538	A/G	7D	22544494
TaDArTAG009771	G/A	7D	23394563
TaDArTAG005542	A/G	7D	26382641
TaDArTAG008808	A/G	7D	27214225
TaDArTAG006467	A/G	7D	27749178
TaDArTAG007867	A/G	7D	32831929
TaDArTAG000461	A/G	7D	41689636
TaDArTAG007272	A/G	7D	44183153
TaDArTAG009777	A/G	7D	47051376
TaDArTAG000042	A/G	7D	48951100
TaDArTAG000001	G/A	7D	48956190
TaDArTAG005565	A/G	7D	51233032
TaDArTAG009779	A/G	7D	54423281
TaDArTAG007281	G/A	7D	56564115
TaDArTAG009605	G/A	7D	59277595
TaDArTAG007284	G/A	7D	60231481
TaDArTAG009650	A/G	7D	62460580
TaDArTAG005605	A/G	7D	63637668
TaDArTAG009781	G/A	7D	65178277
TaDArTAG009699	A/G	7D	65685072
TaDArTAG005631	A/G	7D	73325004
TaDArTAG009785	G/A	7D	76138092
TaDArTAG009786	A/G	7D	78757054
TaDArTAG009790	A/G	7D	86651305
TaDArTAG009795	G/A	7D	96295950
TaDArTAG007245	A/G	7D	102500719
TaDArTAG009705	A/G	7D	103879295
TaDArTAG009658	A/G	7D	104873107
TaDArTAG007059	A/G	7D	107146794
TaDArTAG009799	G/A	7D	113430141
TaDArTAG005526	A/G	7D	114177379
TaDArTAG007862	A/G	7D	119812831
TaDArTAG009800	A/G	7D	123975700
TaDArTAG000091	A/G	7D	129138265
TaDArTAG009801	A/G	7D	130914152
TaDArTAG007254	A/G	7D	144723128
TaDArTAG009803	A/G	7D	151089968
TaDArTAG009805	A/G	7D	155564780
TaDArTAG005531	A/G	7D	156375793
TaDArTAG009806	G/A	7D	161705503
TaDArTAG009808	A/G	7D	166498233
TaDArTAG009809	A/G	7D	170418081
TaDArTAG007067	A/G	7D	175679582
TaDArTAG009810	G/A	7D	185230081
TaDArTAG007257	A/G	7D	188307238
TaDArTAG009720	A/G	7D	190757650
TaDArTAG009811	A/G	7D	197662336
TaDArTAG009813	G/A	7D	212350690
TaDArTAG009714	G/A	7D	216911421
TaDArTAG009814	G/A	7D	221218314
TaDArTAG004774	A/G	7D	222926308
TaDArTAG009815	G/A	7D	229136280
TaDArTAG009717	A/G	7D	233330888
TaDArTAG007863	A/G	7D	237980185
TaDArTAG009818	A/G	7D	243068939
TaDArTAG009665	G/A	7D	245322919
TaDArTAG007864	A/G	7D	251422584
TaDArTAG000612	G/A	7D	252641856
TaDArTAG007865	A/G	7D	254196462
TaDArTAG007866	A/G	7D	268358276
TaDArTAG005545	A/G	7D	295922193
TaDArTAG005547	A/G	7D	302793050
TaDArTAG005548	A/G	7D	313455834
TaDArTAG007868	A/G	7D	316974548
TaDArTAG007838	G/A	7D	320605907
TaDArTAG007841	G/A	7D	326103518
TaDArTAG007869	A/G	7D	353677299
TaDArTAG009823	A/G	7D	374976862
TaDArTAG007870	A/G	7D	380968789
TaDArTAG007184	G/A	7D	382196316
TaDArTAG007269	A/G	7D	388680071
TaDArTAG007871	A/G	7D	395643947
TaDArTAG007362	A/G	7D	396392331
TaDArTAG007872	A/G	7D	415302102
TaDArTAG005557	A/G	7D	421421883
TaDArTAG009825	G/A	7D	428886113
TaDArTAG007874	A/G	7D	431726437
TaDArTAG007273	A/G	7D	436924779
TaDArTAG005559	A/G	7D	451719359
TaDArTAG007875	G/A	7D	460548519
TaDArTAG005561	A/G	7D	460741608
TaDArTAG009829	G/A	7D	463203418
TaDArTAG000477	G/A	7D	464277766
TaDArTAG007876	A/G	7D	469697237
TaDArTAG009830	A/G	7D	479409848
TaDArTAG007877	A/G	7D	488167595
TaDArTAG009832	A/G	7D	498008168
TaDArTAG005566	A/G	7D	502935975
TaDArTAG009676	A/G	7D	513032168
TaDArTAG009833	A/G	7D	514096912
TaDArTAG009834	G/A	7D	517917154
TaDArTAG005569	A/G	7D	518996276
TaDArTAG009835	A/G	7D	521834034
TaDArTAG009737	A/G	7D	529542682
TaDArTAG009837	G/A	7D	529968005
TaDArTAG005573	A/G	7D	530877120
TaDArTAG005575	A/G	7D	531863229
TaDArTAG000453	A/G	7D	532746894
TaDArTAG009839	A/G	7D	538577529
TaDArTAG009684	A/G	7D	552785984
TaDArTAG005581	A/G	7D	552928495
TaDArTAG009846	A/G	7D	557122408
TaDArTAG009848	G/A	7D	559194150
TaDArTAG005585	A/G	7D	564939933
TaDArTAG007879	A/G	7D	570981083
TaDArTAG005587	A/G	7D	574291073
TaDArTAG005588	A/G	7D	575971336
TaDArTAG009853	A/G	7D	580641659
TaDArTAG007347	A/G	7D	584305070
TaDArTAG009854	G/A	7D	588726381
TaDArTAG009691	A/G	7D	589111519
TaDArTAG009855	A/G	7D	589297691
TaDArTAG007307	A/G	7D	590304615
TaDArTAG005590	A/G	7D	591279449
TaDArTAG005593	A/G	7D	593887232
TaDArTAG007129	G/A	7D	594265873
TaDArTAG007308	A/G	7D	594578840
TaDArTAG000190	A/G	7D	597541615
TaDArTAG005408	A/G	7D	598275538
TaDArTAG007880	A/G	7D	598872597
TaDArTAG000144	A/G	7D	599835696
TaDArTAG000143	A/G	7D	603298930
TaDArTAG005597	A/G	7D	603616732
TaDArTAG005598	A/G	7D	607937879
TaDArTAG009858	A/G	7D	616080881
TaDArTAG009861	A/G	7D	621494223
TaDArTAG005608	A/G	7D	623325904
TaDArTAG009862	G/A	7D	624645398
TaDArTAG005613	A/G	7D	629881738
TaDArTAG007310	A/G	7D	630540497
TaDArTAG005614	A/G	7D	633584233
TaDArTAG009868	A/G	7D	636011362
TaDArTAG009753	G/A	7D	636215052
TaDArTAG005625	A/G	7D	639085886
TaDArTAG007290	A/G	7D	639805815
TaDArTAG005622	A/G	7D	641077623
TaDArTAG000003	A/G	NA	1
TaDArTAG000010	A/G	NA	2
TaDArTAG000019	A/G	NA	3
TaDArTAG000027	A/G	NA	5
TaDArTAG000037	A/G	NA	6
TaDArTAG000049	A/G	NA	9
TaDArTAG000051	G/A	NA	10
TaDArTAG000052	A/G	NA	11
TaDArTAG000053	G/A	NA	12
TaDArTAG000057	A/G	NA	13
TaDArTAG000073	A/G	NA	15
TaDArTAG000083	A/G	NA	16
TaDArTAG000116	A/G	NA	19
TaDArTAG000117	A/G	NA	20
TaDArTAG000140	A/G	NA	21
TaDArTAG000141	A/G	NA	22
TaDArTAG000147	G/A	NA	23
TaDArTAG000154	A/G	NA	25
TaDArTAG000156	G/A	NA	27
TaDArTAG000166	A/G	NA	28
TaDArTAG000167	A/G	NA	29
TaDArTAG000177	A/G	NA	31
TaDArTAG000186	G/A	NA	33
TaDArTAG000192	G/A	NA	35
TaDArTAG000198	G/A	NA	36
TaDArTAG000216	G/A	NA	37
TaDArTAG000222	A/G	NA	38
TaDArTAG000289	A/G	NA	39
TaDArTAG000300	G/A	NA	40
TaDArTAG000302	A/G	NA	41
TaDArTAG000325	A/G	NA	42
TaDArTAG000343	G/A	NA	43
TaDArTAG000365	A/G	NA	44
TaDArTAG000377	A/G	NA	46
TaDArTAG000381	A/G	NA	47
TaDArTAG000382	A/G	NA	48
TaDArTAG000384	A/G	NA	49
TaDArTAG000399	G/A	NA	50
TaDArTAG000420	A/G	NA	52
TaDArTAG000444	G/A	NA	54
TaDArTAG000528	A/G	NA	58
TaDArTAG000531	A/G	NA	59
TaDArTAG000535	A/G	NA	60
TaDArTAG000551	A/G	NA	61
TaDArTAG000559	A/G	NA	62
TaDArTAG000562	A/G	NA	63
TaDArTAG000577	A/G	NA	64
TaDArTAG000603	A/G	NA	65
TaDArTAG000605	A/G	NA	66
TaDArTAG000613	A/G	NA	67
TaDArTAG000652	A/G	NA	68
TaDArTAG000816	A/G	NA	69
TaDArTAG000862	A/G	NA	70
TaDArTAG000895	A/G	NA	71
TaDArTAG000953	A/G	NA	72
TaDArTAG001018	A/G	NA	73
TaDArTAG001078	A/G	NA	74
TaDArTAG001124	A/G	NA	75
TaDArTAG001786	A/G	NA	76
TaDArTAG001814	A/G	NA	77
TaDArTAG002316	A/G	NA	78
TaDArTAG002317	A/G	NA	79
TaDArTAG002493	A/G	NA	80
TaDArTAG002497	A/G	NA	81
TaDArTAG002625	A/G	NA	82
TaDArTAG002629	A/G	NA	83
TaDArTAG002715	A/G	NA	84
TaDArTAG002717	A/G	NA	85
TaDArTAG002815	A/G	NA	86
TaDArTAG003100	A/G	NA	87
TaDArTAG003214	A/G	NA	88
TaDArTAG003223	A/G	NA	89
TaDArTAG003286	A/G	NA	90
TaDArTAG003458	A/G	NA	91
TaDArTAG003510	A/G	NA	92
TaDArTAG003593	A/G	NA	93
TaDArTAG003645	A/G	NA	94
TaDArTAG003710	A/G	NA	95
TaDArTAG003911	G/A	NA	96
TaDArTAG003934	A/G	NA	97
TaDArTAG003973	A/G	NA	98
TaDArTAG004095	A/G	NA	99
TaDArTAG004222	A/G	NA	100
TaDArTAG004269	A/G	NA	101
TaDArTAG004354	A/G	NA	102
TaDArTAG004397	A/G	NA	103
TaDArTAG004478	A/G	NA	104
TaDArTAG004481	A/G	NA	105
TaDArTAG004489	A/G	NA	106
TaDArTAG004518	A/G	NA	107
TaDArTAG004880	A/G	NA	108
TaDArTAG004902	A/G	NA	109
TaDArTAG004920	A/G	NA	110
TaDArTAG004927	A/G	NA	111
TaDArTAG005096	A/G	NA	112
TaDArTAG005285	A/G	NA	113
TaDArTAG005489	A/G	NA	114
TaDArTAG005552	A/G	NA	115
TaDArTAG005632	A/G	NA	117
TaDArTAG005653	A/G	NA	118
TaDArTAG005664	A/G	NA	119
TaDArTAG005670	A/G	NA	120
TaDArTAG005688	A/G	NA	121
TaDArTAG005696	A/G	NA	122
TaDArTAG005727	A/G	NA	124
TaDArTAG005799	A/G	NA	130
TaDArTAG005804	G/A	NA	131
TaDArTAG005805	A/G	NA	132
TaDArTAG005839	A/G	NA	137
TaDArTAG005858	A/G	NA	138
TaDArTAG005860	A/G	NA	139
TaDArTAG005885	G/A	NA	141
TaDArTAG005904	A/G	NA	143
TaDArTAG005926	A/G	NA	144
TaDArTAG005931	A/G	NA	145
TaDArTAG006010	G/A	NA	148
TaDArTAG006026	A/G	NA	149
TaDArTAG006041	A/G	NA	150
TaDArTAG006058	A/G	NA	151
TaDArTAG006115	A/G	NA	153
TaDArTAG006117	A/G	NA	154
TaDArTAG006130	A/G	NA	155
TaDArTAG006134	A/G	NA	156
TaDArTAG006150	G/A	NA	157
TaDArTAG006178	A/G	NA	159
TaDArTAG006180	A/G	NA	160
TaDArTAG006220	A/G	NA	163
TaDArTAG006223	A/G	NA	164
TaDArTAG006250	A/G	NA	165
TaDArTAG006290	A/G	NA	166
TaDArTAG006354	G/A	NA	169
TaDArTAG006365	A/G	NA	171
TaDArTAG006385	G/A	NA	174
TaDArTAG006397	A/G	NA	175
TaDArTAG006410	A/G	NA	177
TaDArTAG006421	A/G	NA	178
TaDArTAG006432	A/G	NA	180
TaDArTAG006441	A/G	NA	181
TaDArTAG006451	A/G	NA	182
TaDArTAG006452	A/G	NA	183
TaDArTAG006470	A/G	NA	184
TaDArTAG006483	A/G	NA	185
TaDArTAG006497	A/G	NA	187
TaDArTAG006511	A/G	NA	188
TaDArTAG006514	A/G	NA	189
TaDArTAG006522	A/G	NA	190
TaDArTAG006545	A/G	NA	191
TaDArTAG006551	A/G	NA	192
TaDArTAG006555	G/A	NA	193
TaDArTAG006557	G/A	NA	194
TaDArTAG006571	A/G	NA	196
TaDArTAG006619	A/G	NA	197
TaDArTAG006658	A/G	NA	199
TaDArTAG006730	A/G	NA	200
TaDArTAG006739	A/G	NA	201
TaDArTAG006747	A/G	NA	202
TaDArTAG006759	A/G	NA	205
TaDArTAG006766	A/G	NA	206
TaDArTAG006789	A/G	NA	207
TaDArTAG006803	G/A	NA	208
TaDArTAG006807	A/G	NA	210
TaDArTAG006814	G/A	NA	211
TaDArTAG006908	A/G	NA	213
TaDArTAG006934	A/G	NA	214
TaDArTAG006943	A/G	NA	215
TaDArTAG006977	A/G	NA	218
TaDArTAG007009	G/A	NA	220
TaDArTAG007036	A/G	NA	221
TaDArTAG007038	A/G	NA	222
TaDArTAG007070	A/G	NA	224
TaDArTAG007101	G/A	NA	225
TaDArTAG007103	A/G	NA	226
TaDArTAG007144	G/A	NA	227
TaDArTAG007179	A/G	NA	229
TaDArTAG007206	A/G	NA	232
TaDArTAG007232	A/G	NA	233
TaDArTAG007256	A/G	NA	234
TaDArTAG007259	G/A	NA	235
TaDArTAG007288	G/A	NA	236
TaDArTAG007563	A/G	NA	237
TaDArTAG007634	G/A	NA	238
TaDArTAG007667	A/G	NA	239
TaDArTAG007790	A/G	NA	240
TaDArTAG007805	A/G	NA	241
TaDArTAG007857	A/G	NA	242
TaDArTAG007905	A/G	NA	243
TaDArTAG007936	A/G	NA	244
TaDArTAG007952	G/A	NA	245
TaDArTAG007957	A/G	NA	246
TaDArTAG008024	A/G	NA	247
TaDArTAG008120	A/G	NA	248
TaDArTAG008160	A/G	NA	249
TaDArTAG008161	G/A	NA	250
TaDArTAG008172	A/G	NA	251
TaDArTAG008209	A/G	NA	252
TaDArTAG008235	A/G	NA	253
TaDArTAG008251	A/G	NA	254
TaDArTAG008310	A/G	NA	255
TaDArTAG008389	A/G	NA	256
TaDArTAG008415	A/G	NA	257
TaDArTAG008425	A/G	NA	258
TaDArTAG008449	A/G	NA	259
TaDArTAG008488	A/G	NA	260
TaDArTAG008517	A/G	NA	261
TaDArTAG008530	A/G	NA	262
TaDArTAG008556	A/G	NA	263
TaDArTAG008607	A/G	NA	264
TaDArTAG008636	G/A	NA	265
TaDArTAG008741	A/G	NA	266
TaDArTAG008794	A/G	NA	267
TaDArTAG008804	A/G	NA	268
TaDArTAG008854	A/G	NA	269
TaDArTAG008881	A/G	NA	270
TaDArTAG008895	A/G	NA	271
TaDArTAG008921	A/G	NA	272
TaDArTAG008931	A/G	NA	273
TaDArTAG008935	A/G	NA	274
TaDArTAG008955	A/G	NA	275
TaDArTAG009011	A/G	NA	276
TaDArTAG009156	A/G	NA	277
TaDArTAG009163	A/G	NA	278
TaDArTAG009170	A/G	NA	279
TaDArTAG009181	A/G	NA	280
TaDArTAG009184	A/G	NA	281
TaDArTAG009215	A/G	NA	282
TaDArTAG009235	G/A	NA	283
TaDArTAG009237	A/G	NA	284
TaDArTAG009245	G/A	NA	285
TaDArTAG009267	G/A	NA	286
TaDArTAG009295	A/G	NA	287
TaDArTAG009341	A/G	NA	288
TaDArTAG009359	G/A	NA	289
TaDArTAG009412	A/G	NA	290
TaDArTAG009500	A/G	NA	291
TaDArTAG009539	A/G	NA	292
TaDArTAG009597	A/G	NA	293
TaDArTAG009630	A/G	NA	294
TaDArTAG009636	A/G	NA	295
TaDArTAG009679	A/G	NA	296
TaDArTAG009681	A/G	NA	297
TaDArTAG009755	A/G	NA	298
